configuration_id,component_count,components,system_voltage_v,analysis_period_min,active_duration_min,sleep_duration_min,peak_duration_min,avg_active_current_ma,avg_sleep_current_ma,avg_peak_current_ma,calculated_energy_mwh,target_energy_mwh
1,1,nRF24L01+,3.3,360,188.0024,159.445,12.5526,11.3,0.0009,13.5,126.1717,121.248392
2,2,HC-SR04 + BME280,4.15,720,347.2815,368.1064,4.6121,7.5,0.0,0.0,434.101831,426.695672
3,3,DHT22 / AM2302 + Raspberry Pi Pico + INA219,3.3,120,35.2653,83.3712,1.3634,0.833333,0.433333,0.833333,10.997499,11.078606
4,4,SSD1306 OLED controller + HC-05 + BME280 + ESP32,3.3,720,176.3923,508.6626,34.9451,13.47,0.004535,60.0,984.504086,981.461388
5,3,Raspberry Pi Pico + HC-05 + INA219,3.3,120,16.1831,99.7186,4.0983,10.0,0.433333,0.0,33.832006,35.28113
6,1,MPU6050,3.3,1440,330.0537,1083.2732,26.6731,3.9,0.01,0.0,71.392315,72.271839
7,4,HC-05 + ESP32-S3 + Raspberry Pi Pico + BMP280,3.3,360,104.5561,240.4557,14.9882,30.425685,0.326775,88.759213,1009.823488,986.169481
8,3,DHT22 / AM2302 + ESP32-S3 + nRF24L01+,3.3,720,189.4414,520.1788,10.3798,35.166667,0.002633,123.666667,1311.260021,1334.113415
9,3,nRF24L01+ + ESP32-S3 + Raspberry Pi Pico,3.3,720,299.2809,395.3331,25.386,34.333333,0.435967,122.833333,2238.374425,2224.063548
10,4,MPU6050 + HC-SR04 + HC-SR501 + BMP280,3.3,30,12.5286,16.7647,0.7066,20.975685,0.002525,0.009213,63.150759,61.025269
11,1,nRF24L01+,3.3,360,127.6087,222.3255,10.0657,11.3,0.0009,13.5,86.793629,88.170779
12,3,HC-SR04 + MPU6050 + ESP32,3.3,60,16.4814,40.9583,2.5602,14.26,0.006047,80.0,79.619433,77.814799
13,4,ESP32 + Arduino Uno / ATmega328P + INA219 + nRF24L01+,3.3,30,14.4343,14.5692,0.9965,8.795,0.00226,63.375,41.829498,41.570702
14,3,nRF24L01+ + DHT22 / AM2302 + MPU6050,3.3,30,2.9858,25.9307,1.0835,5.9,0.003633,5.333333,3.875726,3.913473
15,3,SSD1306 OLED controller + Raspberry Pi Pico + HC-SR04,4.15,120,35.4463,82.2676,2.2861,5.0,0.436667,0.0,51.750365,51.312248
16,3,HC-SR501 + DS18B20 + INA219,4.15,30,3.4471,25.1101,1.4428,22.0,0.00025,0.5,15.966759,16.094421
17,2,BMP280 + DS18B20,4.15,720,344.3854,349.8066,25.808,0.50137,0.000425,0.768425,32.052778,31.454277
18,4,BME280 + HC-SR501 + ESP32-S3 + Arduino Uno / ATmega328P,3.3,120,19.356,98.8083,1.8357,39.175,0.00175,88.75,202.700391,203.664173
19,3,SSD1306 OLED controller + BMP280 + Raspberry Pi Pico,3.3,120,34.5181,81.718,3.7639,0.000913,0.4367,0.012283,5.901062,6.090106
20,3,BME280 + DS18B20 + ESP32-S3,3.3,120,8.7465,108.2895,2.9639,30.9,0.002583,118.833333,103.132007,104.854541
21,3,BME280 + DS18B20 + ESP32-S3,3.3,720,402.3476,296.7342,20.9182,30.9,0.002583,118.833333,2473.944356,2405.827458
22,1,DS18B20,5.0,360,22.5152,320.2308,17.2541,1.0,0.00075,1.5,4.053037,3.970713
23,2,ESP32 + HC-05,3.3,60,19.1933,37.9932,2.8135,26.94,0.00407,120.0,94.032454,92.17148
24,2,HC-SR04 + BME280,4.15,60,13.9418,44.4962,1.562,7.5,0.0,0.0,17.427221,17.213878
25,2,ESP32 + MPU6050,3.3,30,3.8141,25.3548,0.8311,13.89,0.00907,120.0,16.822791,16.259334
26,4,DHT22 / AM2302 + ESP32-S3 + HC-SR501 + HC-SR04,3.3,720,340.3844,375.7369,3.8787,43.55,0.00175,89.375,3482.295462,3447.521566
27,4,BME280 + Raspberry Pi Pico + Arduino Uno / ATmega328P + ESP32,3.3,60,29.6723,29.3763,0.9514,5.97,0.327035,60.0,53.643853,54.643317
28,4,HC-SR501 + Arduino Uno / ATmega328P + HC-SR04 + BME280,5.0,1440,202.3694,1234.397,3.2336,20.0,0.0,0.0,1349.129277,1316.059264
29,4,nRF24L01+ + ESP32-S3 + BME280 + SSD1306 OLED controller,3.3,60,20.1223,38.9299,0.9478,25.75,0.004475,92.125,133.240579,133.825192
30,4,MPU6050 + HC-SR501 + DHT22 / AM2302 + BME280,3.3,720,139.9344,546.3404,33.7253,17.85,0.0025,0.625,554.459961,539.288171
31,1,ESP32-S3,3.3,30,4.0292,25.7019,0.2689,91.7,0.007,355.0,25.581442,26.329159
32,4,ESP32 + Raspberry Pi Pico + HC-SR501 + nRF24L01+,3.3,720,420.8433,281.1301,18.0267,25.045,0.32726,63.375,2590.381904,2581.914314
33,4,Arduino Uno / ATmega328P + Raspberry Pi Pico + DHT22 / AM2302 + ESP32,3.3,1440,473.0133,916.9998,49.9869,6.595,0.327035,60.625,1418.971249,1384.382035
34,1,BMP280,3.3,60,29.5361,28.3177,2.1462,0.00274,0.0001,0.03685,0.008957,0.008719
35,4,MPU6050 + INA219 + ESP32-S3 + HC-SR501,3.3,1440,458.9586,933.3152,47.7262,40.15,0.00425,88.75,4986.708155,5120.092436
36,2,HC-SR04 + DHT22 / AM2302,4.15,1440,91.6887,1308.337,39.9743,8.75,0.0,1.25,132.714556,133.183233
37,4,INA219 + nRF24L01+ + ESP32-S3 + DS18B20,3.3,30,16.8949,11.8986,1.2065,26.0,0.002163,92.5,121.727729,118.164899
38,3,SSD1306 OLED controller + HC-05 + HC-SR501,3.3,30,15.1856,13.6192,1.1952,31.666667,0.003333,0.0,79.352105,75.944267
39,2,HC-SR04 + nRF24L01+,4.15,1440,549.6609,860.634,29.7052,13.15,0.00045,6.75,1050.788993,1032.36108
40,4,ESP32-S3 + INA219 + BME280 + HC-SR501,3.3,60,10.8099,46.9521,2.238,39.175,0.00175,88.75,136.880624,141.909381
41,4,HC-SR04 + ESP32-S3 + nRF24L01+ + ESP32,3.3,60,13.241,46.3273,0.4316,35.47,0.00401,152.125,123.43858,125.357649
42,4,Raspberry Pi Pico + DHT22 / AM2302 + HC-SR04 + INA219,3.3,30,1.8489,28.068,0.0831,4.375,0.325,0.625,4.583692,4.604976
43,4,MPU6050 + ESP32 + HC-SR04 + HC-SR501,3.3,720,235.7924,452.7074,31.5002,26.945,0.004535,60.0,1914.219488,1886.595079
44,2,ESP32 + HC-SR04,4.15,60,10.8126,48.4393,0.7482,19.44,0.00407,120.0,37.614404,38.79802
45,4,DHT22 / AM2302 + BME280 + ESP32 + Arduino Uno / ATmega328P,3.3,1440,732.0992,704.1596,3.7413,6.595,0.002035,60.625,1112.416925,1123.099318
46,1,HC-05,3.3,30,15.419,13.227,1.354,30.0,0.0,0.0,25.441328,24.876311
47,2,nRF24L01+ + HC-SR501,3.3,360,172.2413,185.3368,2.4219,38.15,0.00045,6.75,724.617988,720.966242
48,3,DHT22 / AM2302 + HC-SR04 + BME280,3.3,120,31.4159,84.7467,3.8374,5.833333,0.0,0.833333,44.11721,44.378379
49,1,Raspberry Pi Pico,3.3,120,33.5147,85.0899,1.3954,0.0,1.3,0.0,6.083927,5.897289
50,2,HC-SR04 + MPU6050,4.15,60,15.5223,42.4205,2.0572,9.45,0.005,0.0,22.755761,22.603545
51,4,BME280 + nRF24L01+ + SSD1306 OLED controller + HC-SR501,3.3,120,62.005,54.0795,3.9155,19.075,0.002725,3.375,263.143647,267.501244
52,3,nRF24L01+ + HC-SR04 + INA219,3.3,60,27.2515,32.1413,0.6072,8.766667,0.0003,4.5,51.453581,52.258676
53,3,nRF24L01+ + SSD1306 OLED controller + ESP32-S3,3.3,360,161.6917,196.7874,1.5209,34.333333,0.005967,122.833333,947.00158,917.227088
54,1,HC-05,3.3,30,17.3215,11.4771,1.2013,30.0,0.0,0.0,28.580515,29.444348
55,2,HC-05 + BME280,3.3,1440,272.6796,1124.8349,42.4855,15.0,0.0,0.0,449.921367,443.88216
56,4,Raspberry Pi Pico + BME280 + HC-SR501 + BMP280,3.3,360,110.2651,240.3276,9.4074,16.250685,0.325025,0.009213,411.418017,412.010735
57,4,Arduino Uno / ATmega328P + BMP280 + DS18B20 + INA219,4.15,1440,164.746,1268.9389,6.315,0.250685,0.000213,0.384213,14.642131,14.750001
58,1,HC-05,3.3,120,57.1052,58.8674,4.0274,30.0,0.0,0.0,94.223602,96.237107
59,3,BME280 + nRF24L01+ + INA219,3.3,720,160.5182,553.8077,5.674,3.766667,0.0003,4.5,104.002454,104.799932
60,2,ESP32-S3 + BME280,3.3,120,31.2991,84.3228,4.3781,45.85,0.0035,177.5,243.372198,239.752824
61,4,DS18B20 + HC-05 + nRF24L01+ + DHT22 / AM2302,3.3,360,160.1165,182.762,17.1215,11.2,0.000412,4.375,416.291338,420.904816
62,4,nRF24L01+ + SSD1306 OLED controller + DS18B20 + Arduino Uno / ATmega328P,4.15,360,153.8471,205.9315,0.2214,3.075,0.002913,3.75,108.764983,111.613649
63,3,BMP280 + HC-05 + DHT22 / AM2302,3.3,60,12.9636,44.2811,2.7553,10.834247,3.3e-05,0.845617,23.559081,23.689256
64,2,ESP32-S3 + HC-SR04,4.15,1440,768.3264,651.2322,20.4414,53.35,0.0035,177.5,5234.831526,5282.927668
65,1,ESP32-S3,3.3,360,149.8056,198.4922,11.7023,91.7,0.007,355.0,984.107288,999.068338
66,4,nRF24L01+ + SSD1306 OLED controller + ESP32 + HC-SR501,3.3,30,14.3167,15.386,0.2973,25.045,0.00476,63.375,83.044732,82.390769
67,2,INA219 + DS18B20,4.15,30,2.3524,26.7388,0.9089,0.5,0.000375,0.75,0.311312,0.30324
68,1,BME280,3.3,60,31.0305,28.7978,0.1717,0.0,0.0,0.0,0.0,0.0
69,4,nRF24L01+ + ESP32-S3 + SSD1306 OLED controller + HC-05,3.3,120,19.3176,99.9328,0.7495,33.25,0.004475,92.125,156.598113,156.290916
70,1,HC-SR501,3.3,720,285.4847,403.8746,30.6407,65.0,0.0,0.0,1020.607768,1008.474776
71,4,Raspberry Pi Pico + BME280 + HC-SR501 + ESP32,3.3,360,139.0856,219.9334,0.981,22.22,0.327035,60.0,708.679187,693.930951
72,4,INA219 + ESP32 + Arduino Uno / ATmega328P + SSD1306 OLED controller,3.3,60,6.0268,53.4226,0.5506,5.97,0.004535,60.0,15.236806,14.910814
73,3,nRF24L01+ + HC-SR04 + MPU6050,3.3,1440,186.9432,1184.9431,68.1138,10.066667,0.003633,4.5,441.248276,438.2232
74,3,HC-SR501 + MPU6050 + BME280,3.3,360,204.2377,153.0904,2.6719,22.966667,0.003333,0.0,774.042938,772.012816
75,3,SSD1306 OLED controller + HC-SR04 + MPU6050,3.3,1440,292.2358,1125.8254,21.9387,6.3,0.006667,0.0,429.217784,421.958329
76,1,nRF24L01+,3.3,360,143.6566,208.9308,7.4126,11.3,0.0009,13.5,94.79675,93.216737
77,4,DS18B20 + Raspberry Pi Pico + HC-SR501 + SSD1306 OLED controller,4.15,60,18.6464,40.6768,0.6768,16.5,0.327688,0.375,89.151912,87.436467
78,2,DHT22 / AM2302 + HC-SR501,3.3,720,292.5876,403.9248,23.4876,33.75,0.0,1.25,1089.461005,1102.95226
79,1,nRF24L01+,3.3,120,34.4736,81.7703,3.7561,11.3,0.0009,13.5,24.218276,25.4765
80,3,SSD1306 OLED controller + HC-SR04 + BME280,3.3,1440,801.4773,602.2611,36.2616,5.0,0.003333,0.0,1002.177869,998.762295
81,2,Arduino Uno / ATmega328P + nRF24L01+,4.15,360,115.84,242.0745,2.0854,5.65,0.00045,6.75,73.554996,74.534139
82,4,nRF24L01+ + SSD1306 OLED controller + ESP32 + HC-05,3.3,120,17.4176,100.699,1.8834,16.295,0.00476,63.375,88.804676,85.551927
83,4,nRF24L01+ + ESP32 + MPU6050 + HC-05,3.3,720,273.9328,441.759,4.3082,17.27,0.00476,63.375,1101.310142,1036.012829
84,1,HC-SR04,5.0,1440,860.4079,524.0006,55.5916,15.0,0.0,0.0,1075.509828,1063.473318
85,4,HC-SR501 + nRF24L01+ + DS18B20 + ESP32-S3,3.3,120,19.7978,97.0517,3.1505,42.25,0.002162,92.5,248.876954,252.203572
86,1,HC-05,3.3,30,15.299,13.2173,1.4837,30.0,0.0,0.0,25.243384,24.753587
87,1,SSD1306 OLED controller,3.3,720,92.072,611.7912,16.1368,0.0,0.01,0.0,0.336485,0.333507
88,4,nRF24L01+ + BME280 + ESP32-S3 + Arduino Uno / ATmega328P,3.3,120,15.9444,102.97,1.0856,25.75,0.001975,92.125,112.371444,111.363328
89,4,Raspberry Pi Pico + Arduino Uno / ATmega328P + ESP32 + HC-SR501,4.15,1440,462.6857,971.258,6.0563,22.22,0.327035,60.0,2855.559295,2759.243099
90,3,HC-05 + SSD1306 OLED controller + nRF24L01+,3.3,360,150.7002,195.5675,13.7323,13.766667,0.003633,4.5,352.629047,354.063459
91,3,HC-05 + DHT22 / AM2302 + HC-SR501,3.3,1440,454.1974,930.4614,55.3412,32.5,0.0,0.833333,2443.243114,2542.686691
92,4,INA219 + DHT22 / AM2302 + BME280 + BMP280,3.3,1440,341.7479,1062.3373,35.9148,0.625685,2.5e-05,0.634212,52.05876,51.523834
93,3,ESP32-S3 + ESP32 + MPU6050,3.3,360,53.1463,300.7543,6.0994,39.826667,0.00838,198.333333,549.264383,557.387044
94,3,Arduino Uno / ATmega328P + ESP32 + DS18B20,5.0,120,26.2973,90.1118,3.5909,8.293333,0.002963,80.5,84.624563,84.509507
95,2,Arduino Uno / ATmega328P + Raspberry Pi Pico,5.0,360,212.3976,136.436,11.1664,0.0,0.65,0.0,14.780565,15.149473
96,3,SSD1306 OLED controller + HC-05 + DS18B20,3.3,720,417.4316,274.4162,28.1522,10.333333,0.003583,0.5,727.235287,711.641428
97,1,ESP32-S3,3.3,360,105.1376,244.9066,9.9559,91.7,0.007,355.0,724.743917,728.156712
98,3,INA219 + MPU6050 + ESP32-S3,3.3,60,27.2139,30.5362,2.25,31.866667,0.005667,118.333333,187.049341,185.463486
99,1,ESP32-S3,3.3,60,28.6523,29.8786,1.4691,91.7,0.007,355.0,173.203658,176.018568
100,1,SSD1306 OLED controller,3.3,120,70.5425,46.988,2.4695,0.0,0.01,0.0,0.025843,0.025545
101,3,ESP32-S3 + HC-SR501 + Arduino Uno / ATmega328P,4.15,60,30.1452,29.7438,0.1109,52.233333,0.002333,118.333333,289.742523,279.974739
102,4,nRF24L01+ + ESP32 + MPU6050 + ESP32-S3,3.3,720,342.3934,346.4502,31.1564,32.695,0.00651,152.125,3506.025616,3416.086618
103,2,MPU6050 + nRF24L01+,3.3,1440,564.543,813.6719,61.785,7.6,0.00545,6.75,518.321154,518.653995
104,1,BME280,3.3,360,152.1029,207.3642,0.5329,0.0,0.0,0.0,0.0,0.0
105,3,HC-SR501 + HC-05 + nRF24L01+,3.3,120,28.9701,85.9099,5.1201,35.433333,0.0003,4.5,173.17944,171.775754
106,4,BMP280 + HC-SR04 + MPU6050 + HC-SR501,3.3,1440,220.5742,1213.3194,6.1064,20.975685,0.002525,0.009213,1112.303277,1123.971502
107,2,HC-05 + BMP280,3.3,360,76.6797,275.9774,7.343,15.00137,5e-05,0.018425,126.54944,126.190031
108,4,ESP32-S3 + HC-SR04 + Raspberry Pi Pico + BME280,3.3,360,95.6891,247.8355,16.4754,26.675,0.32675,88.75,941.716635,976.519186
109,2,BME280 + ESP32-S3,3.3,30,4.8327,25.1408,0.0265,45.85,0.0035,177.5,24.900645,24.467848
110,1,BME280,3.3,360,85.9719,266.4612,7.5669,0.0,0.0,0.0,0.0,0.0
111,4,DS18B20 + HC-SR04 + BME280 + BMP280,4.15,120,27.4726,87.073,5.4544,4.000685,0.000213,0.384213,37.333075,36.942781
112,1,BME280,3.3,720,269.9349,426.5412,23.5238,0.0,0.0,0.0,0.0,0.0
113,4,BME280 + DHT22 / AM2302 + Arduino Uno / ATmega328P + Raspberry Pi Pico,3.3,30,10.7646,18.0475,1.188,0.625,0.325,0.625,2.933867,2.924073
114,2,HC-SR501 + BMP280,3.3,120,71.6503,44.3021,4.0476,32.50137,5e-05,0.018425,256.169122,253.938363
115,2,Raspberry Pi Pico + BME280,3.3,60,24.5464,32.5875,2.866,0.0,0.65,0.0,2.330008,2.344644
116,1,BME280,3.3,120,8.3656,105.8757,5.7586,0.0,0.0,0.0,0.0,0.0
117,2,BME280 + ESP32,3.3,360,108.1133,242.5971,9.2896,11.94,0.00407,120.0,264.727124,270.619769
118,1,ESP32,3.3,30,3.3414,26.0818,0.5768,23.88,0.00814,240.0,12.013466,12.265551
119,4,Raspberry Pi Pico + HC-SR501 + BME280 + MPU6050,3.3,60,3.0548,56.609,0.3362,17.225,0.3275,0.0,15.654855,15.330775
120,2,ESP32 + Raspberry Pi Pico,3.3,360,114.9214,239.0829,5.9957,11.94,0.65407,120.0,247.282401,250.673875
121,3,SSD1306 OLED controller + HC-05 + BMP280,3.3,60,11.0019,47.5585,1.4396,10.000913,0.003367,0.012283,18.184186,17.848547
122,2,DHT22 / AM2302 + Arduino Uno / ATmega328P,4.15,60,33.7027,26.1516,0.1457,1.25,0.0,1.25,4.654155,4.549945
123,4,Raspberry Pi Pico + INA219 + DS18B20 + HC-SR501,4.15,30,1.6528,28.0647,0.2825,16.5,0.325188,0.375,10.128936,10.292419
124,4,BME280 + DS18B20 + ESP32-S3 + SSD1306 OLED controller,3.3,360,134.8587,209.8515,15.2898,23.175,0.004438,89.125,992.05261,994.017565
125,2,nRF24L01+ + HC-SR04,4.15,120,57.0139,57.8532,5.1329,13.15,0.00045,6.75,110.515532,110.540843
126,1,Arduino Uno / ATmega328P,5.0,1440,431.9303,964.6232,43.4466,0.0,0.0,0.0,0.0,0.0
127,1,MPU6050,3.3,720,162.0861,529.1423,28.7717,3.9,0.01,0.0,35.058486,35.368786
128,4,BMP280 + Raspberry Pi Pico + Arduino Uno / ATmega328P + HC-SR04,5.0,30,1.9923,27.488,0.5197,3.750685,0.325025,0.009213,5.469714,5.478862
129,3,Raspberry Pi Pico + DS18B20 + HC-05,4.15,60,13.4661,43.8639,2.6701,10.333333,0.433583,0.5,27.621755,28.367887
130,3,nRF24L01+ + ESP32-S3 + Arduino Uno / ATmega328P,3.3,720,104.4858,597.2517,18.2625,34.333333,0.002633,122.833333,962.30753,937.236491
131,2,INA219 + ESP32,3.3,360,133.7585,223.9571,2.2844,11.94,0.00407,120.0,205.932475,206.957143
132,4,MPU6050 + HC-SR501 + nRF24L01+ + ESP32-S3,3.3,60,4.6671,53.5491,1.7837,42.975,0.004475,92.125,80.329486,81.150809
133,2,DS18B20 + BME280,4.15,60,22.6586,36.6476,0.6938,0.5,0.000375,0.75,1.977234,2.0178
134,1,SSD1306 OLED controller,3.3,60,23.1554,35.184,1.6606,0.0,0.01,0.0,0.019351,0.019485
135,4,nRF24L01+ + BMP280 + HC-SR501 + HC-05,3.3,720,202.0319,499.4431,18.525,26.575685,0.00025,3.384212,1195.029568,1190.199659
136,4,ESP32 + MPU6050 + HC-SR04 + HC-05,3.3,30,16.1793,13.2282,0.5925,18.195,0.004535,60.0,79.474801,79.862804
137,2,Raspberry Pi Pico + MPU6050,3.3,60,9.5849,47.8382,2.5769,1.95,0.655,0.0,5.502698,5.537716
138,1,Arduino Uno / ATmega328P,5.0,60,18.5034,39.2961,2.2005,0.0,0.0,0.0,0.0,0.0
139,3,HC-SR04 + MPU6050 + DHT22 / AM2302,3.3,360,173.0261,176.7151,10.2588,7.133333,0.003333,0.833333,278.695601,272.40945
140,3,HC-05 + SSD1306 OLED controller + BME280,3.3,720,75.5455,637.0962,7.3583,10.0,0.003333,0.0,125.000545,129.594032
141,2,ESP32 + Arduino Uno / ATmega328P,4.15,1440,641.6955,734.3994,63.9051,11.94,0.00407,120.0,1686.679258,1691.100308
142,2,DHT22 / AM2302 + HC-SR501,3.3,360,133.0359,219.5996,7.3645,33.75,0.0,1.25,494.908385,504.499689
143,3,HC-SR04 + BME280 + SSD1306 OLED controller,3.3,120,32.0111,87.2023,0.7867,5.0,0.003333,0.0,40.061787,40.33147
144,2,HC-05 + DHT22 / AM2302,3.3,120,69.0233,49.5151,1.4616,16.25,0.0,1.25,123.580105,120.015316
145,2,HC-05 + HC-SR501,3.3,120,19.3378,99.5476,1.1146,47.5,0.0,0.0,101.040082,100.217729
146,2,HC-SR04 + ESP32,4.15,60,4.4907,54.0648,1.4445,19.44,0.00407,120.0,30.602755,31.046056
147,1,DS18B20,5.0,720,79.8341,631.0782,9.0877,1.0,0.00075,1.5,7.828244,7.793648
148,2,nRF24L01+ + DHT22 / AM2302,3.3,1440,786.1003,583.0107,70.8889,6.9,0.00045,8.0,659.06129,644.415566
149,2,HC-SR501 + INA219,3.3,120,26.0948,90.5878,3.3174,32.5,0.0,0.0,93.288877,88.621262
150,1,SSD1306 OLED controller,3.3,1440,560.4709,840.4789,39.0502,0.0,0.01,0.0,0.462263,0.458488
151,1,Arduino Uno / ATmega328P,5.0,120,62.2276,54.267,3.5054,0.0,0.0,0.0,0.0,0.0
152,1,nRF24L01+,3.3,60,15.2513,43.5341,1.2146,11.3,0.0009,13.5,10.382675,10.403971
153,1,nRF24L01+,3.3,30,17.0354,12.7836,0.181,11.3,0.0009,13.5,10.722508,10.674164
154,1,HC-05,3.3,30,5.8649,22.8654,1.2697,30.0,0.0,0.0,9.677096,9.5316
155,3,ESP32 + BMP280 + MPU6050,3.3,1440,746.257,630.7735,62.9694,9.260913,0.00608,80.012283,1972.275224,1934.292423
156,3,HC-SR04 + HC-05 + BMP280,3.3,60,8.3214,48.8586,2.8201,15.000913,3.3e-05,0.012283,24.139252,24.196813
157,1,nRF24L01+,3.3,60,19.1901,39.2207,1.5892,11.3,0.0009,13.5,13.108573,13.217057
158,3,BMP280 + MPU6050 + HC-05,3.3,30,17.2121,12.0648,0.723,11.300913,0.003367,0.012283,32.10276,33.160478
159,1,Raspberry Pi Pico,3.3,120,19.7093,98.7716,1.5191,0.0,1.3,0.0,7.062166,7.194976
160,3,ESP32-S3 + DHT22 / AM2302 + Raspberry Pi Pico,3.3,60,23.0683,35.5367,1.395,31.4,0.435667,119.166667,149.501252,150.366443
161,3,BMP280 + DS18B20 + Raspberry Pi Pico,4.15,30,13.7366,15.5602,0.7031,0.334247,0.433617,0.512283,2.636289,2.660109
162,4,MPU6050 + nRF24L01+ + DS18B20 + INA219,3.3,120,58.4342,57.8296,3.7363,4.05,0.002913,3.75,56.999957,56.997768
163,3,Arduino Uno / ATmega328P + nRF24L01+ + HC-05,3.3,360,144.5247,215.4337,0.0416,13.766667,0.0003,4.5,328.329383,319.367687
164,2,Arduino Uno / ATmega328P + DHT22 / AM2302,4.15,30,9.0613,20.7451,0.1935,1.25,0.0,1.25,1.272544,1.265347
165,4,MPU6050 + HC-SR04 + BMP280 + Raspberry Pi Pico,3.3,120,36.4326,79.6077,3.9597,4.725685,0.327525,0.009213,59.105178,57.430324
166,3,ESP32 + BMP280 + DS18B20,3.3,120,17.6975,98.2339,4.0686,8.294247,0.002997,80.512283,78.993941,79.585426
167,3,BMP280 + INA219 + ESP32,3.3,720,428.7559,272.1132,19.1309,7.960913,0.002747,80.012283,815.882493,808.004492
168,3,Raspberry Pi Pico + DHT22 / AM2302 + MPU6050,3.3,120,54.7417,62.8395,2.4188,2.133333,0.436667,0.833333,24.129254,24.299472
169,1,HC-05,3.3,360,197.6031,154.8495,7.5474,30.0,0.0,0.0,326.045103,325.658527
170,3,HC-05 + MPU6050 + DHT22 / AM2302,3.3,120,14.3033,105.1464,0.5503,12.133333,0.003333,0.833333,28.768635,29.154181
171,1,DS18B20,5.0,720,43.8275,664.4168,11.7557,1.0,0.00075,1.5,5.16328,5.31222
172,3,Raspberry Pi Pico + HC-05 + BME280,3.3,60,25.039,34.5729,0.3881,10.0,0.433333,0.0,43.786348,43.54653
173,4,ESP32-S3 + Arduino Uno / ATmega328P + DHT22 / AM2302 + INA219,3.3,720,250.6633,444.0866,25.2501,23.55,0.00175,89.375,1795.33721,1782.251419
174,1,HC-SR501,3.3,360,68.5112,280.2302,11.2586,65.0,0.0,0.0,244.927441,250.049032
175,3,SSD1306 OLED controller + MPU6050 + HC-SR04,3.3,360,97.2122,247.0359,15.7519,6.3,0.006667,0.0,142.638957,145.452186
176,1,MPU6050,3.3,120,67.7719,47.1042,5.1239,3.9,0.01,0.0,14.562974,14.284882
177,4,DS18B20 + BMP280 + BME280 + INA219,3.3,720,397.418,289.3225,33.2595,0.250685,0.000213,0.384213,37.422579,36.70734
178,1,BME280,3.3,1440,662.0333,722.9107,55.056,0.0,0.0,0.0,0.0,0.0
179,1,HC-SR04,5.0,360,65.5648,282.8285,11.6067,15.0,0.0,0.0,81.956003,82.629963
180,2,Arduino Uno / ATmega328P + DHT22 / AM2302,4.15,360,99.1765,256.8841,3.9394,1.25,0.0,1.25,14.178441,14.049
181,2,HC-SR501 + SSD1306 OLED controller,3.3,120,28.1846,87.0304,4.7851,32.5,0.005,0.0,100.807733,103.72133
182,1,Arduino Uno / ATmega328P,5.0,30,14.2765,15.5499,0.1736,0.0,0.0,0.0,0.0,0.0
183,2,DHT22 / AM2302 + INA219,3.3,1440,406.8579,988.526,44.6161,1.25,0.0,1.25,62.077675,61.349398
184,1,DHT22 / AM2302,3.3,1440,127.1554,1302.9088,9.9358,2.5,0.0,2.5,18.850041,19.013129
185,1,DHT22 / AM2302,3.3,120,49.7879,69.541,0.6711,2.5,0.0,2.5,6.93811,6.723913
186,4,BME280 + BMP280 + Raspberry Pi Pico + INA219,3.3,360,153.8603,194.3914,11.7484,0.000685,0.325025,0.009213,13.947051,13.76405
187,1,BME280,3.3,30,3.0708,25.8375,1.0918,0.0,0.0,0.0,0.0,0.0
188,3,BME280 + DHT22 / AM2302 + INA219,3.3,120,9.3937,106.5727,4.0336,0.833333,0.0,0.833333,1.846247,1.805728
189,2,nRF24L01+ + HC-05,3.3,1440,401.9995,1014.8492,23.1513,20.65,0.00045,6.75,930.381864,958.058832
190,4,HC-05 + HC-SR04 + Raspberry Pi Pico + HC-SR501,4.15,30,16.0046,13.8512,0.1441,27.5,0.325,0.0,119.613068,118.748814
191,2,DHT22 / AM2302 + HC-SR04,4.15,360,18.1027,334.0436,7.8537,8.75,0.0,1.25,26.197396,26.073833
192,1,ESP32-S3,3.3,30,12.2623,16.5031,1.2347,91.7,0.007,355.0,85.958355,85.78911
193,1,Raspberry Pi Pico,3.3,30,15.0816,14.11,0.8084,0.0,1.3,0.0,1.008867,0.995029
194,4,ESP32 + ESP32-S3 + BME280 + MPU6050,3.3,60,27.8269,30.6606,1.5125,29.87,0.006285,148.75,232.401518,232.419164
195,3,MPU6050 + BMP280 + DHT22 / AM2302,3.3,360,166.7952,191.0644,2.1404,2.134247,0.003367,0.845617,59.141817,59.701402
196,1,MPU6050,3.3,60,8.7864,48.7442,2.4693,3.9,0.01,0.0,1.9115,1.918536
197,3,SSD1306 OLED controller + nRF24L01+ + Raspberry Pi Pico,3.3,60,15.9663,41.4084,2.6253,3.766667,0.436967,4.5,14.857834,15.295532
198,2,BME280 + INA219,3.3,60,10.2863,47.7454,1.9682,0.0,0.0,0.0,0.0,0.0
199,2,HC-05 + ESP32,3.3,720,364.1046,330.3162,25.5792,26.94,0.00407,120.0,1416.780575,1405.113403
200,3,INA219 + BMP280 + ESP32,3.3,120,23.1722,94.3159,2.5119,7.960913,0.002747,80.012283,63.64324,63.535237
201,1,SSD1306 OLED controller,3.3,120,31.4344,86.9414,1.6242,0.0,0.01,0.0,0.047818,0.048217
202,3,Raspberry Pi Pico + BMP280 + DHT22 / AM2302,3.3,720,62.1674,657.7942,0.0384,0.834247,0.433367,0.845617,55.598647,54.068141
203,3,HC-05 + nRF24L01+ + DS18B20,3.3,1440,444.2051,961.5163,34.2786,14.1,0.00055,5.0,1075.873368,1070.350822
204,4,DHT22 / AM2302 + MPU6050 + Arduino Uno / ATmega328P + ESP32,3.3,60,25.4244,33.9333,0.6423,7.57,0.004535,60.625,50.942004,49.863785
205,2,ESP32-S3 + Raspberry Pi Pico,3.3,360,44.669,299.8459,15.4851,45.85,0.6535,177.5,549.188699,541.783302
206,1,MPU6050,3.3,120,9.6478,108.2079,2.1442,3.9,0.01,0.0,2.128978,2.141645
207,4,Raspberry Pi Pico + MPU6050 + HC-SR04 + SSD1306 OLED controller,3.3,720,78.5316,637.3167,4.1518,4.725,0.33,0.0,161.278676,154.021833
208,1,BMP280,3.3,30,15.5643,13.3043,1.1314,0.00274,0.0001,0.03685,0.004712,0.004833
209,3,BME280 + BMP280 + Raspberry Pi Pico,3.3,60,13.6899,43.4642,2.8459,0.000913,0.433367,0.012283,3.115757,3.150625
210,2,SSD1306 OLED controller + BME280,3.3,60,35.2949,23.2092,1.4959,0.0,0.005,0.0,0.012765,0.012787
211,4,HC-SR501 + HC-SR04 + HC-05 + DHT22 / AM2302,3.3,60,6.4084,50.9932,2.5984,28.125,0.0,0.625,42.732531,41.876776
212,1,HC-SR501,3.3,120,32.9722,84.4387,2.5891,65.0,0.0,0.0,117.87554,118.035819
213,2,SSD1306 OLED controller + BME280,3.3,720,166.3879,537.3744,16.2377,0.0,0.005,0.0,0.295556,0.304522
214,2,BMP280 + MPU6050,3.3,360,127.771,226.4561,5.7729,1.95137,0.00505,0.018425,27.563633,27.99059
215,1,MPU6050,3.3,360,50.8804,296.1036,13.016,3.9,0.01,0.0,11.076703,11.098283
216,1,SSD1306 OLED controller,3.3,60,21.5682,36.1652,2.2666,0.0,0.01,0.0,0.019891,0.019845
217,3,BME280 + INA219 + HC-05,3.3,30,2.3675,26.2142,1.4183,10.0,0.0,0.0,3.906381,3.877088
218,3,ESP32-S3 + INA219 + SSD1306 OLED controller,3.3,30,2.1359,26.8434,1.0206,30.566667,0.005667,118.333333,30.725493,30.948989
219,1,ESP32,3.3,120,62.2416,54.7799,2.9785,23.88,0.00814,240.0,121.088897,123.016241
220,3,MPU6050 + ESP32 + HC-SR501,3.3,60,31.9992,26.8816,1.1192,30.926667,0.006047,80.0,178.088734,181.024347
221,1,DHT22 / AM2302,3.3,720,342.8635,359.2592,17.8773,2.5,0.0,2.5,49.601858,49.857447
222,1,Arduino Uno / ATmega328P,5.0,1440,835.1553,543.2385,61.6062,0.0,0.0,0.0,0.0,0.0
223,4,HC-SR501 + INA219 + HC-SR04 + SSD1306 OLED controller,3.3,120,37.7964,78.8172,3.3864,20.0,0.0025,0.0,182.410952,173.360784
224,4,SSD1306 OLED controller + HC-SR501 + HC-SR04 + BMP280,3.3,120,13.8143,101.4172,4.7685,20.000685,0.002525,0.009213,66.722272,65.821369
225,1,DHT22 / AM2302,3.3,720,382.2364,336.9007,0.8629,2.5,0.0,2.5,52.676154,53.072325
226,2,BMP280 + HC-SR04,4.15,720,100.7031,595.237,24.0599,7.50137,5e-05,0.018425,125.946105,125.890064
227,4,HC-SR04 + HC-SR501 + ESP32 + ESP32-S3,3.3,1440,182.5819,1243.8479,13.5701,48.895,0.003785,148.75,2486.731834,2393.330745
228,1,Raspberry Pi Pico,3.3,30,17.1308,12.2617,0.6075,0.0,1.3,0.0,0.876714,0.883937
229,2,Arduino Uno / ATmega328P + INA219,4.15,360,190.539,158.0448,11.4162,0.0,0.0,0.0,0.0,0.0
230,3,BMP280 + MPU6050 + ESP32-S3,3.3,360,214.7215,128.0218,17.2567,31.86758,0.0057,118.345617,1466.131215,1475.715124
231,1,HC-05,3.3,360,196.7919,162.3961,0.8121,30.0,0.0,0.0,324.706556,328.35803
232,2,HC-05 + SSD1306 OLED controller,3.3,30,2.4871,26.2608,1.2521,15.0,0.005,0.0,4.118161,4.156557
233,3,BMP280 + ESP32 + INA219,3.3,720,212.2264,505.5014,2.2722,7.960913,0.002747,80.012283,308.997059,298.285928
234,2,DHT22 / AM2302 + BME280,3.3,60,12.4396,44.6673,2.8931,1.25,0.0,1.25,2.108244,2.164265
235,3,nRF24L01+ + HC-05 + ESP32-S3,3.3,30,15.3956,13.1894,1.4151,44.333333,0.002633,122.833333,141.304195,141.235529
236,4,nRF24L01+ + DHT22 / AM2302 + HC-SR501 + HC-05,3.3,1440,841.6686,547.583,50.7484,27.2,0.000225,4.0,5081.23071,4789.867356
237,2,SSD1306 OLED controller + BMP280,3.3,60,15.9197,43.811,0.2693,0.00137,0.00505,0.018425,0.027282,0.026689
238,2,HC-SR04 + nRF24L01+,4.15,120,67.4252,48.9015,3.6733,13.15,0.00045,6.75,128.916083,127.517194
239,2,SSD1306 OLED controller + Raspberry Pi Pico,3.3,60,10.2172,48.2355,1.5473,0.0,0.655,0.0,3.475367,3.515372
240,4,SSD1306 OLED controller + Arduino Uno / ATmega328P + HC-05 + ESP32,3.3,30,2.5449,27.1624,0.2927,13.47,0.004535,60.0,11.432176,11.591007
241,2,SSD1306 OLED controller + Arduino Uno / ATmega328P,4.15,360,57.9697,287.6198,14.4105,0.0,0.005,0.0,0.158191,0.165245
242,3,SSD1306 OLED controller + HC-SR501 + DS18B20,4.15,120,11.9782,106.6662,1.3556,22.0,0.003583,0.5,55.085036,56.181768
243,3,MPU6050 + nRF24L01+ + SSD1306 OLED controller,3.3,30,4.5163,25.0026,0.4811,5.066667,0.006967,4.5,4.161622,4.176713
244,3,Raspberry Pi Pico + BME280 + DS18B20,4.15,60,26.8229,32.6705,0.5066,0.333333,0.433583,0.5,5.238232,5.209848
245,4,Raspberry Pi Pico + ESP32-S3 + HC-SR501 + HC-05,3.3,30,8.705,19.8028,1.4922,46.675,0.32675,88.75,119.946595,116.954365
246,3,BMP280 + BME280 + INA219,3.3,30,11.2838,18.3743,0.342,0.000913,3.3e-05,0.012283,0.002495,0.002487
247,3,HC-SR501 + BME280 + ESP32,3.3,120,37.387,82.251,0.362,29.626667,0.002713,80.0,187.577818,189.49073
248,4,HC-05 + HC-SR501 + SSD1306 OLED controller + nRF24L01+,3.3,360,187.5333,161.1075,11.3592,26.575,0.002725,3.375,1104.944462,1144.398015
249,2,DS18B20 + nRF24L01+,4.15,1440,365.7626,1043.6316,30.6059,6.15,0.000825,7.5,284.469137,290.093395
250,4,DHT22 / AM2302 + ESP32 + nRF24L01+ + BMP280,3.3,60,27.5917,32.0148,0.3935,9.420685,0.002285,64.009213,62.742138,64.153892
251,2,HC-SR501 + ESP32-S3,3.3,60,11.9954,47.6725,0.3322,78.35,0.0035,177.5,109.885989,106.683609
252,4,BME280 + Arduino Uno / ATmega328P + DS18B20 + Raspberry Pi Pico,5.0,360,192.7995,153.5107,13.6898,0.25,0.325188,0.375,34.417772,34.953043
253,4,nRF24L01+ + Raspberry Pi Pico + MPU6050 + DS18B20,3.3,120,26.35,92.8864,0.7637,4.05,0.327912,3.75,31.589763,31.196445
254,2,HC-05 + nRF24L01+,3.3,30,9.4385,19.3882,1.1733,20.65,0.00045,6.75,22.311771,21.798562
255,1,SSD1306 OLED controller,3.3,60,30.0784,29.1994,0.7223,0.0,0.01,0.0,0.01606,0.016485
256,2,BME280 + Raspberry Pi Pico,3.3,120,31.876,86.6785,1.4456,0.0,0.65,0.0,6.197511,6.192165
257,1,DHT22 / AM2302,3.3,60,7.3194,51.3642,1.3165,2.5,0.0,2.5,1.187429,1.208698
258,2,SSD1306 OLED controller + MPU6050,3.3,60,28.1841,29.0259,2.79,1.95,0.01,0.0,6.077425,6.236899
259,3,HC-SR501 + INA219 + ESP32,3.3,120,64.7254,49.8229,5.4516,29.626667,0.002713,80.0,388.387943,385.090819
260,3,nRF24L01+ + BMP280 + DHT22 / AM2302,3.3,30,9.3738,19.8847,0.7415,4.600913,0.000333,5.345617,7.771226,7.857543
261,2,HC-SR04 + nRF24L01+,4.15,360,39.5141,316.4327,4.0532,13.15,0.00045,6.75,76.975813,78.129254
262,4,nRF24L01+ + ESP32 + BME280 + HC-05,3.3,1440,320.9636,1090.1168,28.9196,16.295,0.00226,63.375,1554.376358,1551.113469
263,4,HC-SR04 + BMP280 + INA219 + HC-SR501,3.3,360,51.6204,304.8663,3.5133,20.000685,2.5e-05,0.009213,249.084982,245.476525
264,2,HC-SR501 + BME280,3.3,120,61.052,54.86,4.088,32.5,0.0,0.0,218.260824,215.080282
265,3,Arduino Uno / ATmega328P + Raspberry Pi Pico + SSD1306 OLED controller,4.15,1440,182.9239,1208.2811,48.795,0.0,0.436667,0.0,109.309163,106.801978
266,4,MPU6050 + DHT22 / AM2302 + INA219 + Arduino Uno / ATmega328P,3.3,60,17.1886,41.5139,1.2975,1.6,0.0025,0.625,6.251626,6.254768
267,4,DS18B20 + HC-SR501 + HC-05 + HC-SR04,5.0,1440,75.4102,1323.4658,41.1241,27.75,0.000188,0.375,638.668687,610.386044
268,1,INA219,3.3,30,4.932,24.2897,0.7784,0.0,0.0,0.0,0.0,0.0
269,4,SSD1306 OLED controller + BME280 + ESP32-S3 + MPU6050,3.3,60,9.4514,49.3185,1.2301,23.9,0.00675,88.75,73.787109,71.741077
270,1,nRF24L01+,3.3,1440,580.6639,809.6271,49.7089,11.3,0.0009,13.5,397.831589,400.838965
271,1,BMP280,3.3,360,200.8227,154.7515,4.4258,0.00274,0.0001,0.03685,0.040085,0.039229
272,2,ESP32-S3 + nRF24L01+,3.3,30,9.2258,20.4733,0.3008,51.5,0.00395,184.25,58.370506,58.005859
273,2,Arduino Uno / ATmega328P + BMP280,4.15,60,32.951,24.6409,2.4082,0.00137,5e-05,0.018425,0.009982,0.01004
274,4,BME280 + ESP32-S3 + HC-SR04 + Arduino Uno / ATmega328P,4.15,1440,390.4219,1033.4005,16.1776,26.675,0.00175,88.75,2773.386274,2674.820867
275,3,Arduino Uno / ATmega328P + ESP32 + MPU6050,3.3,720,346.0305,366.3759,7.5936,9.26,0.006047,80.0,629.301538,631.723356
276,3,nRF24L01+ + HC-SR04 + Arduino Uno / ATmega328P,5.0,60,4.6677,52.73,2.6023,8.766667,0.0003,4.5,10.670373,10.410043
277,1,DS18B20,5.0,360,43.4021,302.5428,14.0551,1.0,0.00075,1.5,5.392634,5.509602
278,4,DS18B20 + BMP280 + INA219 + ESP32-S3,3.3,360,165.4646,179.7662,14.7691,23.175685,0.001962,89.134213,1138.658906,1083.681998
279,2,BME280 + ESP32-S3,3.3,60,19.6741,38.5779,1.7479,45.85,0.0035,177.5,133.369762,132.893219
280,3,HC-05 + nRF24L01+ + BME280,3.3,60,27.3053,30.6608,2.0339,13.766667,0.0003,4.5,63.535612,63.235157
281,4,nRF24L01+ + DHT22 / AM2302 + Raspberry Pi Pico + BMP280,3.3,720,425.7374,281.5888,12.6738,3.450685,0.32525,4.009213,354.526558,353.798629
282,4,ESP32 + BMP280 + BME280 + HC-SR04,3.3,120,63.7856,54.5101,1.7043,9.720685,0.00206,60.009212,186.042582,183.442896
283,3,DHT22 / AM2302 + BME280 + HC-SR501,3.3,720,340.9965,366.8767,12.1268,22.5,0.0,0.833333,1267.616846,1292.678439
284,2,DHT22 / AM2302 + DS18B20,4.15,720,45.6825,666.3918,7.9257,1.75,0.000375,2.0,12.210368,11.959955
285,2,DS18B20 + HC-SR04,5.0,120,28.9862,85.8232,5.1906,8.0,0.000375,0.75,39.302467,39.497366
286,1,SSD1306 OLED controller,3.3,120,68.3798,51.3149,0.3053,0.0,0.01,0.0,0.028223,0.027336
287,3,nRF24L01+ + Arduino Uno / ATmega328P + BME280,3.3,60,20.5327,37.1295,2.3378,3.766667,0.0003,4.5,14.49871,15.187285
288,1,nRF24L01+,3.3,60,3.897,53.2274,2.8755,11.3,0.0009,13.5,4.55972,4.514724
289,1,DS18B20,5.0,120,41.0865,76.0567,2.8568,1.0,0.00075,1.5,3.785725,3.751393
290,3,HC-SR501 + DHT22 / AM2302 + ESP32,3.3,1440,714.9079,699.9235,25.1686,30.46,0.002713,80.833333,3929.054796,3979.424549
291,1,Raspberry Pi Pico,3.3,60,32.7955,24.4388,2.7657,0.0,1.3,0.0,1.747378,1.72891
292,4,Raspberry Pi Pico + DHT22 / AM2302 + Arduino Uno / ATmega328P + DS18B20,5.0,30,2.6765,25.8387,1.4847,0.875,0.325188,1.0,3.781621,3.866885
293,1,ESP32-S3,3.3,360,132.8876,213.1729,13.9395,91.7,0.007,355.0,942.469422,943.176712
294,4,DHT22 / AM2302 + INA219 + DS18B20 + nRF24L01+,3.3,720,213.1675,494.3742,12.4583,3.7,0.000412,4.375,192.134075,186.876002
295,1,Raspberry Pi Pico,3.3,120,23.2064,95.8724,0.9212,0.0,1.3,0.0,6.854874,7.057421
296,4,DS18B20 + HC-05 + INA219 + DHT22 / AM2302,3.3,1440,133.5738,1251.3445,55.0818,8.375,0.000188,1.0,264.431443,261.830774
297,4,MPU6050 + DS18B20 + Raspberry Pi Pico + BME280,3.3,1440,301.5486,1098.5428,39.9086,1.225,0.327688,0.375,174.018469,179.969706
298,3,MPU6050 + Raspberry Pi Pico + HC-SR501,3.3,30,12.9434,16.0445,1.0121,22.966667,0.436667,0.0,50.205085,49.572418
299,3,HC-05 + BMP280 + ESP32,3.3,120,20.6763,96.6779,2.6458,17.960913,0.002747,80.012283,96.248631,101.656974
300,1,nRF24L01+,3.3,60,30.3817,27.9809,1.6374,11.3,0.0009,13.5,20.099407,20.128357
301,4,MPU6050 + HC-SR04 + ESP32-S3 + BMP280,3.3,1440,490.6968,905.9594,43.3438,27.650685,0.004275,88.759213,4040.755762,4158.936171
302,2,BME280 + ESP32-S3,3.3,360,113.3551,230.0545,16.5903,45.85,0.0035,177.5,895.72138,908.042227
303,3,BME280 + BMP280 + INA219,3.3,360,60.9494,297.3372,1.7134,0.000913,3.3e-05,0.012283,0.014293,0.014291
304,1,DS18B20,5.0,120,56.77,58.8292,4.4008,1.0,0.00075,1.5,5.284611,5.250187
305,1,HC-SR501,3.3,1440,817.3324,610.6173,12.0503,65.0,0.0,0.0,2921.963393,2919.642987
306,1,Raspberry Pi Pico,3.3,60,24.1715,34.5917,1.2368,0.0,1.3,0.0,2.473307,2.477875
307,1,Arduino Uno / ATmega328P,5.0,60,19.5069,38.2248,2.2683,0.0,0.0,0.0,0.0,0.0
308,4,SSD1306 OLED controller + Arduino Uno / ATmega328P + DHT22 / AM2302 + nRF24L01+,3.3,60,11.6748,46.5779,1.7473,3.45,0.002725,4.0,10.426716,10.565256
309,1,BME280,3.3,30,12.0439,16.6661,1.29,0.0,0.0,0.0,0.0,0.0
310,3,DHT22 / AM2302 + MPU6050 + Raspberry Pi Pico,3.3,720,156.068,548.0989,15.8331,2.133333,0.436667,0.833333,96.603521,99.615264
311,2,INA219 + BME280,3.3,360,71.2878,282.9369,5.7753,0.0,0.0,0.0,0.0,0.0
312,4,BME280 + ESP32 + HC-SR04 + Raspberry Pi Pico,3.3,120,55.4455,62.5532,2.0013,9.72,0.327035,60.0,173.046694,171.014015
313,3,ESP32-S3 + Raspberry Pi Pico + BMP280,3.3,1440,252.4713,1132.8562,54.6726,30.56758,0.4357,118.345617,2422.411105,2368.231176
314,2,Raspberry Pi Pico + ESP32,3.3,60,8.841,49.1913,1.9676,11.94,0.65407,120.0,41.123599,40.877402
315,3,ESP32 + INA219 + BME280,3.3,720,372.1217,342.284,5.5943,7.96,0.002713,80.0,562.742562,547.019962
316,1,Arduino Uno / ATmega328P,5.0,120,35.2282,84.341,0.4308,0.0,0.0,0.0,0.0,0.0
317,3,ESP32 + nRF24L01+ + ESP32-S3,3.3,360,126.7997,230.4996,2.7007,42.293333,0.005347,202.833333,975.448712,992.459257
318,4,HC-05 + ESP32-S3 + HC-SR501 + DS18B20,3.3,1440,463.2984,955.082,21.6196,46.925,0.001937,89.125,5221.239653,5410.13518
319,4,DS18B20 + Arduino Uno / ATmega328P + nRF24L01+ + DHT22 / AM2302,4.15,120,7.2169,110.148,2.6351,3.7,0.000412,4.375,8.739614,8.786238
320,3,Arduino Uno / ATmega328P + HC-SR501 + DS18B20,5.0,720,317.8355,398.4638,3.7007,22.0,0.00025,0.5,1748.582772,1721.193675
321,3,DS18B20 + Arduino Uno / ATmega328P + HC-SR04,5.0,1440,432.2764,977.9207,29.803,5.333333,0.00025,0.5,580.154981,574.93393
322,1,Raspberry Pi Pico,3.3,720,402.5719,310.1795,7.2485,0.0,1.3,0.0,22.177837,22.445274
323,3,ESP32 + INA219 + DHT22 / AM2302,3.3,360,169.0778,173.4586,17.4636,8.793333,0.002713,80.833333,478.31381,482.479525
324,1,Arduino Uno / ATmega328P,5.0,1440,507.8562,926.5165,5.6272,0.0,0.0,0.0,0.0,0.0
325,1,DS18B20,5.0,1440,402.4649,996.3625,41.1726,1.0,0.00075,1.5,38.747589,38.501707
326,3,BME280 + HC-05 + HC-SR501,3.3,720,372.1955,330.7957,17.0089,31.666667,0.0,0.0,1944.721254,1942.57809
327,3,BME280 + SSD1306 OLED controller + DHT22 / AM2302,3.3,30,4.3843,25.2863,0.3294,0.833333,0.003333,0.833333,0.66204,0.656696
328,2,HC-SR501 + BME280,3.3,720,121.2365,567.8193,30.9442,32.5,0.0,0.0,433.420574,433.131962
329,1,SSD1306 OLED controller,3.3,720,280.9896,405.6503,33.3601,0.0,0.01,0.0,0.223108,0.223531
330,1,ESP32-S3,3.3,720,426.9758,287.6027,5.4215,91.7,0.007,355.0,2259.418698,2177.950558
331,3,SSD1306 OLED controller + MPU6050 + HC-SR501,3.3,120,55.7489,62.5404,1.7107,22.966667,0.006667,0.0,211.329118,203.821024
332,2,ESP32 + SSD1306 OLED controller,3.3,360,184.8609,167.1041,8.035,11.94,0.00907,120.0,349.025208,340.62978
333,2,Raspberry Pi Pico + DS18B20,5.0,120,38.2915,80.8587,0.8498,0.5,0.650375,0.75,12.06193,12.004966
334,4,HC-SR501 + ESP32 + Raspberry Pi Pico + ESP32-S3,3.3,30,8.7778,20.6007,0.6215,45.145,0.328785,148.75,109.009704,108.495539
335,2,BMP280 + Arduino Uno / ATmega328P,4.15,720,183.9923,512.5596,23.4481,0.00137,5e-05,0.018425,0.07807,0.075114
336,3,ESP32 + BMP280 + MPU6050,3.3,120,32.0088,83.1294,4.8618,9.260913,0.00608,80.012283,113.180205,113.250483
337,4,BME280 + HC-SR501 + Raspberry Pi Pico + BMP280,3.3,720,202.8269,513.5627,3.6103,16.250685,0.325025,0.009213,761.866719,767.820327
338,2,BME280 + nRF24L01+,3.3,30,11.4227,17.4316,1.1458,5.65,0.00045,6.75,7.950772,8.013107
339,4,DS18B20 + BMP280 + HC-SR501 + DHT22 / AM2302,3.3,720,212.1954,488.1131,19.6916,17.125685,0.000213,1.009213,810.732309,814.81604
340,1,nRF24L01+,3.3,120,71.1847,48.7179,0.0974,11.3,0.0009,13.5,44.316029,43.331388
341,1,SSD1306 OLED controller,3.3,360,113.0001,229.3951,17.6048,0.0,0.01,0.0,0.126167,0.12783
342,2,ESP32-S3 + ESP32,3.3,30,17.0994,12.5019,0.3987,57.79,0.00757,297.5,121.757337,121.688951
343,1,ESP32-S3,3.3,360,202.1609,148.7957,9.0434,91.7,0.007,355.0,1196.228796,1177.328707
344,2,INA219 + Arduino Uno / ATmega328P,4.15,360,188.1871,163.7444,8.0685,0.0,0.0,0.0,0.0,0.0
345,2,SSD1306 OLED controller + nRF24L01+,3.3,60,35.2254,24.2152,0.5594,5.65,0.00545,6.75,22.32249,22.616917
346,3,Raspberry Pi Pico + BMP280 + ESP32,3.3,60,25.4412,34.0149,0.544,7.960913,0.43608,80.012283,43.047156,42.191639
347,2,HC-SR04 + Arduino Uno / ATmega328P,5.0,120,53.3056,63.8953,2.7991,7.5,0.0,0.0,66.632019,64.794109
348,2,SSD1306 OLED controller + ESP32-S3,3.3,360,60.3385,283.4599,16.2016,45.85,0.0085,177.5,620.919353,606.974037
349,3,BME280 + ESP32 + HC-SR04,3.3,1440,663.7118,766.8741,9.4141,12.96,0.002713,80.0,1825.96871,1847.263454
350,1,INA219,3.3,1440,552.3734,836.4807,51.1459,0.0,0.0,0.0,0.0,0.0
351,3,MPU6050 + SSD1306 OLED controller + BMP280,3.3,30,10.2986,19.4345,0.2669,1.300913,0.0067,0.012283,2.232632,2.275702
352,3,DHT22 / AM2302 + ESP32 + ESP32-S3,3.3,60,4.3055,55.3698,0.3247,39.36,0.005047,199.166667,38.679702,37.149727
353,2,SSD1306 OLED controller + Arduino Uno / ATmega328P,4.15,120,18.7342,98.9941,2.2717,0.0,0.005,0.0,0.054447,0.054505
354,2,MPU6050 + INA219,3.3,60,5.9611,53.9633,0.0756,1.95,0.005,0.0,1.308343,1.278155
355,2,HC-05 + HC-SR501,3.3,120,39.2785,77.5306,3.1909,47.5,0.0,0.0,205.230045,202.646837
356,4,HC-05 + ESP32 + nRF24L01+ + INA219,3.3,1440,416.0046,968.7804,55.215,16.295,0.00226,63.375,2261.652292,2297.146153
357,4,HC-SR04 + ESP32 + INA219 + Arduino Uno / ATmega328P,4.15,120,12.1559,103.9067,3.9374,9.72,0.002035,60.0,83.180289,84.464384
358,4,HC-SR501 + INA219 + HC-05 + nRF24L01+,3.3,1440,149.5236,1270.6099,19.8665,26.575,0.000225,3.375,889.003265,895.945579
359,4,BME280 + ESP32 + BMP280 + HC-SR501,3.3,1440,768.4941,652.0414,19.4645,22.220685,0.00206,60.009212,4014.089349,4031.357812
360,2,SSD1306 OLED controller + BMP280,3.3,60,19.5829,39.1639,1.2532,0.00137,0.00505,0.018425,0.027247,0.027284
361,2,ESP32 + HC-SR04,4.15,720,260.0529,445.0644,14.8827,19.44,0.00407,120.0,863.270526,881.717962
362,2,INA219 + Arduino Uno / ATmega328P,4.15,1440,693.4998,676.8335,69.6667,0.0,0.0,0.0,0.0,0.0
363,1,Raspberry Pi Pico,3.3,1440,206.623,1174.4646,58.9124,0.0,1.3,0.0,83.974222,86.088886
364,3,DHT22 / AM2302 + Arduino Uno / ATmega328P + Raspberry Pi Pico,4.15,30,10.8037,18.1147,1.0816,0.833333,0.433333,0.833333,3.263042,3.217734
365,2,HC-SR501 + Raspberry Pi Pico,3.3,30,9.952,19.6602,0.3878,32.5,0.65,0.0,36.984133,37.525206
366,1,MPU6050,3.3,30,16.9613,11.6966,1.3421,3.9,0.01,0.0,3.644642,3.688448
367,2,DHT22 / AM2302 + ESP32-S3,3.3,120,35.2153,83.847,0.9377,47.1,0.0035,178.75,200.921204,197.127998
368,3,nRF24L01+ + DS18B20 + INA219,3.3,1440,454.0418,919.5485,66.4097,4.1,0.00055,5.0,377.73724,387.159604
369,4,INA219 + ESP32-S3 + HC-SR04 + DS18B20,4.15,60,17.9309,40.8207,1.2485,26.925,0.001937,89.125,138.89309,135.513533
370,2,HC-SR04 + INA219,4.15,60,26.274,33.5245,0.2015,7.5,0.0,0.0,32.842487,33.238572
371,1,DS18B20,5.0,30,12.3151,17.5439,0.141,1.0,0.00075,1.5,1.044982,1.024033
372,2,nRF24L01+ + SSD1306 OLED controller,3.3,1440,180.0847,1236.8637,23.0516,5.65,0.00545,6.75,129.779933,134.99949
373,4,DHT22 / AM2302 + BME280 + SSD1306 OLED controller + BMP280,3.3,360,94.4124,262.0423,3.5453,0.625685,0.002525,0.634212,13.63616,13.586986
374,2,DS18B20 + DHT22 / AM2302,4.15,120,28.7953,88.0013,3.2034,1.75,0.000375,2.0,7.205364,7.179878
375,1,MPU6050,3.3,60,34.8847,23.5494,1.5659,3.9,0.01,0.0,7.495717,7.427333
376,3,MPU6050 + INA219 + nRF24L01+,3.3,120,52.089,61.9907,5.9203,5.066667,0.003633,4.5,47.979381,49.218868
377,1,ESP32-S3,3.3,120,14.3532,101.1377,4.5091,91.7,0.007,355.0,160.469871,160.155113
378,3,ESP32-S3 + HC-05 + SSD1306 OLED controller,3.3,360,139.263,207.1547,13.5823,40.566667,0.005667,118.333333,1197.544225,1178.52618
379,3,BME280 + ESP32 + nRF24L01+,3.3,720,376.697,319.9607,23.3423,11.726667,0.003013,84.5,1054.480307,1064.710491
380,1,ESP32,3.3,60,14.1878,43.7009,2.1113,23.88,0.00814,240.0,46.523391,45.664123
381,3,ESP32-S3 + BMP280 + INA219,3.3,30,6.3231,22.2188,1.4581,30.56758,0.002367,118.345617,60.372849,59.399646
382,1,HC-SR501,3.3,360,78.9104,275.7053,5.3843,65.0,0.0,0.0,282.104823,278.603797
383,1,HC-05,3.3,360,18.9618,327.9073,13.1309,30.0,0.0,0.0,31.286892,30.638264
384,1,DHT22 / AM2302,3.3,720,222.7695,479.7329,17.4976,2.5,0.0,2.5,33.036732,33.719791
385,1,DHT22 / AM2302,3.3,720,206.7358,491.7302,21.534,2.5,0.0,2.5,31.387101,31.732939
386,3,INA219 + SSD1306 OLED controller + HC-SR501,3.3,120,17.9266,99.9607,2.1127,21.666667,0.003333,0.0,64.142605,65.155246
387,2,Raspberry Pi Pico + ESP32-S3,3.3,720,400.0213,318.8054,1.1733,45.85,0.6535,177.5,2063.333733,2018.334601
388,2,ESP32 + BMP280,3.3,30,5.835,22.6859,1.479,11.94137,0.00412,120.018425,27.201287,26.505974
389,1,Raspberry Pi Pico,3.3,30,9.717,19.4124,0.8707,0.0,1.3,0.0,1.387985,1.388355
390,3,BME280 + nRF24L01+ + DHT22 / AM2302,3.3,120,51.5243,63.2663,5.2094,4.6,0.0003,5.333333,43.69435,45.684567
391,3,DS18B20 + ESP32-S3 + HC-SR04,5.0,720,324.2408,385.389,10.3702,35.9,0.002583,118.833333,2271.575837,2324.50103
392,1,ESP32,3.3,30,15.732,13.0147,1.2533,23.88,0.00814,240.0,37.211784,36.834159
393,2,INA219 + ESP32,3.3,360,64.4713,285.6598,9.8689,11.94,0.00407,120.0,215.074224,216.663012
394,4,HC-SR04 + SSD1306 OLED controller + HC-05 + Arduino Uno / ATmega328P,4.15,1440,190.9026,1189.2867,59.8107,11.25,0.0025,0.0,554.271674,557.367187
395,2,BMP280 + ESP32-S3,3.3,30,12.806,16.799,0.395,45.85137,0.00355,177.518425,72.308464,72.894137
396,3,BME280 + ESP32 + MPU6050,3.3,120,27.5753,90.5918,1.8329,9.26,0.006047,80.0,66.416735,66.432299
397,4,Raspberry Pi Pico + ESP32 + DHT22 / AM2302 + SSD1306 OLED controller,3.3,360,155.3841,189.3579,15.258,6.595,0.329535,60.625,442.678397,428.933166
398,1,BMP280,3.3,30,1.6422,28.2869,0.0709,0.00274,0.0001,0.03685,0.000547,0.000548
399,1,BME280,3.3,60,27.6863,32.0981,0.2156,0.0,0.0,0.0,0.0,0.0
400,1,MPU6050,3.3,720,178.2449,541.3614,0.3936,3.9,0.01,0.0,38.531289,39.156833
401,1,BME280,3.3,1440,222.0771,1209.0002,8.9227,0.0,0.0,0.0,0.0,0.0
402,2,BME280 + HC-SR501,3.3,720,334.217,353.6515,32.1315,32.5,0.0,0.0,1194.825833,1166.50405
403,1,Arduino Uno / ATmega328P,5.0,360,76.8876,277.1763,5.9361,0.0,0.0,0.0,0.0,0.0
404,3,DS18B20 + HC-SR04 + INA219,5.0,120,41.4709,75.6064,2.9227,5.333333,0.00025,0.5,55.664568,57.31235
405,2,Arduino Uno / ATmega328P + BME280,4.15,30,16.8691,12.9451,0.1858,0.0,0.0,0.0,0.0,0.0
406,1,nRF24L01+,3.3,720,74.3861,613.2039,32.41,11.3,0.0009,13.5,70.325735,66.894895
407,1,ESP32-S3,3.3,30,11.9219,16.9421,1.136,91.7,0.007,355.0,82.31535,81.86475
408,3,INA219 + nRF24L01+ + HC-05,3.3,60,26.01,31.1191,2.8709,13.766667,0.0003,4.5,61.21498,59.245318
409,1,DS18B20,5.0,120,55.904,58.11,5.986,1.0,0.00075,1.5,5.410547,5.486941
410,2,ESP32 + Arduino Uno / ATmega328P,4.15,360,113.3123,236.3994,10.2883,11.94,0.00407,120.0,284.735229,282.218682
411,2,MPU6050 + SSD1306 OLED controller,3.3,720,296.3042,397.768,25.9278,1.95,0.01,0.0,63.994806,64.354679
412,3,Arduino Uno / ATmega328P + BME280 + nRF24L01+,3.3,360,138.0269,220.1516,1.8215,3.766667,0.0003,4.5,87.147061,87.653792
413,4,SSD1306 OLED controller + HC-SR501 + BMP280 + INA219,3.3,120,20.6347,94.9612,4.4041,16.250685,0.002525,0.009213,73.833865,75.472932
414,3,BME280 + DHT22 / AM2302 + HC-SR501,3.3,120,35.4525,79.3628,5.1847,22.5,0.0,0.833333,132.330301,127.404454
415,2,Arduino Uno / ATmega328P + HC-SR04,5.0,60,7.7192,51.7017,0.5791,7.5,0.0,0.0,9.649055,10.055644
416,1,INA219,3.3,1440,472.0815,951.01,16.9085,0.0,0.0,0.0,0.0,0.0
417,1,MPU6050,3.3,30,7.8252,21.0161,1.1588,3.9,0.01,0.0,1.690055,1.657673
418,4,ESP32-S3 + BMP280 + SSD1306 OLED controller + DS18B20,3.3,120,9.3623,105.0979,5.5398,23.175685,0.004463,89.134213,156.974441,157.194561
419,3,HC-SR501 + BMP280 + INA219,3.3,720,233.4456,485.3348,1.2196,21.66758,3.3e-05,0.012283,834.608396,826.962017
420,4,BME280 + SSD1306 OLED controller + DS18B20 + BMP280,3.3,30,17.0158,11.5786,1.4056,0.250685,0.002713,0.384213,1.606251,1.593063
421,4,HC-05 + HC-SR04 + BMP280 + nRF24L01+,3.3,60,10.6802,46.8099,2.5099,14.075685,0.00025,3.384212,39.483075,39.360985
422,1,ESP32,3.3,60,21.1043,38.2503,0.6454,23.88,0.00814,240.0,36.254661,35.935252
423,2,SSD1306 OLED controller + HC-SR04,4.15,720,397.2333,317.3309,5.4358,7.5,0.005,0.0,496.716176,499.972115
424,3,SSD1306 OLED controller + ESP32 + BME280,3.3,360,140.789,207.7051,11.5058,7.96,0.006047,80.0,336.996478,342.13331
425,3,ESP32 + INA219 + BME280,3.3,60,15.4503,44.5125,0.0372,7.96,0.002713,80.0,20.803283,20.755717
426,4,Arduino Uno / ATmega328P + BME280 + BMP280 + ESP32,3.3,60,20.409,38.4652,1.1258,5.970685,0.00206,60.009212,41.68896,42.368753
427,2,DS18B20 + Raspberry Pi Pico,5.0,1440,502.3009,901.751,35.9482,0.5,0.650375,0.75,144.097974,143.746133
428,2,BME280 + HC-05,3.3,60,25.8615,34.0634,0.0751,15.0,0.0,0.0,42.671412,42.883842
429,2,INA219 + BMP280,3.3,720,304.611,388.5067,26.8823,0.00137,5e-05,0.018425,0.102525,0.103261
430,3,DHT22 / AM2302 + HC-SR501 + INA219,3.3,30,3.1492,25.8683,0.9825,22.5,0.0,0.833333,11.826519,12.016897
431,2,ESP32 + DS18B20,4.15,360,181.7014,168.4849,9.8137,12.44,0.004445,120.75,384.641781,371.475699
432,4,DS18B20 + nRF24L01+ + Arduino Uno / ATmega328P + SSD1306 OLED controller,4.15,1440,92.6058,1287.1878,60.2064,3.075,0.002913,3.75,118.352798,122.833751
433,3,ESP32 + Raspberry Pi Pico + DHT22 / AM2302,3.3,1440,203.4664,1204.0551,32.4785,8.793333,0.436047,80.833333,815.020257,823.85826
434,2,nRF24L01+ + BME280,3.3,1440,588.8333,842.2092,8.9575,5.65,0.00045,6.75,372.652542,366.168705
435,3,ESP32-S3 + nRF24L01+ + BMP280,3.3,1440,824.9266,585.4668,29.6066,34.334247,0.002667,122.845617,5273.703206,5239.89451
436,4,nRF24L01+ + DS18B20 + BMP280 + MPU6050,3.3,30,11.6343,18.0169,0.3488,4.050685,0.002938,3.759212,11.012877,11.122959
437,1,MPU6050,3.3,60,30.0356,28.4859,1.4785,3.9,0.01,0.0,6.458295,6.508545
438,4,HC-SR04 + INA219 + ESP32-S3 + Arduino Uno / ATmega328P,4.15,1440,723.8696,651.1757,64.9548,26.675,0.00175,88.75,5824.165734,5829.530739
439,4,nRF24L01+ + DHT22 / AM2302 + Arduino Uno / ATmega328P + HC-SR501,3.3,30,10.7462,18.7399,0.5139,19.7,0.000225,4.0,47.02706,47.468513
440,2,DS18B20 + Arduino Uno / ATmega328P,5.0,30,9.6933,18.975,1.3316,0.5,0.000375,0.75,0.975418,0.97399
441,3,Raspberry Pi Pico + BME280 + BMP280,3.3,360,180.9413,175.4878,3.5709,0.000913,0.433367,0.012283,12.582848,12.826452
442,1,SSD1306 OLED controller,3.3,720,263.6481,425.2865,31.0653,0.0,0.01,0.0,0.233908,0.238559
443,4,INA219 + DHT22 / AM2302 + HC-05 + BME280,3.3,60,35.7723,22.9672,1.2605,8.125,0.0,0.625,64.116236,65.030531
444,4,DS18B20 + DHT22 / AM2302 + ESP32 + BMP280,3.3,120,43.3208,76.0436,0.6357,6.845685,0.002247,61.009212,75.068666,74.252245
445,2,HC-05 + nRF24L01+,3.3,1440,266.817,1137.7871,35.3959,20.65,0.00045,6.75,632.412548,619.854773
446,2,MPU6050 + INA219,3.3,30,10.9845,18.3145,0.7009,1.95,0.005,0.0,2.366257,2.40524
447,3,BME280 + MPU6050 + Arduino Uno / ATmega328P,3.3,60,19.5324,39.0511,1.4164,1.3,0.003333,0.0,4.211188,4.146232
448,3,DS18B20 + ESP32 + HC-05,3.3,720,374.0457,340.4286,5.5257,18.293333,0.002963,80.5,1213.421293,1200.024522
449,3,nRF24L01+ + Arduino Uno / ATmega328P + HC-05,3.3,720,137.0294,564.5695,18.4012,13.766667,0.0003,4.5,324.953019,318.543385
450,3,INA219 + MPU6050 + ESP32,3.3,1440,764.8819,663.1758,11.9424,9.26,0.006047,80.0,1326.963738,1359.007922
451,3,ESP32 + INA219 + MPU6050,3.3,1440,493.9304,918.1434,27.9262,9.26,0.006047,80.0,1124.218287,1102.421975
452,3,HC-SR04 + ESP32 + DS18B20,5.0,1440,254.1188,1173.613,12.2682,13.293333,0.002963,80.5,836.65717,841.529948
453,4,ESP32 + DHT22 / AM2302 + Arduino Uno / ATmega328P + nRF24L01+,3.3,30,5.2356,24.0097,0.7548,9.42,0.00226,64.0,21.489241,21.237423
454,4,DHT22 / AM2302 + HC-SR501 + ESP32 + MPU6050,3.3,720,176.6915,528.5362,14.7723,23.82,0.004535,60.625,1123.486806,1115.681206
455,2,HC-05 + SSD1306 OLED controller,3.3,60,15.9841,41.3372,2.6787,15.0,0.005,0.0,26.396473,26.385966
456,1,HC-05,3.3,60,21.3164,37.6813,1.0023,30.0,0.0,0.0,35.172052,34.845388
457,3,Raspberry Pi Pico + nRF24L01+ + MPU6050,3.3,60,21.9847,37.7359,0.2793,5.066667,0.436967,4.5,21.30738,21.50085
458,3,BMP280 + Raspberry Pi Pico + Arduino Uno / ATmega328P,4.15,120,57.6622,61.1001,1.2376,0.000913,0.433367,0.012283,5.505453,5.520997
459,4,ESP32 + SSD1306 OLED controller + BME280 + MPU6050,3.3,360,33.9955,310.1271,15.8774,6.945,0.007035,60.0,262.003375,260.086994
460,4,HC-05 + nRF24L01+ + BME280 + HC-SR04,3.3,360,147.2519,196.2042,16.544,14.075,0.000225,3.375,530.841075,539.941924
461,3,DHT22 / AM2302 + ESP32-S3 + ESP32,3.3,360,151.7182,193.1416,15.1402,39.36,0.005047,199.166667,1483.023087,1398.149131
462,2,Raspberry Pi Pico + Arduino Uno / ATmega328P,5.0,720,387.4195,330.821,1.7595,0.0,0.65,0.0,35.838944,35.785351
463,3,DHT22 / AM2302 + BME280 + DS18B20,3.3,30,3.7312,26.0934,0.1754,1.166667,0.00025,1.333333,0.871642,0.852709
464,2,DS18B20 + ESP32-S3,4.15,120,20.2978,95.5509,4.1513,46.35,0.003875,178.25,185.679485,183.505629
465,3,BME280 + HC-SR04 + HC-SR501,4.15,360,32.8776,313.8054,13.317,26.666667,0.0,0.0,188.909226,183.990277
466,4,DS18B20 + HC-SR501 + nRF24L01+ + ESP32-S3,3.3,120,50.846,64.5316,4.6224,42.25,0.002162,92.5,568.348234,596.291002
467,1,HC-SR04,5.0,360,135.9799,221.8777,2.1424,15.0,0.0,0.0,169.974843,163.936087
468,1,DS18B20,5.0,60,27.124,32.3246,0.5514,1.0,0.00075,1.5,2.33128,2.309373
469,1,ESP32,3.3,60,25.8857,33.9945,0.1198,23.88,0.00814,240.0,35.59535,35.315117
470,4,INA219 + MPU6050 + HC-SR04 + DHT22 / AM2302,3.3,120,66.9386,51.3345,1.7269,5.35,0.0025,0.625,107.50136,109.114199
471,3,ESP32 + SSD1306 OLED controller + BME280,3.3,1440,440.4483,983.7122,15.8395,7.96,0.006047,80.0,788.547982,777.602253
472,3,ESP32-S3 + HC-05 + BMP280,3.3,120,36.5447,78.4968,4.9585,40.56758,0.002367,118.345617,341.472355,345.410955
473,2,DS18B20 + BME280,4.15,120,30.5329,89.1931,0.274,0.5,0.000375,0.75,2.584233,2.560262
474,2,MPU6050 + BMP280,3.3,120,22.1935,96.5499,1.2566,1.95137,0.00505,0.018425,4.820033,4.868338
475,4,HC-SR04 + Raspberry Pi Pico + ESP32 + ESP32-S3,3.3,360,103.401,241.9282,14.6708,32.645,0.328785,148.75,1284.162688,1322.163383
476,2,nRF24L01+ + HC-SR04,4.15,1440,595.4076,813.5114,31.081,13.15,0.00045,6.75,1137.423284,1152.792298
477,4,HC-SR04 + DHT22 / AM2302 + Arduino Uno / ATmega328P + HC-SR501,5.0,120,14.1746,103.3628,2.4626,20.625,0.0,0.625,96.784643,94.883967
478,2,INA219 + DHT22 / AM2302,3.3,30,11.7541,17.5593,0.6866,1.25,0.0,1.25,1.710592,1.720114
479,2,INA219 + Arduino Uno / ATmega328P,4.15,1440,289.4596,1121.6463,28.8941,0.0,0.0,0.0,0.0,0.0
480,1,HC-SR501,3.3,30,4.1708,25.6888,0.1403,65.0,0.0,0.0,14.910769,15.143338
481,2,DHT22 / AM2302 + HC-SR04,4.15,60,3.7996,53.3763,2.8241,8.75,0.0,1.25,5.660215,5.543479
482,1,HC-05,3.3,30,3.918,24.6101,1.4719,30.0,0.0,0.0,6.464737,6.713565
483,3,INA219 + HC-SR04 + BME280,3.3,120,19.4649,96.7967,3.7384,5.0,0.0,0.0,24.331085,24.571119
484,4,INA219 + BMP280 + ESP32-S3 + DHT22 / AM2302,3.3,1440,372.267,1021.0212,46.7118,23.550685,0.001775,89.384213,2847.735692,2910.161716
485,3,ESP32 + INA219 + MPU6050,3.3,360,47.5385,302.8606,9.601,9.26,0.006047,80.0,199.669043,202.808637
486,3,DHT22 / AM2302 + BMP280 + ESP32-S3,3.3,60,31.195,28.7016,0.1034,31.400913,0.002367,119.17895,163.670575,160.980185
487,4,ESP32 + HC-SR04 + INA219 + nRF24L01+,3.3,360,134.7784,212.9096,12.312,12.545,0.00226,63.375,601.021724,591.604903
488,1,HC-SR04,5.0,120,52.0206,64.4136,3.5658,15.0,0.0,0.0,65.025789,65.689233
489,4,DS18B20 + BMP280 + INA219 + SSD1306 OLED controller,3.3,720,70.0109,641.1825,8.8066,0.250685,0.002713,0.384213,7.359717,7.376936
490,2,Raspberry Pi Pico + BME280,3.3,60,29.8909,29.6032,0.5059,0.0,0.65,0.0,2.116626,2.133407
491,3,MPU6050 + DHT22 / AM2302 + ESP32-S3,3.3,30,15.9424,13.8273,0.2304,32.7,0.005667,119.166667,90.559514,91.485962
492,4,BMP280 + Raspberry Pi Pico + ESP32-S3 + INA219,3.3,120,16.3637,103.5655,0.0709,22.925685,0.326775,88.759213,91.361652,90.149879
493,3,SSD1306 OLED controller + INA219 + ESP32-S3,3.3,30,10.4585,19.0608,0.4807,30.566667,0.005667,118.333333,62.150781,61.454135
494,2,Raspberry Pi Pico + HC-SR501,3.3,60,18.4814,39.5662,1.9524,32.5,0.65,0.0,68.899998,68.956744
495,2,INA219 + BME280,3.3,120,49.1578,66.5822,4.26,0.0,0.0,0.0,0.0,0.0
496,4,Raspberry Pi Pico + nRF24L01+ + HC-SR04 + DS18B20,5.0,30,11.5031,18.3973,0.0995,6.825,0.325412,3.75,24.568159,24.067086
497,2,ESP32 + BME280,3.3,1440,555.4426,827.6151,56.9423,11.94,0.00407,120.0,1481.527051,1461.489495
498,1,Raspberry Pi Pico,3.3,60,21.1155,37.1955,1.689,0.0,1.3,0.0,2.659476,2.587648
499,4,ESP32-S3 + HC-SR04 + Raspberry Pi Pico + SSD1306 OLED controller,3.3,360,135.631,219.9616,4.4074,26.675,0.32925,88.75,955.580853,921.811354
500,4,ESP32 + nRF24L01+ + ESP32-S3 + MPU6050,3.3,30,2.8118,26.0619,1.1263,32.695,0.00651,152.125,57.955545,57.615458
501,2,SSD1306 OLED controller + HC-SR04,4.15,120,24.388,91.3583,4.2537,7.5,0.005,0.0,30.535246,31.249325
502,3,ESP32-S3 + HC-SR501 + Arduino Uno / ATmega328P,4.15,60,15.9773,41.7957,2.227,52.233333,0.002333,118.333333,195.910582,187.571964
503,1,HC-SR501,3.3,60,7.6625,51.5367,0.8008,65.0,0.0,0.0,27.393601,28.462469
504,2,ESP32 + DS18B20,4.15,120,58.1338,61.4795,0.3867,12.44,0.004445,120.75,86.382148,86.431086
505,2,Arduino Uno / ATmega328P + Raspberry Pi Pico,5.0,30,11.6935,18.2991,0.0075,0.0,0.65,0.0,1.982398,2.023158
506,3,INA219 + HC-SR04 + HC-SR501,4.15,1440,677.6616,730.1268,32.2117,26.666667,0.0,0.0,3893.730504,3832.656678
507,2,HC-SR501 + HC-05,3.3,720,387.0769,329.4115,3.5116,47.5,0.0,0.0,2022.476979,2014.564146
508,1,ESP32,3.3,720,279.3841,422.7767,17.8393,23.88,0.00814,240.0,602.610444,619.752202
509,1,Raspberry Pi Pico,3.3,1440,285.7603,1111.1996,43.0401,0.0,1.3,0.0,79.450772,80.4689
510,1,Raspberry Pi Pico,3.3,60,32.1327,26.7455,1.1218,0.0,1.3,0.0,1.912305,1.893741
511,4,HC-SR501 + BME280 + DHT22 / AM2302 + Raspberry Pi Pico,3.3,60,34.8125,22.7403,2.4473,16.875,0.325,0.625,131.20366,136.362922
512,1,ESP32-S3,3.3,1440,790.1913,625.5094,24.2993,91.7,0.007,355.0,4460.013898,4283.960855
513,1,DS18B20,5.0,720,123.8931,592.0062,4.1007,1.0,0.00075,1.5,10.874007,10.797184
514,2,DHT22 / AM2302 + nRF24L01+,3.3,720,161.245,551.3656,7.3894,6.9,0.00045,8.0,128.914917,127.28811
515,3,HC-SR04 + INA219 + nRF24L01+,3.3,60,31.0587,26.0476,2.8937,8.766667,0.0003,4.5,60.276174,62.085949
516,4,HC-05 + Arduino Uno / ATmega328P + ESP32-S3 + ESP32,3.3,60,8.608,48.5323,2.8596,36.395,0.003785,148.75,162.544905,158.129329
517,1,BME280,3.3,720,289.8145,405.8488,24.3367,0.0,0.0,0.0,0.0,0.0
518,4,SSD1306 OLED controller + Raspberry Pi Pico + BMP280 + HC-SR501,3.3,60,11.4212,46.4454,2.1335,16.250685,0.327525,0.009213,44.183317,44.119695
519,1,BMP280,3.3,120,16.5265,99.4335,4.04,0.00274,0.0001,0.03685,0.011225,0.011271
520,3,DS18B20 + Arduino Uno / ATmega328P + SSD1306 OLED controller,5.0,60,13.9313,44.7062,1.3625,0.333333,0.003583,0.5,1.35864,1.3857
521,3,Arduino Uno / ATmega328P + HC-SR501 + Raspberry Pi Pico,5.0,360,204.9015,147.4161,7.6823,21.666667,0.433333,0.0,1125.853375,1115.168735
522,3,ESP32-S3 + HC-05 + HC-SR04,3.3,720,337.3645,352.2854,30.3501,45.566667,0.002333,118.333333,3272.576514,3283.736536
523,1,nRF24L01+,3.3,30,6.5051,23.2354,0.2595,11.3,0.0009,13.5,4.236757,4.412728
524,2,BME280 + ESP32,3.3,720,289.2398,404.2973,26.4629,11.94,0.00407,120.0,729.37878,740.621406
525,1,SSD1306 OLED controller,3.3,60,3.0272,55.1772,1.7956,0.0,0.01,0.0,0.030347,0.029583
526,1,SSD1306 OLED controller,3.3,30,4.5713,24.9311,0.4976,0.0,0.01,0.0,0.013712,0.013775
527,4,ESP32 + BMP280 + SSD1306 OLED controller + HC-05,3.3,30,3.8524,25.0752,1.0724,13.470685,0.00456,60.009212,25.59969,26.233621
528,4,Arduino Uno / ATmega328P + HC-SR501 + ESP32-S3 + ESP32,3.3,30,11.4682,17.0519,1.4799,45.145,0.003785,148.75,162.344647,160.213107
529,1,HC-05,3.3,360,152.2463,207.0304,0.7233,30.0,0.0,0.0,251.206375,255.131129
530,4,ESP32 + DS18B20 + DHT22 / AM2302 + HC-SR501,3.3,1440,275.8059,1128.8051,35.3889,23.095,0.002223,61.0,1886.156355,1855.488432
531,1,ESP32,3.3,1440,647.7926,729.994,62.2134,23.88,0.00814,240.0,1672.354045,1681.963083
532,1,HC-SR501,3.3,60,9.436,50.4835,0.0806,65.0,0.0,0.0,33.733601,33.177583
533,2,DS18B20 + Arduino Uno / ATmega328P,5.0,720,255.7841,460.8284,3.3876,0.5,0.000375,0.75,21.767587,21.873222
534,2,HC-SR04 + INA219,4.15,720,401.4047,285.5948,33.0005,7.5,0.0,0.0,501.755852,505.465895
535,3,nRF24L01+ + BMP280 + SSD1306 OLED controller,3.3,60,6.6131,53.1009,0.2861,3.76758,0.003667,4.512283,4.356133,4.46641
536,1,Raspberry Pi Pico,3.3,720,349.0969,349.6554,21.2477,0.0,1.3,0.0,25.000361,24.905737
537,4,Arduino Uno / ATmega328P + DS18B20 + DHT22 / AM2302 + HC-SR501,5.0,30,6.0251,22.7571,1.2178,17.125,0.000188,1.0,34.287323,34.209205
538,2,HC-05 + DHT22 / AM2302,3.3,30,14.8293,14.155,1.0158,16.25,0.0,1.25,26.646969,26.870004
539,2,MPU6050 + DS18B20,4.15,60,6.7001,51.745,1.5549,2.45,0.005375,0.75,2.22156,2.156825
540,2,Raspberry Pi Pico + HC-SR04,5.0,30,17.2428,12.3299,0.4273,7.5,0.65,0.0,22.889224,23.198968
541,3,DHT22 / AM2302 + DS18B20 + INA219,3.3,720,154.7703,561.0957,4.134,1.166667,0.00025,1.333333,35.298689,36.049993
542,4,DHT22 / AM2302 + Arduino Uno / ATmega328P + SSD1306 OLED controller + INA219,3.3,120,70.1097,46.5722,3.3181,0.625,0.0025,0.625,10.121934,10.15779
543,4,HC-SR501 + ESP32 + MPU6050 + DHT22 / AM2302,3.3,720,259.8654,458.5875,1.5471,23.82,0.004535,60.625,1382.890433,1345.056147
544,2,HC-05 + Raspberry Pi Pico,3.3,30,9.3719,20.1201,0.508,15.0,0.65,0.0,16.902167,16.421452
545,2,Raspberry Pi Pico + BME280,3.3,120,15.2519,98.99,5.7581,0.0,0.65,0.0,7.077789,6.893514
546,4,Raspberry Pi Pico + HC-SR501 + HC-05 + DS18B20,4.15,720,227.4536,473.3455,19.2009,24.0,0.325188,0.375,1461.837643,1494.129492
547,4,HC-SR501 + DS18B20 + HC-SR04 + ESP32-S3,5.0,30,4.647,24.3949,0.9581,43.175,0.001937,89.125,73.641882,73.55128
548,1,Raspberry Pi Pico,3.3,120,11.9514,105.4484,2.6002,0.0,1.3,0.0,7.539561,7.609879
549,3,HC-SR501 + DS18B20 + HC-05,4.15,60,34.8878,22.8433,2.2689,32.0,0.00025,0.5,217.606942,210.375842
550,2,HC-SR04 + SSD1306 OLED controller,4.15,30,17.0514,12.4698,0.4788,7.5,0.005,0.0,21.321112,21.294355
551,4,ESP32-S3 + MPU6050 + HC-05 + nRF24L01+,3.3,60,22.7874,36.9979,0.2147,34.225,0.004475,92.125,175.965632,179.026593
552,1,SSD1306 OLED controller,3.3,1440,504.4748,891.1272,44.398,0.0,0.01,0.0,0.49012,0.497386
553,2,ESP32 + Raspberry Pi Pico,3.3,1440,139.7617,1277.8303,22.4081,11.94,0.65407,120.0,571.286346,574.236997
554,1,BME280,3.3,120,52.7069,62.485,4.8081,0.0,0.0,0.0,0.0,0.0
555,1,SSD1306 OLED controller,3.3,1440,744.2275,659.3064,36.4661,0.0,0.01,0.0,0.362619,0.352428
556,2,BME280 + ESP32,3.3,60,3.8646,55.4073,0.728,11.94,0.00407,120.0,14.710528,15.194299
557,1,MPU6050,3.3,120,64.2864,53.9596,1.754,3.9,0.01,0.0,13.819105,13.910455
558,3,DHT22 / AM2302 + Raspberry Pi Pico + nRF24L01+,3.3,30,3.2079,26.0376,0.7545,4.6,0.433633,5.333333,4.961741,4.930676
559,4,ESP32-S3 + HC-SR501 + DS18B20 + INA219,3.3,1440,163.9507,1273.2613,2.788,39.425,0.001937,89.125,1482.025768,1510.513074
560,1,Arduino Uno / ATmega328P,5.0,120,29.517,87.1194,3.3636,0.0,0.0,0.0,0.0,0.0
561,3,Raspberry Pi Pico + HC-SR501 + HC-05,3.3,60,22.3099,35.9008,1.7893,31.666667,0.433333,0.0,119.136022,121.693295
562,2,DS18B20 + DHT22 / AM2302,4.15,720,292.3747,422.7635,4.8618,1.75,0.000375,2.0,65.868729,65.21696
563,1,INA219,3.3,360,187.3225,169.7403,2.9372,0.0,0.0,0.0,0.0,0.0
564,1,HC-05,3.3,120,6.6685,107.8391,5.4924,30.0,0.0,0.0,11.003085,11.456808
565,2,ESP32 + INA219,3.3,30,16.7194,12.4453,0.8352,11.94,0.00407,120.0,32.99015,33.454662
566,4,BMP280 + HC-SR501 + INA219 + BME280,3.3,120,23.7219,95.4484,0.8297,16.250685,2.5e-05,0.009213,84.811577,86.656151
567,1,BME280,3.3,360,164.6082,178.7071,16.6847,0.0,0.0,0.0,0.0,0.0
568,1,HC-05,3.3,30,12.9173,16.1108,0.9719,30.0,0.0,0.0,21.313532,21.645524
569,3,HC-05 + HC-SR04 + BMP280,3.3,30,14.9064,14.3198,0.7738,15.000913,3.3e-05,0.012283,43.23239,43.248811
570,4,HC-05 + INA219 + BMP280 + ESP32-S3,3.3,30,9.9344,19.9841,0.0816,30.425685,0.001775,88.759213,68.097776,68.762399
571,3,DS18B20 + BMP280 + Arduino Uno / ATmega328P,5.0,720,372.7123,316.3,30.9876,0.334247,0.000283,0.512283,35.073297,34.04336
572,1,DHT22 / AM2302,3.3,360,97.7174,259.5072,2.7754,2.5,0.0,2.5,13.817762,13.966802
573,3,ESP32-S3 + SSD1306 OLED controller + INA219,3.3,120,43.1269,73.5276,3.3456,30.566667,0.005667,118.333333,282.901721,267.603428
574,4,ESP32-S3 + HC-05 + Arduino Uno / ATmega328P + MPU6050,3.3,60,13.6372,46.3416,0.0213,31.4,0.00425,88.75,94.66399,90.386666
575,2,nRF24L01+ + Arduino Uno / ATmega328P,4.15,30,7.512,21.1696,1.3185,5.65,0.00045,6.75,5.648686,5.616696
576,1,ESP32,3.3,720,335.5926,372.5958,11.8116,23.88,0.00814,240.0,596.847633,578.509223
577,1,HC-05,3.3,720,36.393,682.3437,1.2633,30.0,0.0,0.0,60.048476,60.799336
578,3,HC-05 + HC-SR501 + DHT22 / AM2302,3.3,1440,88.1908,1294.7962,57.013,32.5,0.0,0.833333,480.762682,498.823774
579,2,MPU6050 + nRF24L01+,3.3,120,55.5874,59.6545,4.7581,7.6,0.00545,6.75,50.039711,48.489224
580,2,DHT22 / AM2302 + MPU6050,3.3,60,34.9032,23.7792,1.3176,3.2,0.005,1.25,12.480184,12.218826
581,4,SSD1306 OLED controller + BMP280 + BME280 + MPU6050,3.3,720,395.9842,290.4598,33.556,0.975685,0.005025,0.009213,85.387399,86.796185
582,4,HC-05 + MPU6050 + DHT22 / AM2302 + Arduino Uno / ATmega328P,3.3,360,156.5962,189.9086,13.4951,9.1,0.0025,0.625,315.465707,313.152167
583,2,nRF24L01+ + HC-05,3.3,360,134.4772,225.4782,0.0446,20.65,0.00045,6.75,305.509179,292.096203
584,2,DS18B20 + HC-SR04,5.0,30,14.9699,13.9545,1.0756,8.0,0.000375,0.75,20.095176,20.121514
585,2,MPU6050 + BMP280,3.3,1440,523.8432,916.1105,0.0462,1.95137,0.00505,0.018425,112.952313,112.691766
586,2,HC-05 + INA219,3.3,360,116.3186,229.1025,14.5789,15.0,0.0,0.0,191.925766,193.387584
587,2,Arduino Uno / ATmega328P + HC-SR04,5.0,360,213.6119,128.9054,17.4827,7.5,0.0,0.0,267.014885,265.194396
588,3,nRF24L01+ + INA219 + HC-05,3.3,60,20.9306,36.7733,2.2961,13.766667,0.0003,4.5,49.250547,48.970706
589,3,ESP32-S3 + nRF24L01+ + INA219,3.3,720,207.2008,508.8901,3.9091,34.333333,0.002633,122.833333,1253.241745,1244.997423
590,3,BME280 + DHT22 / AM2302 + nRF24L01+,3.3,30,1.7721,27.5177,0.7102,4.6,0.0003,5.333333,1.971378,1.999142
591,3,nRF24L01+ + DS18B20 + DHT22 / AM2302,3.3,720,97.1601,611.9109,10.929,4.933333,0.00055,5.833333,92.893327,92.470169
592,3,HC-SR04 + DS18B20 + HC-SR501,5.0,60,13.8908,44.6963,1.4129,27.0,0.00025,0.5,93.942323,94.865687
593,4,nRF24L01+ + ESP32-S3 + Raspberry Pi Pico + Arduino Uno / ATmega328P,3.3,360,86.1194,264.5346,9.3461,25.75,0.326975,92.125,696.316804,711.573417
594,3,ESP32 + BME280 + nRF24L01+,3.3,1440,565.1715,837.7975,37.031,11.726667,0.003013,84.5,1610.271581,1646.919969
595,3,ESP32-S3 + BMP280 + INA219,3.3,60,29.8023,27.6155,2.5822,30.56758,0.002367,118.345617,200.745806,205.087435
596,4,DHT22 / AM2302 + HC-05 + Arduino Uno / ATmega328P + BMP280,3.3,30,6.5664,22.765,0.6686,8.125685,2.5e-05,0.634212,11.831765,11.76503
597,3,SSD1306 OLED controller + MPU6050 + ESP32-S3,3.3,720,65.19,627.2434,27.5666,31.866667,0.009,118.333333,881.938387,892.427989
598,3,MPU6050 + HC-SR501 + BME280,3.3,1440,706.1647,705.7232,28.1121,22.966667,0.003333,0.0,2676.399184,2764.619305
599,3,HC-05 + DHT22 / AM2302 + MPU6050,3.3,30,14.7988,15.071,0.1302,12.133333,0.003333,0.833333,29.653479,29.28244
600,2,BMP280 + BME280,3.3,1440,771.2152,600.2926,68.4922,0.00137,5e-05,0.018425,0.25834,0.256767
601,3,ESP32-S3 + INA219 + Arduino Uno / ATmega328P,3.3,1440,812.9563,626.7555,0.2882,30.566667,0.002333,118.333333,4106.013937,4080.370386
602,1,Arduino Uno / ATmega328P,5.0,60,9.5656,49.7571,0.6773,0.0,0.0,0.0,0.0,0.0
603,2,DHT22 / AM2302 + HC-SR04,4.15,30,11.4422,17.516,1.0418,8.75,0.0,1.25,16.019281,16.438025
604,4,DHT22 / AM2302 + BME280 + nRF24L01+ + Raspberry Pi Pico,3.3,360,72.9472,278.9363,8.1165,3.45,0.325225,4.0,82.467178,81.124332
605,2,DS18B20 + MPU6050,4.15,720,302.2861,394.5757,23.1383,2.45,0.005375,0.75,93.164829,91.955439
606,4,Raspberry Pi Pico + BME280 + ESP32-S3 + HC-05,3.3,120,44.8754,74.7538,0.3709,30.425,0.32675,88.75,312.988262,319.459666
607,1,Arduino Uno / ATmega328P,5.0,60,20.6345,38.5358,0.8297,0.0,0.0,0.0,0.0,0.0
608,4,DS18B20 + Raspberry Pi Pico + ESP32-S3 + HC-05,3.3,720,174.6171,531.3669,14.016,30.675,0.326937,89.125,1496.996485,1538.351882
609,2,nRF24L01+ + SSD1306 OLED controller,3.3,1440,316.9258,1108.4474,14.6268,5.65,0.00545,6.75,208.494265,211.520384
610,1,INA219,3.3,30,4.1157,25.2587,0.6256,0.0,0.0,0.0,0.0,0.0
611,3,ESP32 + Arduino Uno / ATmega328P + BME280,3.3,120,50.8438,67.7134,1.4428,7.96,0.002713,80.0,85.854009,86.961554
612,4,INA219 + DHT22 / AM2302 + Raspberry Pi Pico + ESP32-S3,3.3,360,89.2667,259.7385,10.9948,23.55,0.32675,89.375,697.347996,700.182115
613,1,MPU6050,3.3,1440,767.6253,649.1883,23.1865,3.9,0.01,0.0,165.012673,170.956399
614,4,SSD1306 OLED controller + ESP32 + INA219 + Arduino Uno / ATmega328P,3.3,60,17.0485,41.4904,1.4611,5.97,0.004535,60.0,41.719914,42.88481
615,4,ESP32-S3 + DHT22 / AM2302 + HC-SR04 + MPU6050,3.3,120,8.5681,107.8302,3.6016,28.275,0.00425,89.375,127.857464,131.611569
616,2,HC-SR501 + nRF24L01+,3.3,720,203.7398,505.4814,10.7788,38.15,0.00045,6.75,863.022353,853.020958
617,2,BME280 + ESP32,3.3,720,132.6489,566.6851,20.666,11.94,0.00407,120.0,447.265895,457.925078
618,4,ESP32 + Raspberry Pi Pico + BMP280 + ESP32-S3,3.3,720,209.8579,483.7111,26.431,28.895685,0.32881,148.759212,2234.076906,2281.08523
619,1,nRF24L01+,3.3,1440,669.454,709.1891,61.3569,11.3,0.0009,13.5,461.658245,472.986792
620,4,DHT22 / AM2302 + DS18B20 + MPU6050 + SSD1306 OLED controller,3.3,120,48.1269,68.7834,3.0896,1.85,0.005188,1.0,21.842254,21.278397
621,1,BMP280,3.3,720,352.5444,332.8277,34.6279,0.00274,0.0001,0.03685,0.125141,0.121247
622,4,DS18B20 + BMP280 + nRF24L01+ + ESP32-S3,3.3,1440,526.2325,872.0685,41.699,26.000685,0.002188,92.509213,3875.909208,3845.440458
623,3,SSD1306 OLED controller + BME280 + Arduino Uno / ATmega328P,3.3,1440,421.4427,1003.3514,15.2059,0.0,0.003333,0.0,0.551843,0.558722
624,4,nRF24L01+ + INA219 + HC-SR04 + ESP32,3.3,720,135.0677,553.3821,31.5502,12.545,0.00226,63.375,870.341194,877.346409
625,3,Raspberry Pi Pico + SSD1306 OLED controller + ESP32-S3,3.3,720,333.5196,369.7547,16.7257,30.566667,0.439,118.333333,2035.458489,1964.853085
626,2,Arduino Uno / ATmega328P + BMP280,4.15,60,33.619,25.8858,0.4952,0.00137,5e-05,0.018425,0.006212,0.005972
627,2,BMP280 + DHT22 / AM2302,3.3,60,4.9277,52.7022,2.3701,1.25137,5e-05,1.268425,1.009279,1.010887
628,1,Arduino Uno / ATmega328P,5.0,120,49.6953,66.5208,3.7839,0.0,0.0,0.0,0.0,0.0
629,2,INA219 + BMP280,3.3,360,174.9002,176.2564,8.8435,0.00137,5e-05,0.018425,0.04525,0.046472
630,4,BME280 + ESP32-S3 + nRF24L01+ + HC-SR04,3.3,30,15.2959,13.3046,1.3995,29.5,0.001975,92.125,134.140761,132.264796
631,2,HC-SR04 + HC-05,4.15,60,7.2201,51.7329,1.047,22.5,0.0,0.0,20.938344,20.62803
632,4,DS18B20 + Raspberry Pi Pico + DHT22 / AM2302 + ESP32,3.3,30,10.7784,18.2419,0.9796,6.845,0.327223,61.0,31.038579,30.865847
633,2,DS18B20 + HC-05,4.15,30,1.7571,27.933,0.3099,15.5,0.000375,0.75,3.086097,3.032974
634,2,Raspberry Pi Pico + HC-SR04,5.0,30,4.0979,24.903,0.9991,7.5,0.65,0.0,7.820178,7.827405
635,3,SSD1306 OLED controller + Arduino Uno / ATmega328P + nRF24L01+,3.3,1440,518.7449,916.8203,4.4348,3.766667,0.003633,4.5,326.242449,330.368608
636,1,DHT22 / AM2302,3.3,120,34.2357,84.0853,1.679,2.5,0.0,2.5,4.938267,5.007536
637,4,BMP280 + HC-SR501 + HC-05 + INA219,3.3,360,161.1409,189.0494,9.8097,23.750685,2.5e-05,0.009213,842.006574,834.022996
638,1,ESP32-S3,3.3,60,33.875,24.2519,1.8731,91.7,0.007,355.0,207.430039,210.051144
639,2,nRF24L01+ + HC-SR501,3.3,360,75.4812,276.6014,7.9174,38.15,0.00045,6.75,322.649325,331.033993
640,2,INA219 + ESP32,3.3,720,148.0599,547.3679,24.5722,11.94,0.00407,120.0,519.059341,516.698445
641,3,DS18B20 + ESP32 + HC-SR501,4.15,1440,651.9967,737.2109,50.7924,29.96,0.002963,80.5,4519.118467,4357.629884
642,3,ESP32 + HC-SR04 + Arduino Uno / ATmega328P,5.0,60,15.1025,43.7246,1.1729,12.96,0.002713,80.0,54.215421,55.483787
643,2,Arduino Uno / ATmega328P + MPU6050,4.15,30,13.153,16.7248,0.1222,1.95,0.005,0.0,2.830523,2.754444
644,2,nRF24L01+ + ESP32,3.3,720,172.1092,513.7177,34.1731,17.59,0.00452,126.75,809.727958,795.048707
645,2,ESP32 + HC-SR04,4.15,30,9.2062,20.2379,0.5559,19.44,0.00407,120.0,30.94667,30.361619
646,3,SSD1306 OLED controller + ESP32-S3 + Raspberry Pi Pico,3.3,1440,398.5501,1041.311,0.1389,30.566667,0.439,118.333333,2088.227551,2162.619694
647,1,ESP32,3.3,720,320.1211,366.9533,32.9256,23.88,0.00814,240.0,855.22893,867.581886
648,2,BMP280 + SSD1306 OLED controller,3.3,1440,103.141,1265.8028,71.0562,0.00137,0.00505,0.018425,0.86271,0.844499
649,4,HC-SR04 + MPU6050 + Arduino Uno / ATmega328P + nRF24L01+,4.15,120,40.5291,73.9232,5.5477,7.55,0.002725,3.375,88.707168,84.049781
650,3,DS18B20 + ESP32 + DHT22 / AM2302,3.3,30,4.6732,25.1118,0.215,9.126667,0.002963,81.333333,10.077339,10.015893
651,4,HC-SR501 + HC-SR04 + ESP32-S3 + Arduino Uno / ATmega328P,5.0,30,16.0403,13.1391,0.8205,42.925,0.00175,88.75,203.860946,210.222838
652,4,BMP280 + ESP32-S3 + ESP32 + HC-SR04,3.3,120,32.1302,86.0403,1.8295,32.645685,0.00381,148.759212,304.36151,302.804256
653,4,DS18B20 + BMP280 + nRF24L01+ + MPU6050,3.3,1440,346.0327,1027.5154,66.4519,4.050685,0.002938,3.759212,376.639125,370.802936
654,4,HC-SR04 + Arduino Uno / ATmega328P + HC-SR501 + INA219,5.0,30,16.514,12.6889,0.7971,20.0,0.0,0.0,110.093089,107.048491
655,1,HC-SR04,5.0,720,232.8479,477.6643,9.4878,15.0,0.0,0.0,291.059878,277.472172
656,1,DHT22 / AM2302,3.3,360,116.544,241.778,1.6779,2.5,0.0,2.5,16.255519,15.991891
657,4,HC-05 + Raspberry Pi Pico + DHT22 / AM2302 + INA219,3.3,60,9.9221,49.8045,0.2734,8.125,0.325,0.625,21.334371,21.338781
658,4,HC-05 + BMP280 + ESP32-S3 + Arduino Uno / ATmega328P,3.3,1440,638.2142,796.8222,4.9636,30.425685,0.001775,88.759213,4369.218365,4219.287913
659,1,BME280,3.3,30,3.249,26.157,0.594,0.0,0.0,0.0,0.0,0.0
660,4,INA219 + ESP32-S3 + BMP280 + HC-05,3.3,120,11.9637,105.0485,2.9878,30.425685,0.001775,88.759213,138.464711,137.346471
661,1,BMP280,3.3,30,17.2385,12.544,0.2175,0.00274,0.0001,0.03685,0.003108,0.003077
662,1,HC-05,3.3,60,5.5199,53.8731,0.6069,30.0,0.0,0.0,9.1079,8.970253
663,3,ESP32-S3 + DS18B20 + HC-SR04,5.0,120,35.1072,81.4053,3.4875,35.9,0.002583,118.833333,292.438402,284.171067
664,1,ESP32,3.3,120,10.7411,107.9381,1.3208,23.88,0.00814,240.0,31.590068,30.580134
665,1,BME280,3.3,120,70.655,46.8065,2.5385,0.0,0.0,0.0,0.0,0.0
666,4,ESP32 + DHT22 / AM2302 + Arduino Uno / ATmega328P + HC-05,3.3,30,8.9777,20.5128,0.5095,14.095,0.002035,60.625,34.643403,33.917388
667,3,DS18B20 + Arduino Uno / ATmega328P + MPU6050,5.0,120,41.534,77.3612,1.1048,1.633333,0.003583,0.5,12.555689,11.993966
668,1,nRF24L01+,3.3,30,4.166,24.9156,0.9183,11.3,0.0009,13.5,3.272296,3.286784
669,4,HC-SR501 + INA219 + SSD1306 OLED controller + Raspberry Pi Pico,3.3,60,11.2701,47.3716,1.3583,16.25,0.3275,0.0,43.703705,44.39429
670,3,INA219 + HC-05 + DHT22 / AM2302,3.3,60,13.391,43.9019,2.7071,10.833333,0.0,0.833333,24.308622,24.479419
671,2,INA219 + BMP280,3.3,720,226.0923,461.321,32.5867,0.00137,5e-05,0.018425,0.102654,0.102794
672,3,nRF24L01+ + Raspberry Pi Pico + DHT22 / AM2302,3.3,360,42.5559,310.375,7.0691,4.6,0.433633,5.333333,60.727894,61.581759
673,4,BMP280 + HC-05 + MPU6050 + ESP32,3.3,360,44.7858,298.5705,16.6437,14.445685,0.00456,60.009212,362.361763,379.638165
674,4,BME280 + DS18B20 + BMP280 + Arduino Uno / ATmega328P,4.15,120,53.3563,60.9461,5.6976,0.250685,0.000213,0.384213,5.182292,5.284201
675,1,HC-SR501,3.3,120,60.6608,54.2412,5.0979,65.0,0.0,0.0,216.862484,219.104801
676,2,BME280 + DHT22 / AM2302,3.3,120,58.8052,55.3939,5.8009,1.25,0.0,1.25,8.883335,8.697777
677,4,HC-SR501 + MPU6050 + Arduino Uno / ATmega328P + ESP32-S3,3.3,360,155.6525,187.9659,16.3816,40.15,0.00425,88.75,1694.905605,1704.942856
678,2,MPU6050 + HC-05,3.3,360,101.0924,255.7609,3.1467,16.95,0.005,0.0,188.627451,189.862625
679,4,MPU6050 + BMP280 + DHT22 / AM2302 + DS18B20,3.3,1440,364.6211,1055.6364,19.7426,1.850685,0.002713,1.009212,164.661476,168.602246
680,2,DHT22 / AM2302 + ESP32-S3,3.3,360,200.7983,149.4948,9.707,47.1,0.0035,178.75,1231.256592,1214.257136
681,1,ESP32-S3,3.3,720,75.9767,616.4901,27.5333,91.7,0.007,355.0,921.01273,909.046864
682,1,BMP280,3.3,60,10.236,48.7944,0.9696,0.00274,0.0001,0.03685,0.003776,0.003797
683,1,DS18B20,5.0,120,65.7427,52.487,1.7702,1.0,0.00075,1.5,5.703121,5.756695
684,3,HC-SR04 + BME280 + MPU6050,3.3,1440,147.6229,1241.1131,51.2641,6.3,0.003333,0.0,216.876294,224.349113
685,3,BMP280 + HC-SR04 + nRF24L01+,3.3,360,170.6204,180.3739,9.0057,8.76758,0.000333,4.512283,326.056749,327.330854
686,4,Arduino Uno / ATmega328P + HC-SR501 + INA219 + SSD1306 OLED controller,3.3,60,18.9571,38.1897,2.8531,16.25,0.0025,0.0,67.792814,68.65339
687,3,nRF24L01+ + BME280 + MPU6050,3.3,360,120.7166,230.6565,8.6269,5.066667,0.003633,4.5,107.462824,105.905529
688,1,HC-SR04,5.0,1440,651.0624,743.8068,45.1308,15.0,0.0,0.0,813.827983,802.545284
689,1,HC-SR04,5.0,30,1.8361,27.4094,0.7546,15.0,0.0,0.0,2.2951,2.228843
690,3,DS18B20 + INA219 + Raspberry Pi Pico,4.15,120,40.9122,78.8869,0.2009,0.333333,0.433583,0.5,10.53264,10.545493
691,3,MPU6050 + Arduino Uno / ATmega328P + BMP280,3.3,30,8.6789,20.6975,0.6235,1.300913,0.003367,0.012283,1.875703,1.908184
692,3,HC-05 + BMP280 + INA219,3.3,30,16.477,13.4164,0.1066,10.000913,3.3e-05,0.012283,27.189794,26.835198
693,1,Arduino Uno / ATmega328P,5.0,360,73.4856,271.0343,15.4801,0.0,0.0,0.0,0.0,0.0
694,3,ESP32 + HC-SR501 + Raspberry Pi Pico,3.3,30,8.1685,21.0267,0.8047,29.626667,0.436047,80.0,52.066396,53.540827
695,4,Raspberry Pi Pico + DS18B20 + nRF24L01+ + DHT22 / AM2302,3.3,720,256.0012,441.9755,22.0234,3.7,0.325412,4.375,269.422542,274.059937
696,4,INA219 + HC-SR501 + DS18B20 + nRF24L01+,3.3,30,13.0405,16.233,0.7265,19.325,0.000412,3.75,56.443163,55.944979
697,4,HC-SR501 + ESP32-S3 + INA219 + DS18B20,3.3,1440,135.9712,1251.9239,52.1048,39.425,0.001937,89.125,2207.619357,2231.918407
698,2,HC-SR501 + SSD1306 OLED controller,3.3,60,20.1316,39.5159,0.3524,32.5,0.005,0.0,71.992368,72.238493
699,3,SSD1306 OLED controller + Raspberry Pi Pico + ESP32-S3,3.3,30,3.2459,25.8324,0.9216,30.566667,0.439,118.333333,36.237113,37.301589
700,4,Raspberry Pi Pico + DS18B20 + HC-05 + Arduino Uno / ATmega328P,5.0,120,19.364,96.4403,4.1956,7.75,0.325188,0.375,44.542508,44.000197
701,1,BMP280,3.3,60,21.7292,37.7143,0.5566,0.00274,0.0001,0.03685,0.00461,0.004551
702,1,MPU6050,3.3,30,17.6023,11.3709,1.0268,3.9,0.01,0.0,3.781939,3.83843
703,2,nRF24L01+ + ESP32,3.3,120,20.4151,94.3484,5.2365,17.59,0.00452,126.75,112.558103,114.847934
704,1,INA219,3.3,60,21.3698,37.8629,0.7673,0.0,0.0,0.0,0.0,0.0
705,3,ESP32 + HC-05 + BMP280,3.3,720,104.0603,602.1047,13.835,17.960913,0.002747,80.012283,491.311319,525.251561
706,1,DS18B20,5.0,360,173.0365,172.0572,14.9062,1.0,0.00075,1.5,16.293742,15.693794
707,2,HC-SR04 + BME280,4.15,120,62.3963,57.479,0.1247,7.5,0.0,0.0,77.995403,80.264318
708,2,SSD1306 OLED controller + HC-SR501,3.3,120,15.889,102.9905,1.1205,32.5,0.005,0.0,56.859702,57.270454
709,1,SSD1306 OLED controller,3.3,720,48.0704,655.1835,16.7461,0.0,0.01,0.0,0.360351,0.35078
710,1,INA219,3.3,60,34.6526,22.6843,2.663,0.0,0.0,0.0,0.0,0.0
711,3,HC-05 + INA219 + BME280,3.3,60,29.9116,27.7092,2.3792,10.0,0.0,0.0,49.354125,49.42683
712,2,BME280 + HC-SR04,4.15,120,59.2569,55.5682,5.1749,7.5,0.0,0.0,74.071146,73.314321
713,4,BMP280 + ESP32 + MPU6050 + BME280,3.3,360,19.4549,334.1485,6.3966,6.945685,0.00456,60.009212,114.510893,119.906237
714,3,HC-05 + ESP32-S3 + ESP32,3.3,30,16.5116,13.1638,0.3246,48.526667,0.005047,198.333333,142.83965,148.900836
715,4,Raspberry Pi Pico + ESP32-S3 + Arduino Uno / ATmega328P + HC-SR04,5.0,720,356.5934,348.9,14.5067,26.675,0.32675,88.75,2565.394672,2481.28103
716,3,BME280 + Raspberry Pi Pico + HC-SR501,3.3,720,222.8271,471.4739,25.699,21.666667,0.433333,0.0,830.317426,865.524226
717,2,HC-05 + DHT22 / AM2302,3.3,60,21.266,37.7013,1.0328,16.25,0.0,1.25,38.154924,37.892773
718,1,ESP32,3.3,360,121.0303,224.605,14.3647,23.88,0.00814,240.0,348.675972,347.747961
719,4,DS18B20 + BMP280 + Arduino Uno / ATmega328P + ESP32,4.15,720,374.0391,331.6705,14.2904,6.220685,0.002247,60.384212,713.108475,736.255598
720,4,DS18B20 + HC-SR04 + HC-05 + ESP32,4.15,60,21.1818,38.6418,0.1764,17.47,0.002223,60.375,93.382944,97.025138
721,2,nRF24L01+ + Arduino Uno / ATmega328P,4.15,1440,816.2584,618.8729,4.8686,5.65,0.00045,6.75,510.950218,525.336111
722,1,ESP32,3.3,1440,127.6864,1311.0009,1.3126,23.88,0.00814,240.0,185.617093,186.456483
723,4,HC-SR04 + nRF24L01+ + INA219 + BMP280,3.3,720,128.7811,564.9312,26.2877,6.575685,0.00025,3.384212,260.63612,256.715964
724,3,SSD1306 OLED controller + HC-05 + BMP280,3.3,360,182.7992,173.9085,3.2923,10.000913,0.003367,0.012283,301.749543,310.594789
725,3,HC-SR501 + ESP32 + INA219,3.3,60,34.4226,24.6357,0.9417,29.626667,0.002713,80.0,180.712496,174.433019
726,3,BME280 + HC-05 + HC-SR501,3.3,360,148.5745,193.8069,17.6186,31.666667,0.0,0.0,776.301869,769.054483
727,2,BMP280 + nRF24L01+,3.3,120,34.5098,83.7862,1.704,5.65137,0.0005,6.768425,22.726324,23.252652
728,1,BMP280,3.3,360,50.7954,298.575,10.6297,0.00274,0.0001,0.03685,0.030841,0.031084
729,2,BME280 + HC-05,3.3,720,46.3789,654.8292,18.7919,15.0,0.0,0.0,76.525194,75.946227
730,4,HC-SR04 + Raspberry Pi Pico + INA219 + Arduino Uno / ATmega328P,5.0,1440,312.1729,1116.7216,11.1055,3.75,0.325,0.0,511.1943,528.496338
731,1,HC-SR501,3.3,360,168.5386,182.1207,9.3407,65.0,0.0,0.0,602.525374,597.200787
732,1,ESP32,3.3,120,34.9804,83.9375,1.0821,23.88,0.00814,240.0,60.263982,60.354109
733,2,Raspberry Pi Pico + SSD1306 OLED controller,3.3,720,331.654,387.6468,0.6992,0.0,0.655,0.0,27.929952,27.682286
734,4,BMP280 + DS18B20 + HC-SR501 + SSD1306 OLED controller,3.3,120,63.7515,55.2679,0.9806,16.500685,0.002713,0.384213,233.392703,243.156309
735,3,DS18B20 + nRF24L01+ + ESP32,3.3,360,171.4962,178.8789,9.6249,12.06,0.003263,85.0,481.617727,483.986779
736,2,DHT22 / AM2302 + ESP32,3.3,360,78.3812,278.3732,3.2456,13.19,0.00407,121.25,157.136169,154.157853
737,1,Arduino Uno / ATmega328P,5.0,120,31.0316,87.848,1.1205,0.0,0.0,0.0,0.0,0.0
738,3,DHT22 / AM2302 + Arduino Uno / ATmega328P + ESP32-S3,3.3,60,32.7645,24.7414,2.4941,31.4,0.002333,119.166667,218.802398,211.051521
739,3,HC-SR04 + ESP32 + HC-SR501,4.15,120,25.5616,92.6277,1.8107,34.626667,0.002713,80.0,204.387993,205.007656
740,1,DHT22 / AM2302,3.3,60,31.9712,25.2929,2.736,2.5,0.0,2.5,4.772229,4.577654
741,4,INA219 + HC-SR04 + MPU6050 + HC-SR501,3.3,720,369.5279,315.4202,35.0519,20.975,0.0025,0.0,1862.409485,1877.574333
742,1,INA219,3.3,360,122.54,231.4431,6.0169,0.0,0.0,0.0,0.0,0.0
743,3,HC-SR04 + DHT22 / AM2302 + ESP32,3.3,720,200.2427,507.9792,11.7782,13.793333,0.002713,80.833333,698.153945,725.447471
744,2,DS18B20 + Raspberry Pi Pico,5.0,30,4.2313,24.7809,0.9878,0.5,0.650375,0.75,3.16223,3.023952
745,4,SSD1306 OLED controller + INA219 + Raspberry Pi Pico + ESP32-S3,3.3,30,9.6783,19.3399,0.9819,22.925,0.32925,88.75,69.384059,67.807233
746,1,INA219,3.3,60,30.3404,26.7492,2.9104,0.0,0.0,0.0,0.0,0.0
747,4,HC-05 + INA219 + nRF24L01+ + HC-SR04,3.3,360,171.6145,186.3677,2.0178,14.075,0.000225,3.375,605.84789,614.599655
748,2,HC-05 + HC-SR501,3.3,360,186.3854,155.6843,17.9303,47.5,0.0,0.0,973.863582,1004.969327
749,1,DHT22 / AM2302,3.3,30,9.4022,19.857,0.7409,2.5,0.0,2.5,1.394665,1.362256
750,2,nRF24L01+ + ESP32-S3,3.3,30,9.0079,20.065,0.9271,51.5,0.00395,184.25,69.828457,68.059568
751,1,ESP32-S3,3.3,120,33.1693,85.7044,1.1263,91.7,0.007,355.0,189.313159,189.001453
752,2,ESP32-S3 + DHT22 / AM2302,3.3,360,120.1146,224.0917,15.7937,47.1,0.0035,178.75,932.943272,901.267565
753,3,DHT22 / AM2302 + ESP32-S3 + Arduino Uno / ATmega328P,3.3,1440,676.4442,745.8967,17.6591,31.4,0.002333,119.166667,3852.167265,3947.392723
754,2,HC-SR04 + BMP280,4.15,720,372.8225,320.7771,26.4004,7.50137,5e-05,0.018425,466.139618,473.274747
755,1,HC-05,3.3,1440,257.6184,1142.727,39.6546,30.0,0.0,0.0,425.070315,426.521097
756,3,HC-SR501 + DS18B20 + DHT22 / AM2302,4.15,120,39.2085,80.2512,0.5403,22.833333,0.00025,1.333333,185.080203,187.037713
757,2,HC-05 + SSD1306 OLED controller,3.3,30,2.303,27.6525,0.0444,15.0,0.005,0.0,3.81518,3.877602
758,2,HC-SR04 + DS18B20,5.0,120,24.1419,89.978,5.8801,8.0,0.000375,0.75,32.929816,32.905342
759,1,HC-05,3.3,120,10.6523,105.248,4.0997,30.0,0.0,0.0,17.576307,17.583101
760,2,HC-05 + BMP280,3.3,60,27.6214,30.0693,2.3093,15.00137,5e-05,0.018425,45.584384,44.35886
761,2,ESP32 + MPU6050,3.3,360,66.0398,289.0239,4.9363,13.89,0.00907,120.0,166.349689,164.434144
762,4,Raspberry Pi Pico + ESP32-S3 + HC-SR04 + DS18B20,5.0,30,10.6371,18.4991,0.8638,26.925,0.326937,89.125,86.817182,87.7522
763,1,INA219,3.3,720,180.2211,509.2268,30.5521,0.0,0.0,0.0,0.0,0.0
764,1,DHT22 / AM2302,3.3,720,67.3114,635.0764,17.6122,2.5,0.0,2.5,11.677001,11.518579
765,3,HC-SR501 + DS18B20 + nRF24L01+,4.15,720,302.1182,390.1955,27.6862,25.766667,0.00055,5.0,1595.277693,1593.940221
766,4,DS18B20 + nRF24L01+ + ESP32-S3 + MPU6050,3.3,60,19.3923,38.4182,2.1895,26.975,0.004662,92.5,160.322053,161.693243
767,2,Raspberry Pi Pico + ESP32-S3,3.3,1440,215.9978,1200.1368,23.8654,45.85,0.6535,177.5,1641.628856,1652.249047
768,2,DS18B20 + BMP280,4.15,1440,853.3793,539.6983,46.9223,0.50137,0.000425,0.768425,77.240637,76.467899
769,3,INA219 + DHT22 / AM2302 + SSD1306 OLED controller,3.3,720,421.4094,267.4816,31.109,0.833333,0.003333,0.833333,62.36839,63.303355
770,1,ESP32-S3,3.3,720,220.9393,487.4281,11.6326,91.7,0.007,355.0,1341.621682,1334.581438
771,3,HC-SR501 + ESP32-S3 + BMP280,3.3,360,60.6407,282.4643,16.895,52.234247,0.002367,118.345617,852.660441,849.938533
772,3,HC-SR04 + SSD1306 OLED controller + nRF24L01+,3.3,360,186.1934,167.85,5.9566,8.766667,0.003633,4.5,352.984405,355.231922
773,1,Arduino Uno / ATmega328P,5.0,120,35.5151,82.5291,1.9558,0.0,0.0,0.0,0.0,0.0
774,2,DS18B20 + BME280,4.15,30,7.116,21.8494,1.0346,0.5,0.000375,0.75,0.723694,0.727894
775,4,HC-SR04 + INA219 + ESP32-S3 + Raspberry Pi Pico,3.3,120,24.014,90.0172,5.9688,26.675,0.32675,88.75,274.144387,277.930635
776,1,Raspberry Pi Pico,3.3,60,13.2301,45.3788,1.3911,0.0,1.3,0.0,3.244585,3.181848
777,3,BMP280 + HC-05 + ESP32-S3,3.3,360,190.2789,153.8436,15.8775,40.56758,0.002367,118.345617,1583.761435,1557.817057
778,2,HC-SR501 + INA219,3.3,30,12.8211,15.8042,1.3746,32.5,0.0,0.0,45.835553,47.46825
779,1,ESP32-S3,3.3,120,32.9621,82.1725,4.8654,91.7,0.007,355.0,261.272778,254.704465
780,3,HC-05 + SSD1306 OLED controller + MPU6050,3.3,30,6.5569,23.3907,0.0524,11.3,0.006667,0.0,12.251119,12.195384
781,1,DS18B20,5.0,720,80.1005,635.1336,4.7659,1.0,0.00075,1.5,7.310474,7.404363
782,1,nRF24L01+,3.3,1440,819.7392,616.9084,3.3524,11.3,0.0009,13.5,511.987591,510.937137
783,2,HC-05 + nRF24L01+,3.3,60,12.4218,46.219,1.3592,20.65,0.00045,6.75,29.22764,29.8382
784,2,BME280 + HC-05,3.3,120,22.1411,93.4968,4.3621,15.0,0.0,0.0,36.532894,37.088884
785,2,MPU6050 + BME280,3.3,120,37.5806,79.27,3.1495,1.95,0.005,0.0,8.10463,8.180427
786,2,BMP280 + BME280,3.3,120,28.5928,89.1657,2.2415,0.00137,5e-05,0.018425,0.009342,0.009309
787,4,ESP32-S3 + Arduino Uno / ATmega328P + HC-SR04 + HC-05,4.15,30,14.594,15.0371,0.3689,34.175,0.00175,88.75,123.136095,125.275469
788,2,INA219 + BMP280,3.3,360,56.3709,297.4233,6.2058,0.00137,5e-05,0.018425,0.022709,0.023046
789,1,HC-SR04,5.0,120,35.4886,81.253,3.2584,15.0,0.0,0.0,44.360698,44.52895
790,1,BME280,3.3,360,31.8917,322.0494,6.0589,0.0,0.0,0.0,0.0,0.0
791,2,Arduino Uno / ATmega328P + ESP32,4.15,720,161.3182,525.701,32.9807,11.94,0.00407,120.0,647.45648,668.937754
792,2,HC-SR501 + Arduino Uno / ATmega328P,5.0,1440,662.7879,728.1225,49.0896,32.5,0.0,0.0,3590.101287,3510.689327
793,2,ESP32-S3 + DHT22 / AM2302,3.3,360,62.6763,283.2992,14.0245,47.1,0.0035,178.75,600.591689,594.107842
794,1,HC-SR501,3.3,30,2.1011,27.2341,0.6648,65.0,0.0,0.0,7.511529,7.247137
795,2,INA219 + SSD1306 OLED controller,3.3,1440,491.6021,922.1821,26.2158,0.0,0.005,0.0,0.5072,0.475311
796,1,SSD1306 OLED controller,3.3,1440,503.5542,906.5571,29.8887,0.0,0.01,0.0,0.498606,0.513759
797,2,ESP32 + INA219,3.3,60,19.624,37.6101,2.7659,11.94,0.00407,120.0,62.300734,62.22749
798,3,HC-05 + BMP280 + Raspberry Pi Pico,3.3,360,130.7897,225.3521,3.8582,10.000913,0.433367,0.012283,231.944492,233.924558
799,1,DS18B20,5.0,60,3.1452,55.515,1.3397,1.0,0.00075,1.5,0.43304,0.433651
800,2,ESP32-S3 + nRF24L01+,3.3,120,11.4067,106.9393,1.654,51.5,0.00395,184.25,98.187786,99.301178
801,3,DHT22 / AM2302 + DS18B20 + BME280,3.3,60,34.9093,22.4867,2.6041,1.166667,0.00025,1.333333,8.394096,8.261973
802,3,HC-05 + MPU6050 + DS18B20,3.3,720,230.4684,488.9259,0.6057,11.633333,0.003583,0.5,449.289222,451.76456
803,4,BMP280 + Arduino Uno / ATmega328P + DHT22 / AM2302 + nRF24L01+,3.3,120,61.6148,53.8371,4.548,3.450685,0.00025,4.009213,50.789384,50.156316
804,2,Arduino Uno / ATmega328P + Raspberry Pi Pico,5.0,30,9.1334,19.6444,1.2222,0.0,0.65,0.0,2.128147,2.064285
805,1,BMP280,3.3,720,208.7536,490.4018,20.8446,0.00274,0.0001,0.03685,0.076403,0.076809
806,3,SSD1306 OLED controller + Raspberry Pi Pico + DS18B20,4.15,1440,410.9983,1027.8557,1.146,0.333333,0.436917,0.5,127.444027,130.194585
807,3,BMP280 + INA219 + HC-SR501,3.3,120,24.1268,91.8838,3.9894,21.66758,3.3e-05,0.012283,86.265456,87.258108
808,3,SSD1306 OLED controller + DHT22 / AM2302 + MPU6050,3.3,60,16.6616,40.978,2.3604,2.133333,0.006667,0.833333,6.234515,6.164576
809,1,HC-SR501,3.3,30,12.7578,16.132,1.1102,65.0,0.0,0.0,45.609065,46.401369
810,2,DS18B20 + SSD1306 OLED controller,4.15,30,1.6774,28.1381,0.1845,0.5,0.005375,0.75,0.180078,0.176813
811,1,INA219,3.3,120,24.1455,93.2801,2.5745,0.0,0.0,0.0,0.0,0.0
812,2,ESP32 + DHT22 / AM2302,3.3,30,12.3226,17.4725,0.2049,13.19,0.00407,121.25,20.619632,20.499307
813,1,Arduino Uno / ATmega328P,5.0,120,59.1687,60.0794,0.752,0.0,0.0,0.0,0.0,0.0
814,3,ESP32-S3 + HC-SR04 + INA219,3.3,360,22.6056,332.3776,5.0168,35.566667,0.002333,118.333333,240.348795,239.845088
815,1,INA219,3.3,60,28.5813,29.432,1.9866,0.0,0.0,0.0,0.0,0.0
816,2,DHT22 / AM2302 + HC-SR501,3.3,60,17.6034,40.4906,1.906,33.75,0.0,1.25,65.614736,66.277796
817,3,HC-05 + HC-SR04 + Arduino Uno / ATmega328P,5.0,720,255.5502,456.4614,7.9884,15.0,0.0,0.0,741.095466,732.997896
818,3,DHT22 / AM2302 + INA219 + MPU6050,3.3,30,11.3478,17.7482,0.904,2.133333,0.003333,0.833333,4.128492,4.158879
819,3,ESP32-S3 + nRF24L01+ + SSD1306 OLED controller,3.3,30,7.9983,20.5022,1.4996,34.333333,0.005967,122.833333,75.722985,78.50749
820,3,SSD1306 OLED controller + HC-SR04 + Arduino Uno / ATmega328P,5.0,60,25.8358,32.7215,1.4427,5.0,0.003333,0.0,32.312723,31.468726
821,4,HC-SR501 + BMP280 + SSD1306 OLED controller + HC-05,3.3,360,53.6175,290.5716,15.8109,23.750685,0.002525,0.009213,280.353079,271.624477
822,2,HC-SR501 + INA219,3.3,1440,168.3787,1222.4821,49.1392,32.5,0.0,0.0,601.95388,581.178828
823,4,ESP32-S3 + ESP32 + BMP280 + Raspberry Pi Pico,3.3,1440,717.4026,668.6819,53.9155,28.895685,0.32881,148.759212,6373.431326,6430.942126
824,2,INA219 + HC-SR501,3.3,120,31.7183,87.316,0.9657,32.5,0.0,0.0,113.392916,114.623629
825,3,DS18B20 + HC-SR04 + nRF24L01+,5.0,1440,456.0885,932.3116,51.5999,9.1,0.00055,5.0,936.444376,925.798088
826,1,HC-SR04,5.0,720,285.396,406.2518,28.3523,15.0,0.0,0.0,356.744948,356.620559
827,2,DS18B20 + HC-SR501,5.0,720,322.8466,374.4133,22.7401,33.0,0.000375,0.75,1778.522195,1799.175199
828,2,SSD1306 OLED controller + MPU6050,3.3,30,11.3211,17.2032,1.4757,1.95,0.01,0.0,2.447291,2.418618
829,3,HC-05 + HC-SR501 + ESP32,3.3,720,309.6883,402.1105,8.2012,39.626667,0.002713,80.0,2133.301719,2077.167573
830,3,HC-SR501 + Arduino Uno / ATmega328P + INA219,4.15,60,10.8106,46.6134,2.576,21.666667,0.0,0.0,48.60253,46.644126
831,1,MPU6050,3.3,720,98.8644,615.409,5.7266,3.9,0.01,0.0,21.544897,21.112802
832,3,Arduino Uno / ATmega328P + BME280 + HC-SR04,5.0,30,7.6124,21.9102,0.4774,5.0,0.0,0.0,9.515523,9.635535
833,3,INA219 + HC-SR501 + DS18B20,4.15,60,31.8026,26.4509,1.7465,22.0,0.00025,0.5,145.849292,145.164743
834,2,ESP32 + BMP280,3.3,60,29.7921,27.4659,2.742,11.94137,0.00412,120.018425,75.346011,75.009532
835,4,HC-SR501 + DHT22 / AM2302 + nRF24L01+ + Raspberry Pi Pico,3.3,60,23.8925,35.5386,0.5689,19.7,0.325225,4.0,106.593482,105.884429
836,2,ESP32-S3 + Arduino Uno / ATmega328P,4.15,30,15.6066,13.3378,1.0557,45.85,0.0035,177.5,99.328653,96.643212
837,3,DHT22 / AM2302 + HC-SR04 + Arduino Uno / ATmega328P,5.0,1440,351.7248,1043.9787,44.2966,5.833333,0.0,0.833333,494.108884,483.249116
838,2,DS18B20 + HC-SR04,5.0,720,101.9879,616.4332,1.5789,8.0,0.000375,0.75,136.219773,137.422208
839,3,HC-05 + DS18B20 + BME280,3.3,720,129.0384,571.8175,19.144,10.333333,0.00025,0.5,226.095366,219.460633
840,2,INA219 + HC-05,3.3,60,12.6117,45.8687,1.5196,15.0,0.0,0.0,20.809285,21.065091
841,2,BME280 + HC-SR501,3.3,360,184.307,159.869,15.824,32.5,0.0,0.0,658.897349,659.236947
842,4,DHT22 / AM2302 + Arduino Uno / ATmega328P + HC-SR501 + DS18B20,5.0,60,22.5361,37.3873,0.0766,17.125,0.000188,1.0,127.06968,126.828643
843,4,nRF24L01+ + ESP32 + HC-05 + INA219,3.3,60,32.5591,26.8706,0.5703,16.295,0.00226,63.375,124.685772,124.557737
844,1,BME280,3.3,720,131.3342,583.239,5.4268,0.0,0.0,0.0,0.0,0.0
845,3,Arduino Uno / ATmega328P + INA219 + MPU6050,3.3,360,182.4657,174.6702,2.8641,1.3,0.003333,0.0,39.23496,40.40864
846,1,SSD1306 OLED controller,3.3,60,16.9157,41.4086,1.6757,0.0,0.01,0.0,0.022775,0.023563
847,3,DHT22 / AM2302 + HC-SR04 + HC-05,3.3,720,274.6457,443.3568,1.9975,15.833333,0.0,0.833333,834.510964,818.595658
848,3,Raspberry Pi Pico + INA219 + DS18B20,4.15,30,16.7117,12.5189,0.7694,0.333333,0.433583,0.5,2.615258,2.714082
849,1,MPU6050,3.3,120,39.2097,79.0244,1.7659,3.9,0.01,0.0,8.453943,8.644997
850,2,Arduino Uno / ATmega328P + BMP280,4.15,360,212.8942,143.086,4.0198,0.00137,5e-05,0.018425,0.041017,0.042711
851,2,ESP32-S3 + Raspberry Pi Pico,3.3,1440,210.174,1187.9687,41.8573,45.85,0.6535,177.5,1962.673456,1987.268753
852,3,ESP32 + DHT22 / AM2302 + SSD1306 OLED controller,3.3,120,57.7392,59.763,2.4979,8.793333,0.006047,80.833333,117.148847,114.54993
853,4,HC-05 + Arduino Uno / ATmega328P + MPU6050 + ESP32,3.3,120,71.6583,45.008,3.3337,14.445,0.004535,60.0,271.77258,268.401521
854,2,SSD1306 OLED controller + DS18B20,4.15,720,377.2827,322.44,20.2772,0.5,0.005375,0.75,34.172375,34.573274
855,3,ESP32 + SSD1306 OLED controller + DS18B20,3.3,60,8.4353,50.7005,0.8642,8.293333,0.006297,80.5,23.351702,23.480434
856,2,SSD1306 OLED controller + DS18B20,4.15,60,23.2009,34.5389,2.2601,0.5,0.005375,0.75,2.23708,2.211852
857,1,ESP32-S3,3.3,30,11.4242,17.4257,1.1501,91.7,0.007,355.0,80.079507,81.329838
858,4,BMP280 + BME280 + DHT22 / AM2302 + DS18B20,3.3,120,42.5837,74.101,3.3153,0.875685,0.000213,1.009212,10.292334,10.340635
859,3,MPU6050 + ESP32-S3 + Arduino Uno / ATmega328P,3.3,360,77.3301,279.5166,3.1533,31.866667,0.005667,118.333333,468.431845,456.52475
860,4,Arduino Uno / ATmega328P + MPU6050 + BMP280 + INA219,3.3,30,2.1581,27.5008,0.3411,0.975685,0.002525,0.009213,0.479208,0.474316
861,3,BME280 + HC-SR501 + ESP32,3.3,720,167.1466,522.7954,30.058,29.626667,0.002713,80.0,1214.079007,1203.72773
862,4,BMP280 + HC-SR501 + DS18B20 + INA219,3.3,360,35.4168,316.0524,8.5308,16.500685,0.000213,0.384213,130.677012,132.821681
863,1,ESP32,3.3,120,27.4336,89.0292,3.5372,23.88,0.00814,240.0,82.762024,83.942289
864,1,ESP32-S3,3.3,60,35.7096,21.4718,2.8186,91.7,0.007,355.0,235.142319,235.168331
865,4,BME280 + DHT22 / AM2302 + HC-SR04 + DS18B20,4.15,60,7.097,51.9076,0.9954,4.625,0.000188,1.0,10.702978,10.478366
866,3,HC-05 + HC-SR501 + BME280,3.3,30,4.3775,25.5498,0.0727,31.666667,0.0,0.0,22.872246,22.537985
867,3,ESP32 + INA219 + HC-SR04,3.3,120,31.4042,88.5765,0.0192,12.96,0.002713,80.0,80.795286,79.101126
868,3,ESP32 + DHT22 / AM2302 + ESP32-S3,3.3,30,10.2528,18.4048,1.3424,39.36,0.005047,199.166667,110.715225,106.022884
869,3,Raspberry Pi Pico + HC-SR04 + HC-05,4.15,30,16.0259,12.5128,1.4613,15.0,0.433333,0.0,47.600092,47.336065
870,3,DHT22 / AM2302 + Arduino Uno / ATmega328P + nRF24L01+,3.3,360,68.9463,287.9548,3.0988,4.6,0.0003,5.333333,55.071493,54.316428
871,2,MPU6050 + BMP280,3.3,360,28.3136,314.9485,16.7379,1.95137,0.00505,0.018425,6.286407,6.450448
872,1,nRF24L01+,3.3,30,8.9446,20.6877,0.3677,11.3,0.0009,13.5,5.833079,6.069946
873,4,HC-SR501 + MPU6050 + HC-05 + DHT22 / AM2302,3.3,360,75.9837,281.8082,2.2081,25.35,0.0025,0.625,424.219562,443.834042
874,1,MPU6050,3.3,360,37.5554,320.5918,1.8528,3.9,0.01,0.0,8.231968,8.496411
875,4,ESP32-S3 + ESP32 + SSD1306 OLED controller + MPU6050,3.3,30,14.7041,13.9227,1.3732,29.87,0.008785,148.75,141.590007,143.313978
876,1,DHT22 / AM2302,3.3,120,53.0238,63.2147,3.7615,2.5,0.0,2.5,7.807978,7.932181
877,2,HC-05 + ESP32-S3,3.3,360,45.4641,309.257,5.2789,60.85,0.0035,177.5,407.504023,412.834063
878,3,nRF24L01+ + BME280 + Arduino Uno / ATmega328P,3.3,360,118.8592,237.5146,3.6262,3.766667,0.0003,4.5,76.575215,78.844499
879,3,HC-SR04 + HC-05 + ESP32-S3,3.3,120,59.0662,56.4234,4.5104,45.566667,0.002333,118.333333,557.279055,557.424549
880,2,DS18B20 + INA219,4.15,120,34.1579,84.6781,1.164,0.5,0.000375,0.75,2.997285,3.024941
881,2,BMP280 + HC-SR501,3.3,1440,363.8268,1072.592,3.5812,32.50137,5e-05,0.018425,1300.748857,1328.818722
882,4,ESP32-S3 + INA219 + nRF24L01+ + HC-05,3.3,1440,765.1915,615.3919,59.4166,33.25,0.001975,92.125,6801.869481,7023.233758
883,2,MPU6050 + BME280,3.3,1440,641.9897,785.2097,12.8006,1.95,0.005,0.0,138.138662,136.35038
884,3,DHT22 / AM2302 + INA219 + DS18B20,3.3,1440,371.6738,1053.9461,14.3801,1.166667,0.00025,1.333333,85.918611,88.695984
885,1,nRF24L01+,3.3,360,78.812,270.2359,10.9521,11.3,0.0009,13.5,57.126971,55.870793
886,3,BMP280 + HC-SR501 + BME280,3.3,720,337.9111,361.0831,21.0058,21.66758,3.3e-05,0.012283,1208.127767,1185.016384
887,3,DHT22 / AM2302 + Arduino Uno / ATmega328P + BME280,3.3,720,278.8903,414.9751,26.1346,0.833333,0.0,0.833333,41.94092,41.379713
888,3,MPU6050 + Raspberry Pi Pico + ESP32,3.3,1440,305.2831,1121.4736,13.2433,9.26,0.43938,80.0,722.557593,725.866472
889,2,BME280 + MPU6050,3.3,1440,577.4597,837.6982,24.842,1.95,0.005,0.0,124.325848,124.590627
890,2,ESP32 + HC-SR04,4.15,1440,394.2537,1022.12,23.6263,19.44,0.00407,120.0,1322.955085,1347.746378
891,4,SSD1306 OLED controller + MPU6050 + nRF24L01+ + HC-SR04,3.3,360,137.2504,206.1674,16.5821,7.55,0.005225,3.375,298.853614,291.751665
892,1,Raspberry Pi Pico,3.3,120,56.5455,58.9991,4.4554,0.0,1.3,0.0,4.218436,4.134023
893,2,BMP280 + Raspberry Pi Pico,3.3,60,25.9371,32.0653,1.9976,0.00137,0.65005,0.018425,2.300806,2.280696
894,4,MPU6050 + Arduino Uno / ATmega328P + Raspberry Pi Pico + SSD1306 OLED controller,3.3,1440,533.2844,885.2508,21.4648,0.975,0.33,0.0,178.658704,181.966194
895,3,nRF24L01+ + HC-05 + DS18B20,3.3,720,397.6336,295.2528,27.1137,14.1,0.00055,5.0,959.914953,954.629484
896,1,DS18B20,5.0,360,197.0628,146.2276,16.7095,1.0,0.00075,1.5,18.519732,17.932117
897,2,DS18B20 + MPU6050,4.15,60,24.272,35.4962,0.2318,2.45,0.005375,0.75,7.27972,7.328617
898,4,INA219 + DS18B20 + BMP280 + nRF24L01+,3.3,120,57.748,57.2826,4.9694,3.075685,0.000438,3.759212,45.039146,45.989432
899,3,BMP280 + ESP32-S3 + BME280,3.3,360,146.742,200.9858,12.2722,30.56758,0.002367,118.345617,979.833766,977.931729
900,3,Raspberry Pi Pico + HC-05 + DS18B20,4.15,720,122.7702,572.1484,25.0814,10.333333,0.433583,0.5,267.418297,270.023816
901,4,INA219 + Raspberry Pi Pico + Arduino Uno / ATmega328P + ESP32,3.3,60,18.0325,39.1769,2.7905,5.97,0.327035,60.0,63.337806,62.090492
902,1,BMP280,3.3,120,70.5724,46.6453,2.7823,0.00274,0.0001,0.03685,0.016531,0.016776
903,3,DHT22 / AM2302 + BME280 + MPU6050,3.3,120,8.6951,107.214,4.0909,2.133333,0.003333,0.833333,3.682159,3.546223
904,3,MPU6050 + nRF24L01+ + HC-SR501,3.3,360,162.4114,191.2048,6.3838,26.733333,0.003633,4.5,721.251232,726.774158
905,4,nRF24L01+ + INA219 + Raspberry Pi Pico + BMP280,3.3,720,110.7381,583.0788,26.1831,2.825685,0.32525,3.384212,130.05664,134.66272
906,2,ESP32 + DHT22 / AM2302,3.3,1440,189.0207,1225.534,25.4453,13.19,0.00407,121.25,614.175566,615.433678
907,4,ESP32 + DS18B20 + HC-05 + MPU6050,3.3,30,17.1857,11.5882,1.2261,14.695,0.004723,60.375,72.396458,73.827424
908,3,ESP32 + ESP32-S3 + HC-SR501,3.3,120,49.4301,68.0083,2.5616,60.193333,0.005047,198.333333,574.819834,590.351362
909,2,ESP32-S3 + HC-SR04,4.15,120,68.3005,50.7662,0.9333,53.35,0.0035,177.5,448.091198,447.854337
910,1,MPU6050,3.3,720,360.2059,333.1987,26.5953,3.9,0.01,0.0,77.44743,74.45558
911,2,Arduino Uno / ATmega328P + BME280,4.15,120,41.4683,75.8581,2.6736,0.0,0.0,0.0,0.0,0.0
912,2,ESP32 + HC-SR501,3.3,720,105.1227,581.3376,33.5396,44.44,0.00407,120.0,956.865152,967.559036
913,1,Raspberry Pi Pico,3.3,30,4.6667,25.238,0.0953,0.0,1.3,0.0,1.804515,1.844304
914,3,ESP32 + ESP32-S3 + HC-SR501,3.3,720,57.8601,632.9882,29.1517,60.193333,0.005047,198.333333,1529.176731,1534.9287
915,2,ESP32-S3 + BME280,3.3,720,286.4982,431.2363,2.2655,45.85,0.0035,177.5,1489.353219,1454.012417
916,1,nRF24L01+,3.3,60,25.5355,34.0796,0.3849,11.3,0.0009,13.5,16.157784,15.975265
917,1,BMP280,3.3,360,215.7749,143.7584,0.4667,0.00274,0.0001,0.03685,0.034254,0.03425
918,3,BME280 + MPU6050 + DHT22 / AM2302,3.3,1440,794.7654,581.8368,63.3978,2.133333,0.003333,0.833333,288.79462,285.897268
919,3,nRF24L01+ + MPU6050 + HC-SR501,3.3,1440,259.8171,1156.8967,23.2862,26.733333,0.003633,4.5,1164.036991,1206.283976
920,3,Arduino Uno / ATmega328P + DHT22 / AM2302 + INA219,3.3,60,3.7764,55.4589,0.7647,0.833333,0.0,0.833333,0.624405,0.616612
921,3,BMP280 + ESP32-S3 + HC-SR501,3.3,120,29.9262,89.0628,1.011,52.234247,0.002367,118.345617,277.699613,276.306769
922,4,Raspberry Pi Pico + HC-SR501 + HC-05 + SSD1306 OLED controller,3.3,360,110.6809,243.4311,5.888,23.75,0.3275,0.0,595.84694,609.503637
923,1,BME280,3.3,360,56.1631,301.2164,2.6205,0.0,0.0,0.0,0.0,0.0
924,1,DS18B20,5.0,120,22.4708,94.9527,2.5765,1.0,0.00075,1.5,2.200567,2.164101
925,1,DHT22 / AM2302,3.3,1440,314.6262,1111.1049,14.2689,2.5,0.0,2.5,45.223078,45.752113
926,4,HC-05 + MPU6050 + INA219 + SSD1306 OLED controller,3.3,360,86.657,258.23,15.113,8.475,0.005,0.0,161.85602,161.872065
927,2,DHT22 / AM2302 + Arduino Uno / ATmega328P,4.15,120,6.0694,108.1597,5.7709,1.25,0.0,1.25,1.628045,1.644504
928,2,HC-SR501 + ESP32,3.3,360,127.027,227.7521,5.2209,44.44,0.00407,120.0,689.976165,708.755958
929,3,HC-05 + BME280 + HC-SR501,3.3,1440,122.9644,1291.819,25.2166,31.666667,0.0,0.0,642.488958,627.075535
930,2,DS18B20 + Arduino Uno / ATmega328P,5.0,1440,311.7818,1104.2506,23.9675,0.5,0.000375,0.75,29.04678,28.649081
931,2,Raspberry Pi Pico + Arduino Uno / ATmega328P,5.0,60,6.3396,53.1364,0.5241,0.0,0.65,0.0,5.75644,5.631348
932,2,HC-05 + Arduino Uno / ATmega328P,4.15,360,48.9207,307.5855,3.4938,15.0,0.0,0.0,80.719179,80.596164
933,1,Raspberry Pi Pico,3.3,720,234.4883,454.4535,31.0582,0.0,1.3,0.0,32.493425,32.96639
934,1,ESP32,3.3,30,17.7068,11.2781,1.0151,23.88,0.00814,240.0,36.660597,35.48579
935,3,HC-05 + DS18B20 + BMP280,3.3,360,159.9578,187.1414,12.9008,10.334247,0.000283,0.512283,278.935772,273.191912
936,2,HC-SR501 + Raspberry Pi Pico,3.3,60,19.1545,39.0044,1.8411,32.5,0.65,0.0,71.265975,72.15565
937,3,HC-SR501 + HC-05 + Arduino Uno / ATmega328P,4.15,1440,573.8142,800.287,65.8988,31.666667,0.0,0.0,3526.566428,3560.855608
938,3,Raspberry Pi Pico + HC-SR04 + HC-SR501,5.0,360,31.3262,312.5227,16.1511,26.666667,0.433333,0.0,242.697998,240.37646
939,3,BMP280 + HC-SR501 + HC-SR04,4.15,120,34.324,81.4217,4.2543,26.66758,3.3e-05,0.012283,197.23433,200.732045
940,3,nRF24L01+ + DS18B20 + MPU6050,3.3,360,142.1709,213.7459,4.0831,5.4,0.003883,5.0,134.386117,136.556418
941,1,SSD1306 OLED controller,3.3,1440,126.4407,1281.6698,31.8894,0.0,0.01,0.0,0.704918,0.694738
942,3,HC-SR04 + Raspberry Pi Pico + HC-SR501,5.0,30,11.527,17.3707,1.1023,26.666667,0.433333,0.0,78.728337,79.283245
943,1,ESP32,3.3,360,101.4122,255.3519,3.2359,23.88,0.00814,240.0,176.022816,174.287146
944,2,Raspberry Pi Pico + ESP32-S3,3.3,30,12.5335,17.0727,0.3939,45.85,0.6535,177.5,72.129884,70.766077
945,2,ESP32 + Raspberry Pi Pico,3.3,60,29.3001,28.3481,2.3519,11.94,0.65407,120.0,71.566756,71.584449
946,2,Arduino Uno / ATmega328P + DS18B20,5.0,60,22.1534,37.6028,0.2438,0.5,0.000375,0.75,1.878943,1.863637
947,2,Raspberry Pi Pico + BME280,3.3,30,11.2478,18.2117,0.5406,0.0,0.65,0.0,1.302134,1.319801
948,2,INA219 + Arduino Uno / ATmega328P,4.15,1440,705.1769,725.2283,9.5948,0.0,0.0,0.0,0.0,0.0
949,3,ESP32 + HC-SR04 + MPU6050,3.3,30,4.9639,23.992,1.0441,14.26,0.006047,80.0,27.594811,27.57083
950,1,HC-SR501,3.3,1440,592.4784,787.5971,59.9244,65.0,0.0,0.0,2118.110454,2080.22665
951,3,nRF24L01+ + MPU6050 + DS18B20,3.3,60,32.8251,26.6802,0.4947,5.4,0.003883,5.0,30.624057,29.886619
952,3,Arduino Uno / ATmega328P + MPU6050 + HC-05,3.3,1440,367.4277,1060.0941,12.4782,11.3,0.003333,0.0,685.65199,671.868926
953,4,ESP32 + nRF24L01+ + HC-05 + MPU6050,3.3,1440,778.4953,622.2186,39.2861,17.27,0.00476,63.375,3506.213665,3540.835612
954,4,BMP280 + SSD1306 OLED controller + HC-SR04 + Raspberry Pi Pico,3.3,60,7.0884,50.2096,2.702,3.750685,0.327525,0.009213,12.484908,12.154309
955,3,DHT22 / AM2302 + SSD1306 OLED controller + ESP32,3.3,1440,672.8119,728.5737,38.6144,8.793333,0.006047,80.833333,1491.928789,1517.726579
956,1,SSD1306 OLED controller,3.3,1440,736.7284,699.1227,4.1489,0.0,0.01,0.0,0.384517,0.393168
957,3,HC-SR501 + SSD1306 OLED controller + HC-05,3.3,1440,154.4813,1271.2413,14.2775,31.666667,0.003333,0.0,807.863798,815.786819
958,3,ESP32-S3 + INA219 + Raspberry Pi Pico,3.3,30,14.0959,15.8076,0.0965,30.566667,0.435667,118.333333,74.113707,75.27453
959,3,nRF24L01+ + INA219 + SSD1306 OLED controller,3.3,720,163.7244,523.6483,32.6273,3.766667,0.003633,4.5,126.294408,127.459212
960,3,Arduino Uno / ATmega328P + ESP32-S3 + HC-SR501,4.15,720,390.6861,323.7014,5.6124,52.233333,0.002333,118.333333,3836.593012,3966.256245
961,4,SSD1306 OLED controller + DS18B20 + HC-SR04 + ESP32,4.15,60,24.1312,33.5055,2.3633,9.97,0.004723,60.375,95.394896,95.832676
962,3,DS18B20 + HC-SR04 + DHT22 / AM2302,5.0,60,34.4813,22.6128,2.906,6.166667,0.00025,1.333333,51.480442,52.274251
963,1,ESP32,3.3,720,336.8304,356.0657,27.1039,23.88,0.00814,240.0,800.32378,807.88977
964,2,DS18B20 + DHT22 / AM2302,4.15,30,9.638,20.0025,0.3595,1.75,0.000375,2.0,2.224008,2.202439
965,3,ESP32-S3 + INA219 + Arduino Uno / ATmega328P,3.3,120,37.0193,80.5009,2.4798,30.566667,0.002333,118.333333,235.155228,244.176556
966,4,HC-05 + HC-SR501 + DS18B20 + MPU6050,3.3,720,382.8345,328.4247,8.7408,24.975,0.002688,0.375,2115.624676,2134.50188
967,2,MPU6050 + Arduino Uno / ATmega328P,4.15,720,253.3966,440.542,26.0614,1.95,0.005,0.0,54.595865,55.351324
968,3,INA219 + DHT22 / AM2302 + SSD1306 OLED controller,3.3,120,63.1599,55.3787,1.4614,0.833333,0.003333,0.833333,8.915885,8.631829
969,4,SSD1306 OLED controller + HC-05 + nRF24L01+ + BME280,3.3,720,309.5191,405.7126,4.7683,10.325,0.002725,3.375,706.8563,679.291715
970,4,HC-05 + DS18B20 + SSD1306 OLED controller + ESP32-S3,3.3,1440,594.3956,817.0819,28.5226,30.675,0.004438,89.125,4589.403116,4615.672395
971,4,HC-SR04 + nRF24L01+ + HC-SR501 + HC-05,3.3,120,52.5475,62.4705,4.9821,30.325,0.000225,3.375,376.605339,379.513839
972,3,DHT22 / AM2302 + SSD1306 OLED controller + HC-05,3.3,30,12.7037,16.2215,1.0748,10.833333,0.003333,0.833333,22.86451,23.039604
973,3,DHT22 / AM2302 + HC-05 + Arduino Uno / ATmega328P,3.3,120,33.0633,82.7611,4.1756,10.833333,0.0,0.833333,59.674855,58.488894
974,2,HC-05 + BMP280,3.3,60,15.0852,44.4396,0.4752,15.00137,5e-05,0.018425,24.894001,24.447856
975,3,Arduino Uno / ATmega328P + HC-SR04 + DHT22 / AM2302,5.0,120,25.6927,92.3101,1.9972,5.833333,0.0,0.833333,35.923213,36.101911
976,3,Arduino Uno / ATmega328P + HC-SR04 + HC-SR501,5.0,1440,477.9897,927.9283,34.082,26.666667,0.0,0.0,3186.59795,3224.762825
977,2,BME280 + MPU6050,3.3,360,130.3465,221.3325,8.321,1.95,0.005,0.0,28.081058,28.1747
978,2,DS18B20 + BME280,4.15,60,6.3035,51.3405,2.356,0.5,0.000375,0.75,0.823,0.865308
979,4,ESP32 + HC-05 + BME280 + ESP32-S3,3.3,360,133.1186,217.6345,9.2469,36.395,0.003785,148.75,1368.6543,1390.47811
980,4,Arduino Uno / ATmega328P + DS18B20 + nRF24L01+ + BMP280,4.15,360,163.4179,184.4676,12.1145,3.075685,0.000438,3.759212,125.762542,128.648485
981,2,nRF24L01+ + HC-SR04,4.15,30,4.7199,24.3245,0.9557,13.15,0.00045,6.75,9.544038,9.479879
982,1,HC-SR501,3.3,30,4.057,25.6946,0.2484,65.0,0.0,0.0,14.503733,13.986898
983,3,Raspberry Pi Pico + BMP280 + HC-SR04,4.15,1440,318.754,1105.1541,16.0919,5.000913,0.433367,0.012283,497.901055,506.54932
984,2,BME280 + DS18B20,4.15,120,8.774,109.6626,1.5634,0.5,0.000375,0.75,0.933449,0.940696
985,3,ESP32-S3 + INA219 + HC-05,3.3,1440,482.0499,896.9408,61.0092,40.566667,0.002333,118.333333,4418.151909,4401.517829
986,3,HC-05 + DHT22 / AM2302 + DS18B20,3.3,1440,491.1076,944.4911,4.4013,11.166667,0.00025,1.333333,919.99478,955.458183
987,3,ESP32 + DS18B20 + Raspberry Pi Pico,4.15,720,385.0299,312.0946,22.8755,8.293333,0.436297,80.5,870.821294,891.786877
988,2,HC-SR501 + DHT22 / AM2302,3.3,30,17.3593,12.4835,0.1572,33.75,0.0,1.25,64.468181,64.877438
989,3,Arduino Uno / ATmega328P + BME280 + HC-SR501,4.15,360,171.8815,172.48,15.6384,21.666667,0.0,0.0,772.750746,754.454051
990,4,ESP32 + SSD1306 OLED controller + DS18B20 + BMP280,3.3,60,21.5293,37.9628,0.5079,6.220685,0.004747,60.384212,36.883182,37.897284
991,3,DS18B20 + INA219 + HC-05,3.3,30,5.5884,23.9475,0.4642,10.333333,0.00025,0.5,9.746007,10.188994
992,4,Raspberry Pi Pico + Arduino Uno / ATmega328P + HC-SR04 + ESP32,5.0,360,183.5332,163.9975,12.4693,9.72,0.327035,60.0,652.904169,667.500944
993,4,nRF24L01+ + INA219 + DHT22 / AM2302 + ESP32-S3,3.3,60,25.0252,33.8697,1.1051,26.375,0.001975,92.75,167.773021,169.338319
994,1,INA219,3.3,120,36.0789,81.1733,2.7478,0.0,0.0,0.0,0.0,0.0
995,3,MPU6050 + Raspberry Pi Pico + DS18B20,4.15,30,12.5229,17.0138,0.4633,1.633333,0.436917,0.5,5.327899,5.343482
996,1,ESP32-S3,3.3,30,9.7097,19.8247,0.4656,91.7,0.007,355.0,58.069566,59.190706
997,1,Arduino Uno / ATmega328P,5.0,30,6.2269,22.8418,0.9313,0.0,0.0,0.0,0.0,0.0
998,4,ESP32 + Arduino Uno / ATmega328P + MPU6050 + INA219,3.3,1440,839.4416,584.6448,15.9136,6.945,0.004535,60.0,1493.22555,1492.190555
999,2,SSD1306 OLED controller + DHT22 / AM2302,3.3,30,9.7643,19.4268,0.8088,1.25,0.005,1.25,1.464497,1.506647
1000,3,HC-SR04 + DHT22 / AM2302 + DS18B20,5.0,120,8.8198,108.9121,2.2681,6.166667,0.00025,1.333333,13.574603,13.848569
1001,4,MPU6050 + HC-SR501 + HC-SR04 + ESP32-S3,3.3,120,43.7494,73.9929,2.2577,43.9,0.00425,88.75,485.275827,496.309724
1002,4,nRF24L01+ + SSD1306 OLED controller + ESP32 + HC-05,3.3,120,13.8446,102.7403,3.415,16.295,0.00476,63.375,97.353397,98.293121
1003,3,ESP32 + HC-SR04 + Raspberry Pi Pico,4.15,1440,692.0058,686.2729,61.7213,12.96,0.436047,80.0,2650.623563,2660.018971
1004,4,ESP32 + SSD1306 OLED controller + DS18B20 + nRF24L01+,3.3,30,2.468,27.2974,0.2346,9.045,0.004948,63.75,8.311799,8.204237
1005,3,DS18B20 + BME280 + INA219,3.3,360,44.3194,299.8698,15.8109,0.333333,0.00025,0.5,5.688383,5.777408
1006,4,Raspberry Pi Pico + nRF24L01+ + ESP32-S3 + INA219,3.3,1440,209.6707,1203.7885,26.5408,25.75,0.326975,92.125,1812.293423,1874.12671
1007,2,DHT22 / AM2302 + ESP32-S3,3.3,1440,766.3125,607.9991,65.6883,47.1,0.0035,178.75,5262.096145,5322.722807
1008,4,HC-SR501 + nRF24L01+ + BMP280 + Raspberry Pi Pico,3.3,30,14.3577,14.1473,1.495,19.075685,0.32525,3.384212,62.379532,61.689123
1009,2,SSD1306 OLED controller + MPU6050,3.3,360,70.7,280.2616,9.0384,1.95,0.01,0.0,15.473446,15.205639
1010,1,Raspberry Pi Pico,3.3,360,186.115,169.8306,4.0544,0.0,1.3,0.0,12.142891,12.192279
1011,2,BME280 + ESP32,3.3,360,178.0206,166.0169,15.9625,11.94,0.00407,120.0,444.591663,445.816546
1012,3,DHT22 / AM2302 + MPU6050 + nRF24L01+,3.3,120,27.9394,86.8404,5.2202,5.9,0.003633,5.333333,31.844802,31.077746
1013,4,HC-SR501 + DHT22 / AM2302 + ESP32 + Raspberry Pi Pico,3.3,30,1.712,28.0136,0.2745,22.845,0.327035,60.625,14.280588,14.08292
1014,1,ESP32-S3,3.3,360,141.917,211.6439,6.4392,91.7,0.007,355.0,841.564523,822.018174
1015,1,SSD1306 OLED controller,3.3,30,2.0455,27.0955,0.8591,0.0,0.01,0.0,0.014903,0.014354
1016,1,BME280,3.3,30,14.7062,14.5564,0.7374,0.0,0.0,0.0,0.0,0.0
1017,4,ESP32 + HC-05 + BME280 + DHT22 / AM2302,3.3,30,11.515,17.0263,1.4587,14.095,0.002035,60.625,55.169912,53.174788
1018,3,BME280 + ESP32 + HC-SR04,3.3,30,10.6222,19.0811,0.2967,12.96,0.002713,80.0,31.153337,30.250913
1019,2,HC-05 + nRF24L01+,3.3,1440,847.9809,582.713,9.3061,20.65,0.00045,6.75,1933.127241,2006.881303
1020,4,ESP32-S3 + nRF24L01+ + HC-SR04 + HC-SR501,3.3,60,34.4177,24.3476,1.2348,45.75,0.001975,92.125,386.077251,387.438502
1021,2,HC-05 + MPU6050,3.3,360,18.0825,340.9105,1.0069,16.95,0.005,0.0,33.902414,33.519651
1022,4,HC-SR501 + Raspberry Pi Pico + ESP32-S3 + MPU6050,3.3,60,11.0844,48.8994,0.0163,40.15,0.32925,88.75,101.767716,103.201444
1023,1,ESP32-S3,3.3,30,12.0796,16.8327,1.0877,91.7,0.007,355.0,82.166931,82.46431
1024,2,Arduino Uno / ATmega328P + DHT22 / AM2302,4.15,60,34.5773,24.8511,0.5716,1.25,0.0,1.25,4.832971,4.802626
1025,1,BMP280,3.3,720,98.0565,618.4918,3.4517,0.00274,0.0001,0.03685,0.025174,0.025277
1026,1,Arduino Uno / ATmega328P,5.0,360,146.7323,199.3483,13.9194,0.0,0.0,0.0,0.0,0.0
1027,3,nRF24L01+ + INA219 + HC-05,3.3,60,14.829,44.3219,0.8491,13.766667,0.0003,4.5,34.316805,34.598869
1028,3,Raspberry Pi Pico + HC-SR501 + ESP32-S3,3.3,30,1.5651,27.0376,1.3972,52.233333,0.435667,118.333333,42.713762,41.877104
1029,1,HC-SR501,3.3,1440,523.8661,851.9404,64.1935,65.0,0.0,0.0,1872.821335,1869.231717
1030,2,HC-SR501 + DS18B20,5.0,120,28.816,86.9927,4.1913,33.0,0.000375,0.75,159.01737,154.767121
1031,2,HC-SR501 + MPU6050,3.3,720,204.5154,479.8221,35.6625,34.45,0.005,0.0,775.275053,780.650512
1032,2,HC-SR501 + MPU6050,3.3,120,34.4326,85.3471,0.2203,34.45,0.005,0.0,130.529267,128.869451
1033,2,nRF24L01+ + DS18B20,4.15,720,324.3016,369.7979,25.9005,6.15,0.000825,7.5,251.088659,250.777895
1034,1,HC-05,3.3,360,138.9679,205.9159,15.1162,30.0,0.0,0.0,229.297049,229.023057
1035,4,BMP280 + INA219 + nRF24L01+ + Raspberry Pi Pico,3.3,120,15.8152,101.4252,2.7597,2.825685,0.32525,3.384212,19.143641,19.905313
1036,4,MPU6050 + ESP32 + HC-SR04 + BMP280,3.3,60,7.8564,50.1115,2.0321,10.695685,0.00456,60.009212,48.703134,48.47532
1037,1,DHT22 / AM2302,3.3,1440,742.072,695.6003,2.3277,2.5,0.0,2.5,102.354955,103.376504
1038,1,INA219,3.3,60,8.1282,50.2716,1.6002,0.0,0.0,0.0,0.0,0.0
1039,2,HC-SR501 + Raspberry Pi Pico,3.3,120,20.2546,96.3551,3.3903,32.5,0.65,0.0,79.299668,79.759686
1040,2,HC-SR04 + BME280,4.15,30,9.5114,20.0212,0.4674,7.5,0.0,0.0,11.889312,12.377205
1041,2,BMP280 + BME280,3.3,1440,720.2511,703.5019,16.247,0.00137,5e-05,0.018425,0.14534,0.142221
1042,2,ESP32-S3 + BME280,3.3,120,50.1342,64.8368,5.029,45.85,0.0035,177.5,351.06803,346.253437
1043,4,Raspberry Pi Pico + ESP32 + BMP280 + HC-SR04,3.3,30,3.0043,25.5894,1.4063,9.720685,0.32706,60.009212,28.109489,27.635669
1044,1,MPU6050,3.3,360,92.9702,252.0315,14.9983,3.9,0.01,0.0,20.080721,19.796173
1045,2,DHT22 / AM2302 + BMP280,3.3,60,33.3527,24.6947,1.9527,1.25137,5e-05,1.268425,4.8636,5.101525
1046,4,BMP280 + Arduino Uno / ATmega328P + DS18B20 + nRF24L01+,4.15,30,2.3961,26.5472,1.0566,3.075685,0.000438,3.759212,2.611125,2.634041
1047,2,Raspberry Pi Pico + nRF24L01+,3.3,30,2.116,27.8419,0.0421,5.65,0.65045,6.75,3.338444,3.471879
1048,4,Raspberry Pi Pico + HC-SR501 + ESP32 + BME280,3.3,30,13.498,16.1868,0.3152,22.22,0.327035,60.0,71.309253,72.009588
1049,1,nRF24L01+,3.3,120,56.8038,61.5857,1.6105,11.3,0.0009,13.5,36.502402,36.626544
1050,1,BMP280,3.3,30,15.3374,13.8215,0.8411,0.00274,0.0001,0.03685,0.004092,0.00409
1051,1,BME280,3.3,60,32.3957,25.4452,2.1591,0.0,0.0,0.0,0.0,0.0
1052,2,nRF24L01+ + INA219,3.3,1440,176.288,1206.3988,57.3132,5.65,0.00045,6.75,152.177737,150.804391
1053,4,DS18B20 + HC-SR04 + Arduino Uno / ATmega328P + BMP280,5.0,1440,485.0178,943.3305,11.6517,4.000685,0.000213,0.384213,648.307709,637.91613
1054,2,ESP32-S3 + nRF24L01+,3.3,720,372.0517,335.37,12.5783,51.5,0.00395,184.25,2362.748919,2284.264691
1055,4,DHT22 / AM2302 + ESP32-S3 + nRF24L01+ + ESP32,3.3,30,9.8462,19.3565,0.7972,32.345,0.00401,152.75,96.873297,100.000843
1056,3,nRF24L01+ + DS18B20 + BMP280,3.3,60,15.4907,41.9136,2.5957,4.100913,0.000583,5.012283,13.182682,13.532321
1057,3,HC-SR04 + MPU6050 + Raspberry Pi Pico,4.15,720,195.6073,515.399,8.9937,6.3,0.436667,0.0,333.093346,335.360235
1058,3,DHT22 / AM2302 + ESP32-S3 + INA219,3.3,120,55.2541,62.4716,2.2743,31.4,0.002333,119.166667,331.013475,336.612074
1059,3,DHT22 / AM2302 + Raspberry Pi Pico + BMP280,3.3,360,197.3073,146.8382,15.8545,0.834247,0.433367,0.845617,39.871353,41.238447
1060,4,Arduino Uno / ATmega328P + DHT22 / AM2302 + SSD1306 OLED controller + DS18B20,4.15,720,231.96,463.2429,24.7971,0.875,0.002688,1.0,58.017484,57.761182
1061,3,BME280 + nRF24L01+ + ESP32-S3,3.3,720,233.9531,474.2325,11.8144,34.333333,0.002633,122.833333,1564.999061,1541.565319
1062,2,ESP32-S3 + HC-SR04,4.15,120,28.981,87.1826,3.8364,53.35,0.0035,177.5,257.331706,256.337578
1063,2,ESP32-S3 + BME280,3.3,1440,414.6021,1010.5899,14.808,45.85,0.0035,177.5,2380.5616,2350.977094
1064,2,HC-05 + ESP32-S3,3.3,1440,112.8733,1257.0468,70.0799,60.85,0.0035,177.5,2124.311199,2166.537603
1065,4,Arduino Uno / ATmega328P + MPU6050 + Raspberry Pi Pico + HC-SR501,4.15,60,18.2731,39.6097,2.1172,17.225,0.3275,0.0,89.655736,92.318792
1066,2,DS18B20 + MPU6050,4.15,720,104.6374,583.7759,31.5867,2.45,0.005375,0.75,35.470407,35.259068
1067,1,ESP32-S3,3.3,1440,231.6988,1198.4622,9.8389,91.7,0.007,355.0,1361.139751,1361.419784
1068,4,Raspberry Pi Pico + nRF24L01+ + BME280 + DHT22 / AM2302,3.3,720,350.1066,364.295,5.5985,3.45,0.325225,4.0,296.72264,288.909093
1069,3,SSD1306 OLED controller + Raspberry Pi Pico + HC-05,3.3,30,10.1565,19.5515,0.292,10.0,0.436667,0.0,18.166851,18.730452
1070,1,DS18B20,5.0,1440,237.3343,1155.9307,46.735,1.0,0.00075,1.5,25.691981,26.623951
1071,2,ESP32 + MPU6050,3.3,360,205.4638,144.9191,9.6171,13.89,0.00907,120.0,441.019049,442.954593
1072,2,BMP280 + ESP32-S3,3.3,60,31.975,25.9523,2.0727,45.85137,0.00355,177.518425,201.754549,197.785712
1073,3,BMP280 + HC-05 + DS18B20,3.3,60,3.7431,55.9135,0.3434,10.334247,0.000283,0.512283,6.53606,6.592113
1074,1,ESP32-S3,3.3,120,15.0065,102.5266,2.4669,91.7,0.007,355.0,123.891182,124.816501
1075,2,ESP32-S3 + HC-SR501,3.3,360,94.93,255.9456,9.1243,78.35,0.0035,177.5,996.405576,1011.224259
1076,3,nRF24L01+ + Arduino Uno / ATmega328P + INA219,3.3,120,66.1184,48.8537,5.0279,3.766667,0.0003,4.5,44.828226,45.386285
1077,4,Arduino Uno / ATmega328P + Raspberry Pi Pico + ESP32 + INA219,3.3,30,14.0503,15.5067,0.443,5.97,0.327035,60.0,25.416606,25.138829
1078,3,BMP280 + BME280 + SSD1306 OLED controller,3.3,720,331.7053,371.3013,16.9934,0.000913,0.003367,0.012283,0.290687,0.283413
1079,4,DS18B20 + ESP32-S3 + INA219 + BMP280,3.3,60,11.798,46.5341,1.6679,23.175685,0.001962,89.134213,93.287048,95.135553
1080,3,DHT22 / AM2302 + Arduino Uno / ATmega328P + SSD1306 OLED controller,3.3,1440,758.0636,653.027,28.9094,0.833333,0.003333,0.833333,108.567959,111.31425
1081,4,HC-SR501 + HC-SR04 + BME280 + nRF24L01+,3.3,1440,407.5136,1014.7158,17.7705,22.825,0.000225,3.375,2232.767852,2319.775535
1082,4,HC-SR501 + DS18B20 + ESP32-S3 + BMP280,3.3,720,421.7096,266.3043,31.9861,39.425685,0.001962,89.134213,4298.423265,4307.251347
1083,1,DS18B20,5.0,120,71.413,47.0209,1.566,1.0,0.00075,1.5,6.14978,6.096227
1084,1,DHT22 / AM2302,3.3,1440,199.088,1179.8647,61.0473,2.5,0.0,2.5,35.768607,35.88642
1085,3,Arduino Uno / ATmega328P + HC-SR04 + MPU6050,5.0,60,33.1898,25.8292,0.981,6.3,0.003333,0.0,48.620665,49.841605
1086,3,SSD1306 OLED controller + BMP280 + INA219,3.3,30,17.056,12.874,0.07,0.000913,0.003367,0.012283,0.009864,0.009669
1087,4,DS18B20 + ESP32 + nRF24L01+ + BMP280,3.3,60,7.9337,50.658,1.4083,9.045685,0.002472,63.759212,35.85641,37.341152
1088,4,Arduino Uno / ATmega328P + INA219 + HC-05 + HC-SR501,3.3,1440,427.3471,1009.4519,3.2009,23.75,0.0,0.0,2232.88876,2195.348376
1089,1,MPU6050,3.3,30,6.4944,23.466,0.0396,3.9,0.01,0.0,1.405957,1.406933
1090,4,BME280 + Raspberry Pi Pico + DHT22 / AM2302 + ESP32-S3,3.3,720,56.064,647.7833,16.1527,23.55,0.32675,89.375,654.636303,662.813345
1091,2,ESP32-S3 + BME280,3.3,30,13.7573,14.9042,1.3385,45.85,0.0035,177.5,95.524092,92.134713
1092,3,Raspberry Pi Pico + HC-05 + SSD1306 OLED controller,3.3,60,30.9109,28.9825,0.1066,10.0,0.436667,0.0,53.091226,53.86393
1093,1,HC-05,3.3,1440,755.8856,666.8139,17.3005,30.0,0.0,0.0,1247.211238,1209.666988
1094,2,SSD1306 OLED controller + ESP32-S3,3.3,30,7.7862,20.9327,1.2811,45.85,0.0085,177.5,64.302653,64.798189
1095,3,DS18B20 + Arduino Uno / ATmega328P + nRF24L01+,5.0,120,13.7963,100.5378,5.6659,4.1,0.00055,5.0,14.650506,14.861961
1096,2,INA219 + HC-05,3.3,360,117.3398,231.5619,11.0984,15.0,0.0,0.0,193.61059,192.908868
1097,2,DS18B20 + ESP32,4.15,1440,552.2643,856.551,31.1847,12.44,0.004445,120.75,1187.339414,1229.088901
1098,3,HC-05 + SSD1306 OLED controller + BMP280,3.3,1440,722.0227,674.6506,43.3266,10.000913,0.003367,0.012283,1191.908915,1224.336936
1099,1,Raspberry Pi Pico,3.3,120,22.9821,96.9969,0.021,0.0,1.3,0.0,6.935279,7.024175
1100,2,SSD1306 OLED controller + nRF24L01+,3.3,360,68.3222,279.2043,12.4736,5.65,0.00545,6.75,51.891215,52.892382
1101,2,nRF24L01+ + BME280,3.3,720,132.7836,577.5906,9.6258,5.65,0.00045,6.75,89.700735,88.078133
1102,2,ESP32-S3 + MPU6050,3.3,30,3.3875,26.2049,0.4075,47.8,0.0085,177.5,25.793406,25.899499
1103,4,ESP32-S3 + INA219 + HC-SR501 + DS18B20,3.3,360,20.0011,327.1252,12.8737,39.425,0.001937,89.125,427.160773,426.384228
1104,1,BMP280,3.3,360,40.1,302.1647,17.7353,0.00274,0.0001,0.03685,0.04365,0.043643
1105,2,MPU6050 + Raspberry Pi Pico,3.3,1440,283.4417,1098.3464,58.212,1.95,0.655,0.0,139.934092,140.862405
1106,1,Arduino Uno / ATmega328P,5.0,30,8.5606,21.4206,0.0188,0.0,0.0,0.0,0.0,0.0
1107,4,MPU6050 + HC-SR501 + BMP280 + HC-SR04,3.3,360,29.9718,314.173,15.8552,20.975685,0.002525,0.009213,151.253998,147.515768
1108,3,nRF24L01+ + BMP280 + Raspberry Pi Pico,3.3,30,13.0904,15.7188,1.1908,3.76758,0.433667,4.512283,10.149024,10.1996
1109,3,SSD1306 OLED controller + ESP32 + DS18B20,3.3,720,284.7795,431.6222,3.5984,8.293333,0.006297,80.5,446.166876,441.309709
1110,2,DHT22 / AM2302 + ESP32,3.3,1440,318.6151,1073.8174,47.5674,13.19,0.00407,121.25,1097.190105,1135.01889
1111,3,BME280 + HC-SR04 + HC-SR501,4.15,1440,547.0255,823.9415,69.033,26.666667,0.0,0.0,3143.11728,3206.641191
1112,2,BMP280 + Arduino Uno / ATmega328P,4.15,60,32.1565,27.4361,0.4074,0.00137,5e-05,0.018425,0.005823,0.005593
1113,4,DS18B20 + Arduino Uno / ATmega328P + HC-05 + nRF24L01+,4.15,30,15.4387,14.0101,0.5513,10.575,0.000412,3.75,36.835279,37.393817
1114,1,DS18B20,5.0,360,104.1471,243.558,12.2949,1.0,0.00075,1.5,10.231013,10.253048
1115,2,BMP280 + BME280,3.3,360,108.553,239.5574,11.8896,0.00137,5e-05,0.018425,0.041774,0.041659
1116,1,HC-SR04,5.0,360,181.2479,174.7437,4.0084,15.0,0.0,0.0,226.559857,222.558937
1117,1,BME280,3.3,720,256.9494,445.933,17.1176,0.0,0.0,0.0,0.0,0.0
1118,4,ESP32 + DS18B20 + Raspberry Pi Pico + INA219,3.3,120,24.443,93.4994,2.0575,6.22,0.327223,60.375,68.289822,65.085953
1119,2,HC-05 + HC-SR501,3.3,1440,565.4204,804.075,70.5046,47.5,0.0,0.0,2954.321658,3037.702493
1120,1,MPU6050,3.3,120,38.6145,80.3847,1.0008,3.9,0.01,0.0,8.327018,8.274024
1121,3,BMP280 + Raspberry Pi Pico + HC-SR04,4.15,360,79.6547,268.9993,11.346,5.000913,0.433367,0.012283,123.792389,123.717056
1122,4,DHT22 / AM2302 + nRF24L01+ + HC-SR501 + HC-05,3.3,360,106.9925,245.9233,7.0842,27.2,0.000225,4.0,646.489493,644.859363
1123,2,ESP32-S3 + MPU6050,3.3,60,15.8517,44.0446,0.1037,47.8,0.0085,177.5,85.414361,85.131186
1124,2,nRF24L01+ + Raspberry Pi Pico,3.3,360,177.6212,172.6105,9.7684,5.65,0.65045,6.75,129.994771,133.27463
1125,1,nRF24L01+,3.3,120,70.4824,49.4291,0.0885,11.3,0.0009,13.5,43.872971,42.782764
1126,1,Arduino Uno / ATmega328P,5.0,720,167.4301,531.0214,21.5485,0.0,0.0,0.0,0.0,0.0
1127,2,nRF24L01+ + ESP32,3.3,1440,149.9404,1246.0755,43.9841,17.59,0.00452,126.75,903.987038,912.839352
1128,1,nRF24L01+,3.3,120,51.6668,68.2322,0.101,11.3,0.0009,13.5,32.189265,32.456865
1129,1,nRF24L01+,3.3,360,104.7906,253.7426,1.4667,11.3,0.0009,13.5,66.22898,65.371955
1130,4,INA219 + nRF24L01+ + Arduino Uno / ATmega328P + BMP280,3.3,30,11.2529,17.3823,1.3648,2.825685,0.00025,3.384212,8.012442,7.928442
1131,3,DS18B20 + nRF24L01+ + DHT22 / AM2302,3.3,120,60.1034,57.5451,2.3515,4.933333,0.00055,5.833333,52.996758,53.67693
1132,2,ESP32-S3 + HC-SR501,3.3,120,70.4894,46.4123,3.0983,78.35,0.0035,177.5,668.025669,667.250245
1133,4,DHT22 / AM2302 + HC-SR04 + Arduino Uno / ATmega328P + ESP32,4.15,60,15.6768,42.4723,1.8509,10.345,0.002035,60.625,67.047031,67.828459
1134,2,DS18B20 + HC-SR501,5.0,360,107.6992,239.3543,12.9466,33.0,0.000375,0.75,593.978717,592.312206
1135,1,SSD1306 OLED controller,3.3,120,27.5845,88.1295,4.2861,0.0,0.01,0.0,0.048471,0.047785
1136,2,DS18B20 + Raspberry Pi Pico,5.0,360,170.9932,185.586,3.4207,0.5,0.650375,0.75,34.793781,34.338488
1137,4,BMP280 + DHT22 / AM2302 + ESP32-S3 + MPU6050,3.3,1440,772.8962,611.4603,55.6435,24.525685,0.004275,89.384213,5265.055362,5285.986135
1138,2,ESP32-S3 + BME280,3.3,120,58.0128,60.9796,1.0076,45.85,0.0035,177.5,312.284831,308.743532
1139,1,MPU6050,3.3,30,9.7798,19.9318,0.2884,3.9,0.01,0.0,2.108725,2.112776
1140,1,HC-SR501,3.3,60,7.0757,50.017,2.9073,65.0,0.0,0.0,25.295651,25.055638
1141,4,BME280 + DHT22 / AM2302 + BMP280 + nRF24L01+,3.3,120,6.9884,107.8442,5.1675,3.450685,0.00025,4.009213,9.869004,9.511658
1142,3,ESP32-S3 + nRF24L01+ + HC-05,3.3,360,68.979,273.4933,17.5276,44.333333,0.002633,122.833333,859.941942,855.388175
1143,4,ESP32-S3 + BME280 + Arduino Uno / ATmega328P + ESP32,3.3,1440,628.0668,740.6101,71.3231,28.895,0.003785,148.75,6327.221498,6118.899794
1144,4,Arduino Uno / ATmega328P + DHT22 / AM2302 + ESP32-S3 + DS18B20,4.15,60,16.7788,42.6157,0.6055,23.8,0.001937,89.75,100.328863,103.886103
1145,2,SSD1306 OLED controller + INA219,3.3,360,98.7386,258.7502,2.5112,0.0,0.005,0.0,0.142313,0.137412
1146,3,Raspberry Pi Pico + Arduino Uno / ATmega328P + HC-05,4.15,60,6.7074,52.6403,0.6523,10.0,0.433333,0.0,15.800434,15.939154
1147,2,BME280 + ESP32-S3,3.3,120,29.3978,87.4965,3.1056,45.85,0.0035,177.5,208.93934,206.993078
1148,3,BMP280 + HC-05 + DS18B20,3.3,720,260.6341,443.6014,15.7645,10.334247,0.000283,0.512283,453.837724,468.500588
1149,1,Arduino Uno / ATmega328P,5.0,120,7.7195,110.3111,1.9694,0.0,0.0,0.0,0.0,0.0
1150,3,BME280 + ESP32-S3 + SSD1306 OLED controller,3.3,360,96.7594,248.8078,14.4329,30.566667,0.005667,118.333333,770.040052,754.769383
1151,3,INA219 + SSD1306 OLED controller + BMP280,3.3,720,284.7644,412.8312,22.4044,0.000913,0.003367,0.012283,0.31765,0.324777
1152,3,ESP32 + nRF24L01+ + SSD1306 OLED controller,3.3,30,3.5444,25.0662,1.3894,11.726667,0.006347,84.5,26.256281,26.144121
1153,4,HC-SR04 + BME280 + INA219 + BMP280,3.3,720,161.5992,541.2053,17.1955,3.750685,2.5e-05,0.009213,202.061179,204.793602
1154,3,Arduino Uno / ATmega328P + HC-05 + SSD1306 OLED controller,3.3,1440,365.2994,1020.9101,53.7906,10.0,0.003333,0.0,603.305445,621.08153
1155,3,nRF24L01+ + MPU6050 + HC-SR501,3.3,720,174.3314,522.1433,23.5253,26.733333,0.003633,4.5,786.756314,781.927702
1156,4,nRF24L01+ + HC-SR04 + INA219 + HC-SR501,3.3,120,39.5755,78.4214,2.0031,22.825,0.000225,3.375,217.039333,219.643053
1157,2,Arduino Uno / ATmega328P + HC-SR04,5.0,30,17.5835,12.0543,0.3622,7.5,0.0,0.0,21.979411,22.659283
1158,2,HC-SR501 + INA219,3.3,720,291.0073,403.5497,25.4429,32.5,0.0,0.0,1040.351265,1032.989114
1159,4,ESP32 + INA219 + BMP280 + HC-SR501,3.3,1440,506.4532,890.593,42.9538,22.220685,0.00206,60.009212,3043.302738,3045.113548
1160,2,HC-05 + nRF24L01+,3.3,720,318.8626,375.3863,25.7512,20.65,0.00045,6.75,743.435144,742.025464
1161,4,MPU6050 + DS18B20 + INA219 + HC-SR04,4.15,120,37.4965,80.7742,1.7293,4.975,0.002688,0.375,58.304036,57.015278
1162,3,MPU6050 + ESP32-S3 + Arduino Uno / ATmega328P,3.3,120,17.5967,98.945,3.4583,31.866667,0.005667,118.333333,160.139748,158.937418
1163,3,HC-SR501 + INA219 + ESP32-S3,3.3,1440,545.3294,853.8207,40.8498,52.233333,0.002333,118.333333,5497.843657,5540.114316
1164,1,INA219,3.3,120,22.4181,91.8746,5.7073,0.0,0.0,0.0,0.0,0.0
1165,4,INA219 + DS18B20 + nRF24L01+ + ESP32,3.3,30,17.4854,11.0662,1.4484,9.045,0.002448,63.75,55.670795,55.236334
1166,3,BME280 + HC-05 + MPU6050,3.3,360,136.3537,222.6645,0.9818,11.3,0.003333,0.0,254.353985,254.578772
1167,3,INA219 + ESP32-S3 + ESP32,3.3,720,241.3785,449.9334,28.6881,38.526667,0.005047,198.333333,2473.612054,2589.660725
1168,4,HC-05 + DS18B20 + HC-SR04 + MPU6050,4.15,720,330.288,357.2554,32.4567,12.475,0.002688,0.375,1060.481789,1031.242945
1169,1,HC-SR04,5.0,30,8.9986,19.784,1.2174,15.0,0.0,0.0,11.248273,11.338176
1170,4,HC-SR04 + ESP32 + Arduino Uno / ATmega328P + HC-SR501,5.0,1440,76.3569,1311.9363,51.7068,25.97,0.002035,60.0,1292.450159,1272.0194
1171,4,MPU6050 + HC-SR04 + BMP280 + nRF24L01+,3.3,30,17.7807,10.7496,1.4697,7.550685,0.00275,3.384212,38.194024,39.166003
1172,3,BMP280 + HC-SR501 + SSD1306 OLED controller,3.3,360,136.7409,218.74,4.5191,21.66758,0.003367,0.012283,489.000053,476.358083
1173,4,SSD1306 OLED controller + ESP32 + DS18B20 + HC-05,3.3,120,16.9627,99.2818,3.7555,13.72,0.004723,60.375,101.827729,99.190458
1174,1,SSD1306 OLED controller,3.3,720,387.2609,299.3819,33.3572,0.0,0.01,0.0,0.16466,0.166245
1175,1,Raspberry Pi Pico,3.3,120,21.3136,92.9146,5.7717,0.0,1.3,0.0,6.643395,6.787834
1176,1,Raspberry Pi Pico,3.3,120,27.5022,89.4377,3.0601,0.0,1.3,0.0,6.394795,6.377376
1177,4,HC-SR04 + nRF24L01+ + Arduino Uno / ATmega328P + DHT22 / AM2302,4.15,30,7.8166,20.8983,1.2851,7.2,0.000225,4.0,16.835488,16.757773
1178,1,BME280,3.3,360,98.5142,258.4162,3.0697,0.0,0.0,0.0,0.0,0.0
1179,1,DHT22 / AM2302,3.3,30,7.7167,21.068,1.2153,2.5,0.0,2.5,1.228149,1.202329
1180,1,HC-SR04,5.0,1440,410.1962,978.8421,50.9617,15.0,0.0,0.0,512.745263,511.798139
1181,4,MPU6050 + HC-SR04 + Raspberry Pi Pico + DHT22 / AM2302,3.3,120,21.0309,93.0083,5.9608,5.35,0.3275,0.625,41.212423,42.331206
1182,2,Arduino Uno / ATmega328P + BME280,4.15,720,368.2018,323.1811,28.617,0.0,0.0,0.0,0.0,0.0
1183,4,DS18B20 + Raspberry Pi Pico + HC-SR04 + HC-05,5.0,30,6.914,22.3662,0.7198,11.5,0.325188,0.375,23.141228,22.386992
1184,1,HC-SR501,3.3,1440,681.0751,710.2421,48.6828,65.0,0.0,0.0,2434.843512,2418.639303
1185,3,Arduino Uno / ATmega328P + MPU6050 + BMP280,3.3,720,170.4269,540.3529,9.2202,1.300913,0.003367,0.012283,36.901115,36.1783
1186,1,SSD1306 OLED controller,3.3,30,5.9636,23.9693,0.0672,0.0,0.01,0.0,0.013183,0.013237
1187,4,BME280 + Raspberry Pi Pico + DHT22 / AM2302 + BMP280,3.3,360,152.4644,197.9713,9.5643,0.625685,0.325025,0.634212,36.477345,36.077726
1188,3,HC-SR501 + HC-SR04 + SSD1306 OLED controller,4.15,720,127.0354,569.4978,23.4668,26.666667,0.003333,0.0,730.237712,735.492877
1189,3,ESP32 + BME280 + DHT22 / AM2302,3.3,60,35.926,23.1226,0.9514,8.793333,0.002713,80.833333,64.824444,67.041309
1190,2,SSD1306 OLED controller + nRF24L01+,3.3,60,17.8678,40.1354,1.9968,5.65,0.00545,6.75,12.611513,12.601086
1191,4,BMP280 + MPU6050 + ESP32 + DHT22 / AM2302,3.3,120,52.9508,66.1118,0.9373,7.570685,0.00456,60.634212,100.762369,101.680477
1192,1,MPU6050,3.3,720,339.1255,377.4588,3.4157,3.9,0.01,0.0,72.950018,71.138322
1193,3,DS18B20 + MPU6050 + Raspberry Pi Pico,4.15,120,45.6588,70.9903,3.3509,1.633333,0.436917,0.5,20.444272,21.034805
1194,3,ESP32 + SSD1306 OLED controller + INA219,3.3,720,330.7324,358.4585,30.8091,7.96,0.006047,80.0,841.42171,868.509281
1195,2,ESP32-S3 + Raspberry Pi Pico,3.3,1440,427.8417,971.0663,41.092,45.85,0.6535,177.5,3029.946624,2962.540497
1196,3,BME280 + ESP32 + INA219,3.3,720,113.9325,586.8237,19.2439,7.96,0.002713,80.0,403.920724,401.68015
1197,1,HC-SR04,5.0,60,27.2697,30.7818,1.9485,15.0,0.0,0.0,34.08712,33.37523
1198,3,MPU6050 + ESP32 + ESP32-S3,3.3,1440,802.4879,614.1054,23.4067,39.826667,0.00838,198.333333,6040.302367,6015.19619
1199,4,BME280 + DS18B20 + MPU6050 + SSD1306 OLED controller,3.3,30,5.7997,23.7129,0.4874,1.225,0.005188,0.375,1.81584,1.793805
1200,2,DS18B20 + HC-SR04,5.0,360,71.6309,278.3996,9.9695,8.0,0.000375,0.75,96.771454,99.631701
1201,2,nRF24L01+ + DHT22 / AM2302,3.3,360,193.0149,154.2988,12.6863,6.9,0.00045,8.0,157.669907,155.776662
1202,1,ESP32-S3,3.3,120,28.6979,91.2682,0.0338,91.7,0.007,355.0,145.433869,149.772355
1203,4,SSD1306 OLED controller + DS18B20 + HC-SR04 + MPU6050,4.15,1440,565.7011,837.2721,37.0268,4.975,0.005188,0.375,881.212643,874.063494
1204,1,BME280,3.3,360,137.0843,208.241,14.6748,0.0,0.0,0.0,0.0,0.0
1205,4,INA219 + HC-05 + HC-SR501 + nRF24L01+,3.3,60,9.5386,48.89,1.5713,26.575,0.000225,3.375,56.936853,57.097524
1206,1,HC-SR04,5.0,360,38.8055,320.7105,0.484,15.0,0.0,0.0,48.506869,49.474469
1207,4,BME280 + INA219 + Raspberry Pi Pico + HC-05,3.3,720,184.0458,514.1437,21.8106,7.5,0.325,0.0,340.436762,336.526205
1208,1,BME280,3.3,120,47.3141,69.7936,2.8924,0.0,0.0,0.0,0.0,0.0
1209,4,BMP280 + ESP32-S3 + BME280 + DHT22 / AM2302,3.3,30,17.7888,10.8926,1.3186,23.550685,0.001775,89.384213,118.101007,119.070738
1210,2,nRF24L01+ + BME280,3.3,360,123.8926,226.8565,9.2509,5.65,0.00045,6.75,83.879292,85.860902
1211,2,HC-SR501 + HC-05,3.3,360,106.764,236.8913,16.3447,47.5,0.0,0.0,557.841734,571.536205
1212,1,MPU6050,3.3,30,16.0859,12.6741,1.24,3.9,0.01,0.0,3.45739,3.517415
1213,1,ESP32,3.3,720,57.6173,650.8491,11.5336,23.88,0.00814,240.0,228.209981,228.017615
1214,3,HC-05 + DHT22 / AM2302 + SSD1306 OLED controller,3.3,1440,799.3419,639.1429,1.5152,10.833333,0.003333,0.833333,1429.383545,1464.823879
1215,4,HC-SR501 + HC-05 + ESP32-S3 + Arduino Uno / ATmega328P,3.3,360,164.4754,182.5887,12.9359,46.675,0.00175,88.75,1941.558881,1981.614164
1216,3,Raspberry Pi Pico + nRF24L01+ + DS18B20,4.15,1440,795.5258,587.0605,57.4137,4.1,0.433883,5.0,663.371733,670.818486
1217,2,SSD1306 OLED controller + HC-SR501,3.3,60,11.814,45.6992,2.4868,32.5,0.005,0.0,42.260228,42.163244
1218,2,HC-SR04 + DS18B20,5.0,1440,616.1472,818.148,5.7048,8.0,0.000375,0.75,822.293876,832.281329
1219,2,Arduino Uno / ATmega328P + DS18B20,5.0,720,384.1016,318.7219,17.1766,0.5,0.000375,0.75,34.175456,33.90784
1220,3,ESP32 + BMP280 + HC-05,3.3,720,86.0591,619.7364,14.2045,17.960913,0.002747,80.012283,442.849682,441.160477
1221,3,Arduino Uno / ATmega328P + ESP32-S3 + BMP280,3.3,60,8.6929,48.699,2.6081,30.56758,0.002367,118.345617,94.791425,95.589595
1222,2,ESP32 + BMP280,3.3,60,4.5669,55.3225,0.1106,11.94137,0.00412,120.018425,7.483483,7.451909
1223,4,INA219 + HC-SR501 + nRF24L01+ + HC-05,3.3,120,24.2683,93.1736,2.5581,26.575,0.000225,3.375,143.788755,147.266187
1224,2,INA219 + ESP32-S3,3.3,120,49.426,68.2398,2.3343,45.85,0.0035,177.5,294.882939,296.366121
1225,1,DS18B20,5.0,1440,176.6572,1198.4048,64.938,1.0,0.00075,1.5,22.913586,22.722906
1226,2,BMP280 + DHT22 / AM2302,3.3,1440,115.1168,1302.2696,22.6135,1.25137,5e-05,1.268425,19.008267,19.071812
1227,1,MPU6050,3.3,720,140.6692,574.6478,4.683,3.9,0.01,0.0,30.489607,30.280741
1228,2,HC-SR501 + Raspberry Pi Pico,3.3,1440,527.7193,877.0756,35.2051,32.5,0.65,0.0,1949.307336,1945.11632
1229,4,ESP32-S3 + ESP32 + HC-SR501 + Arduino Uno / ATmega328P,3.3,360,170.4783,173.3737,16.148,45.145,0.003785,148.75,2221.760575,2248.552165
1230,2,Raspberry Pi Pico + MPU6050,3.3,30,4.2958,24.5289,1.1753,1.95,0.655,0.0,2.688752,2.660309
1231,4,nRF24L01+ + BMP280 + DHT22 / AM2302 + ESP32,3.3,30,10.548,19.2331,0.2188,9.420685,0.002285,64.009213,24.952683,24.447626
1232,4,nRF24L01+ + MPU6050 + BMP280 + SSD1306 OLED controller,3.3,120,31.0097,83.3203,5.67,3.800685,0.00525,3.384212,30.246446,29.753447
1233,3,ESP32-S3 + nRF24L01+ + Arduino Uno / ATmega328P,3.3,720,49.6462,662.2813,8.0724,34.333333,0.002633,122.833333,445.141672,446.723273
1234,1,Arduino Uno / ATmega328P,5.0,30,5.0655,23.827,1.1075,0.0,0.0,0.0,0.0,0.0
1235,4,HC-05 + INA219 + DS18B20 + MPU6050,3.3,60,20.7326,38.5031,0.7643,8.725,0.002688,0.375,40.502808,40.970118
1236,4,BMP280 + Arduino Uno / ATmega328P + HC-SR501 + BME280,3.3,1440,527.8801,869.7005,42.4194,16.250685,2.5e-05,0.009213,1887.341837,1922.00221
1237,4,HC-05 + Arduino Uno / ATmega328P + BME280 + DS18B20,4.15,360,183.4425,172.8479,3.7096,7.75,0.000188,0.375,318.441506,318.70496
1238,3,BMP280 + Arduino Uno / ATmega328P + DS18B20,5.0,30,4.7638,24.8121,0.4241,0.334247,0.000283,0.512283,0.453262,0.432034
1239,1,nRF24L01+,3.3,120,71.515,47.5158,0.9691,11.3,0.0009,13.5,45.168516,45.987384
1240,1,BME280,3.3,1440,731.3459,662.0061,46.648,0.0,0.0,0.0,0.0,0.0
1241,3,ESP32 + ESP32-S3 + SSD1306 OLED controller,3.3,1440,355.34,1068.5505,16.1095,38.526667,0.00838,198.333333,2787.521286,2729.471755
1242,1,MPU6050,3.3,1440,720.6027,667.9933,51.404,3.9,0.01,0.0,154.936683,153.634416
1243,3,ESP32 + HC-05 + DS18B20,3.3,120,37.1973,79.8678,2.9349,18.293333,0.002963,80.5,152.478557,158.158359
1244,2,DHT22 / AM2302 + HC-SR501,3.3,120,45.8098,68.4553,5.7349,33.75,0.0,1.25,170.857493,172.430149
1245,3,HC-SR501 + DS18B20 + SSD1306 OLED controller,4.15,120,37.8193,78.7461,3.4346,22.0,0.003583,0.5,173.658468,170.367025
1246,3,SSD1306 OLED controller + HC-SR04 + HC-SR501,4.15,30,5.0111,24.7186,0.2703,26.666667,0.003333,0.0,28.806318,28.577904
1247,2,MPU6050 + HC-SR501,3.3,1440,351.9521,1054.8662,33.1817,34.45,0.005,0.0,1334.302654,1329.146561
1248,4,HC-SR04 + ESP32 + MPU6050 + BMP280,3.3,120,65.9503,51.0324,3.0174,10.695685,0.00456,60.009212,223.09967,223.417653
1249,1,nRF24L01+,3.3,120,58.1673,60.2468,1.5859,11.3,0.0009,13.5,37.331506,37.298089
1250,2,Raspberry Pi Pico + BMP280,3.3,30,17.1265,11.3735,1.5,0.00137,0.65005,0.018425,0.818889,0.821252
1251,1,ESP32-S3,3.3,30,13.7723,15.7293,0.4984,91.7,0.007,355.0,79.197298,79.227174
1252,4,ESP32 + INA219 + HC-SR501 + BMP280,3.3,720,110.5372,593.4863,15.9765,22.220685,0.00206,60.009212,751.557566,747.387871
1253,3,DS18B20 + MPU6050 + BME280,3.3,720,267.1217,431.1636,21.7147,1.633333,0.003583,0.5,82.536176,83.647092
1254,3,ESP32 + DHT22 / AM2302 + HC-05,3.3,720,238.9422,449.7238,31.334,18.793333,0.002713,80.833333,1159.053891,1150.590526
1255,4,ESP32 + INA219 + HC-SR501 + DHT22 / AM2302,3.3,30,4.2534,25.4626,0.284,22.845,0.002035,60.625,25.176179,24.556873
1256,2,HC-SR501 + nRF24L01+,3.3,720,187.6438,526.151,6.2051,38.15,0.00045,6.75,792.080712,762.656706
1257,4,Raspberry Pi Pico + MPU6050 + HC-05 + ESP32-S3,3.3,720,236.9718,453.413,29.6152,31.4,0.32925,88.75,2248.081284,2250.649834
1258,4,BME280 + Raspberry Pi Pico + Arduino Uno / ATmega328P + BMP280,3.3,360,211.2731,138.8127,9.9142,0.000685,0.325025,0.009213,9.977805,9.86531
1259,2,DHT22 / AM2302 + HC-SR04,4.15,60,3.2366,54.1107,2.6526,8.75,0.0,1.25,4.855584,4.812793
1260,1,HC-05,3.3,60,10.2983,47.6524,2.0492,30.0,0.0,0.0,16.992239,17.225667
1261,1,DHT22 / AM2302,3.3,360,187.1397,156.7796,16.0808,2.5,0.0,2.5,27.942809,27.537155
1262,2,DHT22 / AM2302 + ESP32-S3,3.3,30,8.76,20.7964,0.4436,47.1,0.0035,178.75,54.116574,54.041432
1263,4,ESP32 + INA219 + HC-SR501 + ESP32-S3,3.3,30,17.1737,12.7128,0.1135,45.145,0.003785,148.75,174.292277,169.404874
1264,3,ESP32 + INA219 + BME280,3.3,1440,94.2176,1344.4768,1.3056,7.96,0.002713,80.0,141.580621,137.779594
1265,1,Arduino Uno / ATmega328P,5.0,720,99.5518,591.9848,28.4634,0.0,0.0,0.0,0.0,0.0
1266,4,nRF24L01+ + DHT22 / AM2302 + Raspberry Pi Pico + ESP32,3.3,360,104.9977,248.322,6.6803,9.42,0.32726,64.0,329.534254,327.734356
1267,4,DS18B20 + ESP32 + Arduino Uno / ATmega328P + nRF24L01+,4.15,360,157.3338,195.3861,7.2801,9.045,0.002448,63.75,420.057942,427.817707
1268,2,BME280 + ESP32,3.3,1440,477.9943,920.6876,41.3182,11.94,0.00407,120.0,1173.609679,1166.711979
1269,1,BME280,3.3,720,61.813,646.5719,11.615,0.0,0.0,0.0,0.0,0.0
1270,4,DS18B20 + nRF24L01+ + ESP32 + MPU6050,3.3,120,32.6139,82.5325,4.8536,10.02,0.004948,63.75,141.187735,139.156226
1271,3,HC-SR501 + Raspberry Pi Pico + HC-05,3.3,360,164.8941,193.1891,1.9168,31.666667,0.433333,0.0,875.384562,877.334657
1272,2,BMP280 + INA219,3.3,30,17.137,11.5101,1.3528,0.00137,5e-05,0.018425,0.005388,0.005444
1273,2,nRF24L01+ + HC-SR04,4.15,360,193.6124,156.0021,10.3855,13.15,0.00045,6.75,370.064539,378.45466
1274,3,DS18B20 + HC-05 + ESP32,3.3,1440,525.5165,887.6319,26.8516,18.293333,0.002963,80.5,1959.359385,1946.557221
1275,3,nRF24L01+ + DHT22 / AM2302 + ESP32,3.3,720,136.5377,581.1663,2.296,12.56,0.003013,85.333333,315.577294,314.603758
1276,3,SSD1306 OLED controller + DHT22 / AM2302 + BME280,3.3,720,124.0884,576.8953,19.0163,0.833333,0.003333,0.833333,19.994189,19.834143
1277,2,Raspberry Pi Pico + Arduino Uno / ATmega328P,5.0,60,28.6213,30.9515,0.4272,0.0,0.65,0.0,3.353078,3.310669
1278,4,DS18B20 + Raspberry Pi Pico + MPU6050 + BME280,3.3,1440,187.1174,1220.4197,32.4629,1.225,0.327688,0.375,147.795185,146.098673
1279,2,MPU6050 + BMP280,3.3,360,214.402,142.4683,3.1297,1.95137,0.00505,0.018425,46.107029,46.418963
1280,3,BME280 + HC-SR04 + MPU6050,3.3,360,70.5426,272.1116,17.3458,6.3,0.003333,0.0,103.459265,103.036072
1281,3,SSD1306 OLED controller + BME280 + MPU6050,3.3,360,186.4453,173.1262,0.4285,1.3,0.006667,0.0,40.182958,39.770282
1282,2,HC-SR04 + HC-05,4.15,720,184.1222,522.6073,13.2704,22.5,0.0,0.0,533.954497,533.37126
1283,3,Arduino Uno / ATmega328P + MPU6050 + INA219,3.3,60,13.4865,44.0228,2.4908,1.3,0.003333,0.0,2.917058,2.973652
1284,3,HC-SR501 + BME280 + Arduino Uno / ATmega328P,4.15,360,127.4041,221.0346,11.5614,21.666667,0.0,0.0,572.787535,581.850534
1285,4,INA219 + BMP280 + DS18B20 + Raspberry Pi Pico,3.3,120,34.6982,80.6257,4.676,0.250685,0.325213,0.384213,9.260953,9.163726
1286,3,BME280 + INA219 + Arduino Uno / ATmega328P,3.3,30,10.4087,18.345,1.2463,0.0,0.0,0.0,0.0,0.0
1287,2,BME280 + BMP280,3.3,360,29.2426,323.5713,7.186,0.00137,5e-05,0.018425,0.020751,0.022044
1288,4,SSD1306 OLED controller + ESP32-S3 + nRF24L01+ + MPU6050,3.3,360,48.1031,300.1081,11.7888,26.725,0.006975,92.125,522.212981,516.081946
1289,1,MPU6050,3.3,360,181.0193,171.8405,7.1401,3.9,0.01,0.0,38.92316,39.512953
1290,1,ESP32,3.3,120,12.0632,105.2937,2.643,23.88,0.00814,240.0,50.779065,50.915087
1291,4,nRF24L01+ + HC-SR04 + MPU6050 + DS18B20,4.15,720,250.4142,446.3796,23.2062,7.8,0.002913,3.75,563.658699,568.324761
1292,3,HC-SR04 + nRF24L01+ + BMP280,3.3,60,32.793,24.6608,2.5462,8.76758,0.000333,4.512283,63.274112,62.449657
1293,1,INA219,3.3,360,23.5413,330.1971,6.2616,0.0,0.0,0.0,0.0,0.0
1294,1,SSD1306 OLED controller,3.3,120,68.1765,50.2953,1.5283,0.0,0.01,0.0,0.027662,0.027556
1295,2,DHT22 / AM2302 + HC-SR501,3.3,1440,370.9558,998.6463,70.3978,33.75,0.0,1.25,1386.853225,1412.923455
1296,3,Arduino Uno / ATmega328P + ESP32 + MPU6050,3.3,30,17.2183,11.7557,1.0261,9.26,0.006047,80.0,39.86374,39.088364
1297,2,Raspberry Pi Pico + BMP280,3.3,360,157.9225,188.3377,13.7398,0.00137,0.65005,0.018425,13.518826,13.405235
1298,1,BMP280,3.3,360,62.1519,291.0274,6.8207,0.00274,0.0001,0.03685,0.024791,0.024254
1299,2,DS18B20 + INA219,4.15,720,130.6597,563.6766,25.6637,0.5,0.000375,0.75,14.131501,14.129494
1300,3,nRF24L01+ + SSD1306 OLED controller + Raspberry Pi Pico,3.3,360,163.5957,192.0263,4.378,3.766667,0.436967,4.5,118.77038,118.729315
1301,1,MPU6050,3.3,30,4.7195,24.0743,1.2063,3.9,0.01,0.0,1.02557,0.99388
1302,2,HC-SR04 + DS18B20,5.0,60,25.641,32.0159,2.3431,8.0,0.000375,0.75,34.482896,35.429972
1303,2,BME280 + INA219,3.3,720,269.1597,425.5897,25.2506,0.0,0.0,0.0,0.0,0.0
1304,1,SSD1306 OLED controller,3.3,360,81.0405,268.9859,9.9736,0.0,0.01,0.0,0.147942,0.147046
1305,2,HC-05 + INA219,3.3,720,264.9035,443.6645,11.432,15.0,0.0,0.0,437.090845,436.710168
1306,3,DS18B20 + INA219 + HC-SR04,5.0,720,94.0486,596.9947,28.9566,5.333333,0.00025,0.5,129.055035,131.273223
1307,1,BME280,3.3,120,11.9478,103.8931,4.1591,0.0,0.0,0.0,0.0,0.0
1308,3,DHT22 / AM2302 + Arduino Uno / ATmega328P + MPU6050,3.3,720,329.5791,378.6415,11.7794,2.133333,0.003333,0.833333,117.839766,117.793326
1309,2,HC-05 + Arduino Uno / ATmega328P,4.15,120,13.0667,105.2734,1.66,15.0,0.0,0.0,21.559985,21.574478
1310,3,DHT22 / AM2302 + BMP280 + nRF24L01+,3.3,720,252.6117,437.1569,30.2314,4.600913,0.000333,5.345617,218.45933,216.08952
1311,4,ESP32 + Arduino Uno / ATmega328P + MPU6050 + nRF24L01+,3.3,60,30.7724,27.004,2.2236,9.77,0.00476,63.375,97.172756,99.186327
1312,1,INA219,3.3,30,3.5998,25.6503,0.7499,0.0,0.0,0.0,0.0,0.0
1313,3,DHT22 / AM2302 + BMP280 + ESP32,3.3,1440,621.8199,815.7733,2.4068,8.794247,0.002747,80.845617,934.768013,944.718295
1314,3,Arduino Uno / ATmega328P + BME280 + SSD1306 OLED controller,3.3,360,42.493,305.8391,11.6679,0.0,0.003333,0.0,0.168211,0.169905
1315,1,BME280,3.3,360,72.1263,287.3443,0.5294,0.0,0.0,0.0,0.0,0.0
1316,4,HC-SR501 + ESP32 + DS18B20 + ESP32-S3,3.3,60,10.2384,47.6432,2.1184,45.395,0.003973,149.125,172.171861,174.422152
1317,1,HC-SR501,3.3,120,12.8072,106.2947,0.8981,65.0,0.0,0.0,45.785612,45.869024
1318,4,BMP280 + HC-SR501 + BME280 + DS18B20,3.3,1440,313.6113,1100.5426,25.846,16.500685,0.000213,0.384213,1150.700034,1174.436975
1319,4,DS18B20 + nRF24L01+ + MPU6050 + HC-SR04,4.15,120,60.706,56.2398,3.0541,7.8,0.002913,3.75,134.378267,130.62616
1320,3,Raspberry Pi Pico + INA219 + SSD1306 OLED controller,3.3,120,63.6427,50.9544,5.4029,0.0,0.436667,0.0,3.671268,3.790092
1321,3,nRF24L01+ + HC-SR04 + ESP32,3.3,60,24.5034,34.3137,1.1828,16.726667,0.003013,84.5,94.549619,92.748427
1322,2,HC-SR501 + INA219,3.3,1440,225.467,1201.2142,13.3188,32.5,0.0,0.0,806.044544,799.008026
1323,1,ESP32,3.3,60,12.7698,45.5583,1.6719,23.88,0.00814,240.0,38.86127,37.270733
1324,3,Arduino Uno / ATmega328P + HC-05 + Raspberry Pi Pico,4.15,60,10.0858,49.2276,0.6865,10.0,0.433333,0.0,21.067995,20.520897
1325,1,DS18B20,5.0,1440,359.2634,1031.2087,49.5279,1.0,0.00075,1.5,36.194052,36.32885
1326,1,HC-SR04,5.0,360,67.6796,275.5316,16.7889,15.0,0.0,0.0,84.599477,84.120581
1327,4,Arduino Uno / ATmega328P + MPU6050 + BME280 + SSD1306 OLED controller,3.3,60,4.9318,52.5551,2.513,0.975,0.005,0.0,1.115688,1.126379
1328,4,Arduino Uno / ATmega328P + MPU6050 + DHT22 / AM2302 + SSD1306 OLED controller,3.3,1440,184.3944,1236.926,18.6796,1.6,0.005,0.625,68.835884,70.528183
1329,4,HC-SR501 + BMP280 + Raspberry Pi Pico + BME280,3.3,360,35.2825,323.9466,0.7709,16.250685,0.325025,0.009213,149.305803,149.112601
1330,4,ESP32-S3 + HC-SR04 + Raspberry Pi Pico + BMP280,3.3,720,392.2139,297.5863,30.1998,26.675685,0.326775,88.759213,3079.563111,3211.997827
1331,2,MPU6050 + SSD1306 OLED controller,3.3,720,390.8887,295.7415,33.3698,1.95,0.01,0.0,84.170949,81.561909
1332,2,HC-SR501 + nRF24L01+,3.3,60,34.1835,22.9751,2.8414,38.15,0.00045,6.75,145.561896,143.881683
1333,2,SSD1306 OLED controller + Raspberry Pi Pico,3.3,720,73.1988,615.6985,31.1027,0.0,0.655,0.0,44.361076,44.859961
1334,4,INA219 + ESP32-S3 + Raspberry Pi Pico + DHT22 / AM2302,3.3,60,34.4184,23.9036,1.678,23.55,0.32675,89.375,213.032952,214.703244
1335,4,ESP32 + MPU6050 + Arduino Uno / ATmega328P + SSD1306 OLED controller,3.3,120,59.8126,55.1469,5.0405,6.945,0.007035,60.0,158.007735,149.316841
1336,3,INA219 + DHT22 / AM2302 + HC-SR501,3.3,720,179.123,540.7957,0.0813,22.5,0.0,0.833333,665.005428,678.249222
1337,3,Raspberry Pi Pico + HC-05 + DS18B20,4.15,360,56.6669,298.5878,4.7453,10.333333,0.433583,0.5,125.682505,128.57878
1338,3,BMP280 + MPU6050 + ESP32-S3,3.3,120,31.543,84.0798,4.3772,31.86758,0.0057,118.345617,251.410375,257.402347
1339,4,HC-SR501 + HC-05 + HC-SR04 + ESP32,3.3,720,36.4325,652.3881,31.1795,33.47,0.002035,60.0,695.611558,692.960411
1340,2,ESP32 + HC-SR04,4.15,30,15.3123,14.4322,0.2555,19.44,0.00407,120.0,42.630745,42.967919
1341,3,HC-05 + BMP280 + SSD1306 OLED controller,3.3,720,319.2322,365.5599,35.2079,10.000913,0.003367,0.012283,527.055666,522.960687
1342,1,HC-SR04,5.0,720,191.7178,501.2341,27.0481,15.0,0.0,0.0,239.647197,238.525254
1343,4,ESP32 + DS18B20 + HC-SR501 + INA219,3.3,120,52.8354,61.8729,5.2917,22.47,0.002223,60.375,333.227263,332.124346
1344,2,Arduino Uno / ATmega328P + Raspberry Pi Pico,5.0,360,167.6756,175.4159,16.9085,0.0,0.65,0.0,19.003384,18.929252
1345,1,ESP32-S3,3.3,120,14.2903,99.8271,5.8826,91.7,0.007,355.0,186.968996,185.430861
1346,2,Raspberry Pi Pico + HC-SR501,3.3,60,17.8212,39.2248,2.9541,32.5,0.65,0.0,66.515224,67.648218
1347,4,ESP32 + Arduino Uno / ATmega328P + HC-05 + HC-SR04,4.15,360,139.8223,218.7934,1.3843,17.22,0.002035,60.0,607.498607,615.050432
1348,1,nRF24L01+,3.3,30,15.0079,13.5827,1.4094,11.3,0.0009,13.5,10.374543,10.250622
1349,3,Arduino Uno / ATmega328P + ESP32-S3 + BMP280,3.3,720,140.7604,543.5915,35.6481,30.56758,0.002367,118.345617,1406.259154,1391.459524
1350,1,ESP32,3.3,1440,133.3424,1268.5698,38.0878,23.88,0.00814,240.0,678.458585,668.377765
1351,1,INA219,3.3,720,107.1541,585.8922,26.9537,0.0,0.0,0.0,0.0,0.0
1352,1,Arduino Uno / ATmega328P,5.0,720,46.3463,664.2951,9.3585,0.0,0.0,0.0,0.0,0.0
1353,1,DS18B20,5.0,120,25.5305,92.9085,1.561,1.0,0.00075,1.5,2.328478,2.35565
1354,3,INA219 + HC-05 + Raspberry Pi Pico,3.3,1440,533.2372,882.7607,24.0021,10.0,0.433333,0.0,942.958708,936.31459
1355,2,MPU6050 + HC-05,3.3,1440,634.7156,791.2174,14.067,16.95,0.005,0.0,1183.862408,1171.134426
1356,3,ESP32 + BMP280 + DHT22 / AM2302,3.3,720,277.0789,427.0768,15.8443,8.794247,0.002747,80.845617,613.604728,606.966781
1357,4,ESP32 + HC-05 + nRF24L01+ + Raspberry Pi Pico,3.3,30,10.638,19.2957,0.0663,16.295,0.32726,63.375,40.449655,40.334246
1358,2,BME280 + DHT22 / AM2302,3.3,60,11.5566,47.5932,0.8501,1.25,0.0,1.25,1.705931,1.749527
1359,4,BME280 + HC-SR04 + INA219 + HC-SR501,3.3,30,3.0299,26.2008,0.7692,20.0,0.0,0.0,14.619437,14.717312
1360,4,INA219 + BME280 + HC-SR04 + HC-SR501,3.3,1440,762.1116,662.4271,15.4613,20.0,0.0,0.0,3677.188673,3782.139275
1361,2,HC-05 + DHT22 / AM2302,3.3,360,64.0375,291.9603,4.0022,16.25,0.0,1.25,115.017338,115.191539
1362,3,MPU6050 + DS18B20 + nRF24L01+,3.3,1440,232.313,1179.4011,28.2859,5.4,0.003883,5.0,238.891853,247.156138
1363,3,BME280 + Arduino Uno / ATmega328P + HC-SR501,4.15,60,32.4813,25.6421,1.8765,21.666667,0.0,0.0,146.030672,143.538827
1364,1,nRF24L01+,3.3,360,95.599,259.817,4.584,11.3,0.0009,13.5,62.831241,62.745065
1365,4,ESP32 + HC-SR501 + BMP280 + Raspberry Pi Pico,3.3,1440,399.2805,995.7943,44.9252,22.220685,0.32706,60.009212,2616.657461,2586.056381
1366,2,Raspberry Pi Pico + HC-05,3.3,1440,162.2647,1211.1646,66.5707,15.0,0.65,0.0,354.335034,356.095329
1367,1,HC-SR04,5.0,720,120.274,583.5999,16.1261,15.0,0.0,0.0,150.34246,148.986501
1368,3,DHT22 / AM2302 + ESP32 + Raspberry Pi Pico,3.3,60,22.5726,36.5267,0.9008,8.793333,0.436047,80.833333,47.392327,45.794853
1369,3,MPU6050 + DS18B20 + BME280,3.3,60,17.1449,39.9351,2.92,1.633333,0.003583,0.5,5.495793,5.560415
1370,4,Arduino Uno / ATmega328P + HC-SR04 + BME280 + DS18B20,5.0,1440,526.593,883.5692,29.8378,4.0,0.000188,0.375,705.908951,698.943921
1371,4,HC-05 + MPU6050 + Arduino Uno / ATmega328P + SSD1306 OLED controller,3.3,60,7.5393,50.3664,2.0943,8.475,0.005,0.0,14.112402,14.198138
1372,2,BME280 + ESP32,3.3,360,63.7104,292.5308,3.7587,11.94,0.00407,120.0,133.423599,133.073299
1373,2,HC-SR501 + INA219,3.3,30,16.769,12.451,0.7801,32.5,0.0,0.0,59.949072,60.856086
1374,1,nRF24L01+,3.3,120,9.9033,104.3489,5.7478,11.3,0.0009,13.5,10.427809,9.823623
1375,2,MPU6050 + ESP32,3.3,120,16.2092,103.3522,0.4387,13.89,0.00907,120.0,30.659569,30.791469
1376,1,ESP32,3.3,30,8.0118,21.7806,0.2076,23.88,0.00814,240.0,13.272637,13.104773
1377,3,ESP32 + HC-05 + BME280,3.3,360,67.401,278.9282,13.6708,17.96,0.002713,80.0,380.315606,373.060903
1378,4,DHT22 / AM2302 + BMP280 + ESP32 + ESP32-S3,3.3,1440,599.4069,771.1461,69.447,29.520685,0.00381,149.384212,6175.867311,6254.18501
1379,4,SSD1306 OLED controller + Raspberry Pi Pico + HC-05 + HC-SR501,3.3,120,70.3354,45.3077,4.3568,23.75,0.3275,0.0,370.767108,370.328256
1380,1,DS18B20,5.0,120,33.8839,81.6309,4.4852,1.0,0.00075,1.5,3.389408,3.339728
1381,4,ESP32 + Arduino Uno / ATmega328P + BMP280 + INA219,3.3,30,3.2442,26.5043,0.2515,5.970685,0.00206,60.009212,7.593864,7.663282
1382,3,MPU6050 + ESP32-S3 + SSD1306 OLED controller,3.3,60,27.5145,29.6382,2.8474,31.866667,0.009,118.333333,200.310308,203.079726
1383,3,BMP280 + ESP32 + HC-05,3.3,1440,291.9515,1147.8751,0.1734,17.960913,0.002747,80.012283,868.022283,898.889434
1384,3,SSD1306 OLED controller + Raspberry Pi Pico + DS18B20,4.15,60,18.3122,39.4307,2.257,0.333333,0.436917,0.5,5.377781,5.192086
1385,2,DS18B20 + BMP280,4.15,360,210.1266,133.7687,16.1047,0.50137,0.000425,0.768425,19.597037,19.884921
1386,2,ESP32 + DHT22 / AM2302,3.3,60,9.7558,48.6024,1.6418,13.19,0.00407,121.25,36.073402,36.464477
1387,1,INA219,3.3,720,205.7246,512.9599,1.3155,0.0,0.0,0.0,0.0,0.0
1388,2,INA219 + ESP32,3.3,1440,758.6116,665.9669,15.4215,11.94,0.00407,120.0,1200.222545,1230.263172
1389,1,HC-SR501,3.3,360,112.1791,244.369,3.4519,65.0,0.0,0.0,401.040344,399.355527
1390,4,ESP32-S3 + DS18B20 + HC-SR501 + nRF24L01+,3.3,720,363.9051,352.152,3.9429,42.25,0.002162,92.5,3473.388884,3504.948325
1391,2,HC-SR04 + HC-05,4.15,60,25.1707,33.7649,1.0644,22.5,0.0,0.0,72.994991,71.115928
1392,3,Raspberry Pi Pico + DHT22 / AM2302 + HC-SR04,4.15,30,1.8821,28.0417,0.0761,5.833333,0.433333,0.833333,5.143359,5.18371
1393,2,SSD1306 OLED controller + HC-05,3.3,720,244.0816,447.2582,28.6602,15.0,0.005,0.0,402.980675,401.419628
1394,1,SSD1306 OLED controller,3.3,30,16.2764,13.4825,0.241,0.0,0.01,0.0,0.007415,0.007386
1395,3,HC-SR04 + nRF24L01+ + BMP280,3.3,120,70.7722,48.51,0.7178,8.76758,0.000333,4.512283,132.997959,132.914067
1396,3,DHT22 / AM2302 + BME280 + HC-SR04,3.3,120,42.2177,76.5465,1.2358,5.833333,0.0,0.833333,58.746963,58.363565
1397,2,HC-SR501 + BME280,3.3,60,30.6013,28.1712,1.2274,32.5,0.0,0.0,109.399825,108.972104
1398,3,ESP32-S3 + HC-SR501 + BMP280,3.3,30,6.6585,23.0837,0.2578,52.234247,0.002367,118.345617,62.43096,62.274723
1399,1,BME280,3.3,60,17.1696,41.1326,1.6978,0.0,0.0,0.0,0.0,0.0
1400,3,MPU6050 + ESP32-S3 + BMP280,3.3,720,60.1016,640.4555,19.4429,31.86758,0.0057,118.345617,696.287566,687.499032
1401,3,DS18B20 + SSD1306 OLED controller + BME280,3.3,120,17.1839,99.2865,3.5296,0.333333,0.003583,0.5,1.934001,1.953236
1402,3,INA219 + HC-SR501 + BME280,3.3,60,26.515,30.8445,2.6405,21.666667,0.0,0.0,94.791138,93.054118
1403,4,MPU6050 + HC-SR501 + ESP32-S3 + HC-SR04,3.3,60,30.3146,26.856,2.8294,43.9,0.00425,88.75,360.931818,352.993695
1404,1,Raspberry Pi Pico,3.3,120,12.173,106.1462,1.6808,0.0,1.3,0.0,7.589452,7.399134
1405,3,DS18B20 + BME280 + HC-SR501,4.15,60,29.0713,30.2268,0.702,22.0,0.00025,0.5,133.211787,129.598587
1406,3,HC-SR501 + Raspberry Pi Pico + HC-SR04,5.0,30,16.0566,12.9755,0.9679,26.666667,0.433333,0.0,108.449442,108.619353
1407,3,HC-05 + BMP280 + Arduino Uno / ATmega328P,3.3,120,17.3633,98.0519,4.5848,10.000913,3.3e-05,0.012283,28.661882,27.986266
1408,4,ESP32 + DHT22 / AM2302 + BMP280 + BME280,3.3,30,8.6598,20.3201,1.0201,6.595685,0.00206,60.634212,26.182263,25.586972
1409,3,Raspberry Pi Pico + INA219 + ESP32-S3,3.3,360,33.6301,309.2305,17.1395,30.566667,0.435667,118.333333,526.490286,524.360737
1410,1,HC-SR501,3.3,360,127.1833,216.2705,16.5462,65.0,0.0,0.0,454.680382,456.4419
1411,3,SSD1306 OLED controller + DHT22 / AM2302 + HC-SR501,3.3,360,95.1649,255.7787,9.0564,22.5,0.003333,0.833333,354.685465,356.52394
1412,3,DHT22 / AM2302 + DS18B20 + MPU6050,3.3,720,200.9393,518.1406,0.9202,2.466667,0.003583,1.333333,88.034474,88.843344
1413,2,Arduino Uno / ATmega328P + HC-SR04,5.0,120,24.5005,90.6353,4.8642,7.5,0.0,0.0,30.62562,30.433096
1414,2,nRF24L01+ + Raspberry Pi Pico,3.3,720,254.0581,438.0905,27.8514,5.65,0.65045,6.75,209.921916,208.352528
1415,3,ESP32 + HC-05 + SSD1306 OLED controller,3.3,30,4.9159,23.6865,1.3976,17.96,0.006047,80.0,33.039181,33.349037
1416,3,ESP32 + INA219 + SSD1306 OLED controller,3.3,360,49.5857,293.9564,16.4579,7.96,0.006047,80.0,282.663433,277.722709
1417,2,INA219 + ESP32,3.3,1440,200.2536,1196.6372,43.1092,11.94,0.00407,120.0,832.589811,822.622866
1418,4,Arduino Uno / ATmega328P + HC-SR501 + DHT22 / AM2302 + INA219,3.3,1440,753.2548,666.0062,20.7391,16.875,0.0,0.625,2799.309934,2770.914202
1419,4,INA219 + HC-SR501 + BMP280 + Arduino Uno / ATmega328P,3.3,360,50.2366,299.8547,9.9087,16.250685,2.5e-05,0.009213,179.625105,181.348135
1420,4,HC-SR501 + MPU6050 + BME280 + Arduino Uno / ATmega328P,3.3,120,14.9884,100.0076,5.004,17.225,0.0025,0.0,56.853486,57.620692
1421,1,HC-05,3.3,1440,281.6545,1112.1177,46.2279,30.0,0.0,0.0,464.729846,466.942327
1422,3,Raspberry Pi Pico + nRF24L01+ + BME280,3.3,720,127.3463,588.6439,4.0098,3.766667,0.433633,4.5,124.240187,128.297125
1423,3,Raspberry Pi Pico + Arduino Uno / ATmega328P + ESP32-S3,4.15,360,80.1987,262.2661,17.5352,30.566667,0.435667,118.333333,770.540299,787.936394
1424,1,HC-SR04,5.0,360,165.6953,184.3853,9.9194,15.0,0.0,0.0,207.119107,199.575226
1425,3,HC-SR501 + DS18B20 + DHT22 / AM2302,4.15,60,26.4363,31.1884,2.3753,22.833333,0.00025,1.333333,125.316763,124.480149
1426,4,SSD1306 OLED controller + nRF24L01+ + DHT22 / AM2302 + HC-SR501,3.3,1440,313.3316,1109.1125,17.5559,19.7,0.002725,4.0,1374.093226,1423.510906
1427,1,Arduino Uno / ATmega328P,5.0,360,90.8487,252.9862,16.1651,0.0,0.0,0.0,0.0,0.0
1428,2,HC-05 + nRF24L01+,3.3,720,284.6498,401.3772,33.973,20.65,0.00045,6.75,671.826884,664.756675
1429,3,BME280 + BMP280 + MPU6050,3.3,720,138.9653,558.6525,22.3823,1.300913,0.003367,0.012283,30.184685,30.083148
1430,1,BMP280,3.3,360,89.5964,260.7847,9.6189,0.00274,0.0001,0.03685,0.034432,0.034451
1431,3,MPU6050 + nRF24L01+ + HC-SR501,3.3,60,19.0439,39.0439,1.9122,26.733333,0.003633,4.5,85.445647,86.01256
1432,2,ESP32 + HC-SR501,3.3,1440,433.5551,1000.9018,5.5431,44.44,0.00407,120.0,2193.007906,2177.217883
1433,4,BME280 + DS18B20 + HC-SR04 + HC-05,4.15,1440,112.0708,1306.4043,21.525,11.5,0.000188,0.375,337.116749,329.405434
1434,3,BMP280 + BME280 + DS18B20,3.3,60,27.5919,31.6272,0.7809,0.334247,0.000283,0.512283,2.404826,2.435219
1435,2,Raspberry Pi Pico + BME280,3.3,720,63.6432,652.2152,4.1415,0.0,0.65,0.0,46.63339,46.551611
1436,3,DS18B20 + HC-SR04 + MPU6050,5.0,60,26.9774,30.2143,2.8083,6.633333,0.003583,0.5,42.126063,41.870569
1437,1,Raspberry Pi Pico,3.3,360,85.9302,273.1826,0.8872,0.0,1.3,0.0,19.532559,19.645057
1438,3,HC-SR501 + Arduino Uno / ATmega328P + SSD1306 OLED controller,4.15,1440,474.8582,927.9194,37.2224,21.666667,0.003333,0.0,2135.39368,2137.37362
1439,4,ESP32-S3 + HC-SR04 + BME280 + BMP280,3.3,720,248.6826,470.7967,0.5207,26.675685,0.001775,88.759213,1575.473354,1585.222313
1440,2,BME280 + HC-SR04,4.15,30,6.77,22.7479,0.4821,7.5,0.0,0.0,8.462491,8.447466
1441,3,Arduino Uno / ATmega328P + HC-SR501 + ESP32-S3,4.15,30,6.8183,21.7585,1.4232,52.233333,0.002333,118.333333,92.837724,95.42933
1442,3,Arduino Uno / ATmega328P + MPU6050 + ESP32-S3,3.3,60,9.1641,49.363,1.4729,31.866667,0.005667,118.333333,76.989908,75.404494
1443,4,MPU6050 + BME280 + Arduino Uno / ATmega328P + DHT22 / AM2302,3.3,120,11.0093,105.0514,3.9393,1.6,0.0025,0.625,4.474714,4.426979
1444,4,HC-SR501 + BME280 + DHT22 / AM2302 + MPU6050,3.3,30,7.2684,21.2534,1.4782,17.85,0.0025,0.625,28.757819,28.085884
1445,2,ESP32-S3 + HC-SR04,4.15,30,12.5925,16.2432,1.1643,53.35,0.0035,177.5,101.990073,105.05458
1446,4,ESP32-S3 + Raspberry Pi Pico + DS18B20 + MPU6050,3.3,1440,267.0183,1163.8067,9.175,24.15,0.329437,89.125,1690.895926,1683.241733
1447,4,Arduino Uno / ATmega328P + Raspberry Pi Pico + ESP32 + ESP32-S3,3.3,360,20.263,339.1011,0.6359,28.895,0.328785,148.75,174.147361,171.816632
1448,2,HC-SR04 + HC-SR501,5.0,30,7.4153,22.3367,0.248,40.0,0.0,0.0,49.435619,50.114615
1449,2,Arduino Uno / ATmega328P + BME280,4.15,120,28.6823,88.4501,2.8676,0.0,0.0,0.0,0.0,0.0
1450,1,HC-SR501,3.3,30,2.1413,27.8055,0.0532,65.0,0.0,0.0,7.655087,7.43337
1451,3,DS18B20 + ESP32-S3 + BMP280,3.3,30,1.5651,28.3948,0.0401,30.900913,0.002617,118.845617,8.825414,8.618397
1452,3,HC-SR04 + ESP32-S3 + ESP32,3.3,30,14.7437,14.5169,0.7394,43.526667,0.005047,198.333333,136.363883,130.948058
1453,2,HC-05 + BME280,3.3,120,71.3559,46.4888,2.1553,15.0,0.0,0.0,117.73722,117.719993
1454,4,Arduino Uno / ATmega328P + ESP32-S3 + DHT22 / AM2302 + nRF24L01+,3.3,120,37.7097,77.7112,4.5791,26.375,0.001975,92.75,312.28113,315.754676
1455,4,BMP280 + DS18B20 + DHT22 / AM2302 + ESP32,3.3,120,49.5634,69.4156,1.021,6.845685,0.002247,61.009212,89.831975,93.47672
1456,1,SSD1306 OLED controller,3.3,360,97.4936,250.0132,12.4932,0.0,0.01,0.0,0.137507,0.135117
1457,1,nRF24L01+,3.3,720,322.187,382.9121,14.9009,11.3,0.0009,13.5,211.32208,209.278222
1458,3,DHT22 / AM2302 + nRF24L01+ + Raspberry Pi Pico,3.3,60,11.9096,47.5921,0.4982,4.6,0.433633,5.333333,12.883056,12.804343
1459,1,Raspberry Pi Pico,3.3,1440,152.4794,1268.0864,19.4342,0.0,1.3,0.0,90.668177,92.327547
1460,3,nRF24L01+ + HC-05 + MPU6050,3.3,720,425.8666,273.791,20.3424,15.066667,0.003633,4.5,1073.972705,1078.534222
1461,4,ESP32-S3 + HC-SR501 + Arduino Uno / ATmega328P + INA219,3.3,30,4.4637,24.8638,0.6725,39.175,0.00175,88.75,51.611295,52.08102
1462,3,SSD1306 OLED controller + ESP32 + Arduino Uno / ATmega328P,3.3,360,49.1062,293.6448,17.249,7.96,0.006047,80.0,292.475607,292.661207
1463,2,Raspberry Pi Pico + HC-05,3.3,60,24.7557,34.259,0.9853,15.0,0.65,0.0,43.29646,42.263288
1464,3,SSD1306 OLED controller + HC-05 + Arduino Uno / ATmega328P,3.3,60,27.5632,30.7583,1.6785,10.0,0.003333,0.0,45.496244,43.454638
1465,2,BMP280 + HC-SR501,3.3,60,16.492,42.975,0.533,32.50137,5e-05,0.018425,58.962554,58.756516
1466,1,nRF24L01+,3.3,30,5.0062,23.8209,1.1729,11.3,0.0009,13.5,3.983392,3.960738
1467,4,ESP32 + SSD1306 OLED controller + nRF24L01+ + Arduino Uno / ATmega328P,3.3,1440,857.8354,539.9436,42.2209,8.795,0.00476,63.375,2249.056655,2188.819947
1468,4,HC-SR04 + SSD1306 OLED controller + BME280 + DHT22 / AM2302,3.3,720,343.2163,344.5176,32.2661,4.375,0.0025,0.625,480.838713,481.758103
1469,1,BMP280,3.3,720,328.1706,360.1589,31.6705,0.00274,0.0001,0.03685,0.115624,0.115666
1470,3,ESP32 + HC-05 + HC-SR04,3.3,60,34.3612,25.4462,0.1926,22.96,0.002713,80.0,147.330918,149.591983
1471,3,HC-SR501 + ESP32-S3 + BME280,3.3,120,48.7757,66.8371,4.3872,52.233333,0.002333,118.333333,506.059027,498.480968
1472,1,HC-SR501,3.3,720,106.9028,608.1509,4.9463,65.0,0.0,0.0,382.177615,383.833842
1473,4,HC-SR04 + DHT22 / AM2302 + ESP32 + HC-05,3.3,60,29.3116,27.7588,2.9296,17.845,0.002035,60.625,166.61738,168.281286
1474,3,Arduino Uno / ATmega328P + INA219 + Raspberry Pi Pico,4.15,360,126.3264,230.3574,3.3162,0.0,0.433333,0.0,20.712966,20.67149
1475,1,BME280,3.3,1440,235.8513,1188.7463,15.4024,0.0,0.0,0.0,0.0,0.0
1476,2,SSD1306 OLED controller + INA219,3.3,360,31.3756,320.1108,8.5136,0.0,0.005,0.0,0.176061,0.174765
1477,4,DHT22 / AM2302 + BMP280 + HC-SR04 + MPU6050,3.3,30,1.7685,27.0705,1.161,5.350685,0.002525,0.634212,3.010496,3.041679
1478,4,BME280 + Arduino Uno / ATmega328P + INA219 + DS18B20,4.15,60,19.1959,38.6384,2.1657,0.25,0.000188,0.375,1.872786,1.914999
1479,4,Raspberry Pi Pico + HC-SR04 + ESP32 + ESP32-S3,3.3,720,273.0102,419.0206,27.9692,32.645,0.328785,148.75,3022.361961,3031.602574
1480,1,DHT22 / AM2302,3.3,720,315.7296,377.1989,27.0715,2.5,0.0,2.5,47.135155,49.284911
1481,1,MPU6050,3.3,360,65.3004,289.2494,5.4502,3.9,0.01,0.0,14.166025,14.333786
1482,1,INA219,3.3,60,9.2275,48.0681,2.7044,0.0,0.0,0.0,0.0,0.0
1483,3,INA219 + DHT22 / AM2302 + BME280,3.3,1440,716.312,691.8001,31.8878,0.833333,0.0,0.833333,102.877481,100.020812
1484,2,MPU6050 + nRF24L01+,3.3,360,140.8876,211.8115,7.3009,7.6,0.00545,6.75,123.329935,122.154124
1485,4,HC-SR04 + DS18B20 + BME280 + Arduino Uno / ATmega328P,5.0,1440,396.941,989.2586,53.8004,4.0,0.000188,0.375,536.041491,537.016293
1486,3,ESP32 + HC-05 + DHT22 / AM2302,3.3,120,55.4163,58.8069,5.7768,18.793333,0.002713,80.833333,248.915327,249.19417
1487,3,SSD1306 OLED controller + DHT22 / AM2302 + DS18B20,3.3,30,17.3654,11.4203,1.2143,1.166667,0.003583,1.333333,4.160612,4.269698
1488,1,BME280,3.3,60,3.5877,55.1005,1.3118,0.0,0.0,0.0,0.0,0.0
1489,3,INA219 + BME280 + ESP32-S3,3.3,60,28.9356,28.9783,2.0861,30.566667,0.002333,118.333333,186.679385,189.630525
1490,4,BMP280 + MPU6050 + HC-05 + DS18B20,3.3,60,19.5378,39.4732,0.989,8.725685,0.002713,0.384213,38.20943,37.214764
1491,3,MPU6050 + HC-05 + BMP280,3.3,720,36.966,660.769,22.2651,11.300913,0.003367,0.012283,69.340777,66.811404
1492,3,MPU6050 + SSD1306 OLED controller + DHT22 / AM2302,3.3,360,90.9937,265.9929,3.0134,2.133333,0.006667,0.833333,32.736722,32.772889
1493,2,DHT22 / AM2302 + HC-05,3.3,720,378.9217,327.0317,14.0465,16.25,0.0,1.25,679.254009,694.078118
1494,3,ESP32-S3 + ESP32 + nRF24L01+,3.3,30,2.0222,26.5995,1.3783,42.293333,0.005347,202.833333,60.263415,59.654182
1495,2,HC-SR501 + nRF24L01+,3.3,1440,577.8428,802.6435,59.5137,38.15,0.00045,6.75,2469.145922,2386.211076
1496,3,HC-SR04 + HC-05 + SSD1306 OLED controller,3.3,1440,97.2626,1314.9039,27.8335,15.0,0.003333,0.0,282.784705,282.418733
1497,4,nRF24L01+ + ESP32-S3 + Raspberry Pi Pico + HC-05,3.3,720,367.1033,336.1894,16.7072,33.25,0.326975,92.125,3048.158242,2965.056273
1498,4,HC-SR501 + HC-05 + INA219 + DS18B20,3.3,120,7.9613,111.9854,0.0533,24.0,0.000188,0.375,42.275085,43.442411
1499,4,SSD1306 OLED controller + ESP32-S3 + nRF24L01+ + HC-SR04,3.3,720,306.9242,381.0455,32.0303,29.5,0.004475,92.125,2771.930175,2752.457426
1500,2,BME280 + Arduino Uno / ATmega328P,4.15,1440,587.303,824.4784,28.2186,0.0,0.0,0.0,0.0,0.0
