configuration_id,component_count,components,system_voltage_v,analysis_period_min,active_duration_min,sleep_duration_min,peak_duration_min,avg_active_current_ma,avg_sleep_current_ma,avg_peak_current_ma,calculated_energy_mwh,target_energy_mwh,component_profiles,anomaly_prediction,anomaly_score,anomaly_status
1,1,nRF24L01+,3.3,360,129.32019844576303,224.28936784602823,0.0,11.3,0.0009,0.0,80.39274397795283,78.29902830378245,"nRF24L01+:active=129.32,idle=6.39,sleep=224.29,peak=0.00",1,0.17384507461927046,NORMAL
2,2,HC-05 + nRF24L01+,3.3,720,457.07990599918514,136.11546654279695,0.0,25.08483155727556,0.0009,0.0,1281.838352705962,1283.53116631776,"HC-05:active=673.88,idle=46.12,sleep=0.00,peak=0.00 | nRF24L01+:active=240.28,idle=207.49,sleep=272.23,peak=0.00",1,0.17327623599288255,NORMAL
3,2,HC-SR501 + nRF24L01+,3.3,120,89.97056771692651,8.87177652468789,0.0,47.11171133806053,0.0009,0.0,466.3148048734846,465.8491810446909,"HC-SR501:active=120.00,idle=0.00,sleep=0.00,peak=0.00 | nRF24L01+:active=59.94,idle=42.32,sleep=17.74,peak=0.00",1,0.18175114524324898,NORMAL
4,1,Raspberry Pi Pico,3.3,720,0.0,720.0,0.0,0.0,1.3,0.0,51.48,52.73872856229879,"Raspberry Pi Pico:active=0.00,idle=0.00,sleep=720.00,peak=0.00",1,0.032436619513601994,NORMAL
5,2,SSD1306 OLED controller + HC-05,3.3,720,352.1153221582988,360.0,0.0,30.0,0.01,0.0,1169.315079623083,1178.967368954911,"SSD1306 OLED controller:active=0.00,idle=0.00,sleep=720.00,peak=0.00 | HC-05:active=704.23,idle=15.77,sleep=0.00,peak=0.00",1,0.16864295751721653,NORMAL
6,1,nRF24L01+,3.3,720,105.09191381834688,594.4552555144734,0.0,11.3,0.0008999999999999,0.0,65.37329752110462,64.30931738753843,"nRF24L01+:active=105.09,idle=20.45,sleep=594.46,peak=0.00",1,0.13764371583060636,NORMAL
7,1,HC-SR04,5.0,720,673.2282580792302,0.0,0.0,15.0,0.0,0.0,849.330612919166,835.0592006086342,"HC-SR04:active=673.23,idle=46.77,sleep=0.00,peak=0.00",1,0.09863599885127072,NORMAL
8,1,DHT22 / AM2302,3.3,60,60.0,0.0,0.0,2.5,0.0,0.0,8.25,8.372636938248569,"DHT22 / AM2302:active=60.00,idle=0.00,sleep=0.00,peak=0.00",1,0.20492480153696507,NORMAL
9,1,SSD1306 OLED controller,3.3,360,0.0,360.0,0.0,0.0,0.01,0.0,0.198,0.1953645815591368,"SSD1306 OLED controller:active=0.00,idle=0.00,sleep=360.00,peak=0.00",1,0.16413059891875242,NORMAL
10,3,MPU6050 + SSD1306 OLED controller + nRF24L01+,3.3,60,12.076318674249928,43.42505716251878,1.3115406291702307,6.875713128497701,0.0076555613155482,13.5,16.688597954499155,16.5819006663509,"MPU6050:active=21.66,idle=1.63,sleep=36.71,peak=0.00 | SSD1306 OLED controller:active=0.00,idle=0.00,sleep=60.00,peak=0.00 | nRF24L01+:active=14.57,idle=7.93,sleep=33.56,peak=3.93",1,0.11986084849322076,NORMAL
11,3,HC-SR04 + HC-SR501 + MPU6050,4.15,60,41.159506721655625,9.066443092146988,0.0,37.18045888656261,0.01,0.0,320.33923065424705,318.1936943969817,"HC-SR04:active=39.95,idle=20.05,sleep=0.00,peak=0.00 | HC-SR501:active=60.00,idle=0.00,sleep=0.00,peak=0.00 | MPU6050:active=23.53,idle=9.27,sleep=27.20,peak=0.00",1,0.14868649748728507,NORMAL
12,1,HC-SR501,3.3,360,360.0,0.0,0.0,65.0,0.0,0.0,1287.0,1302.0893628091878,"HC-SR501:active=360.00,idle=0.00,sleep=0.00,peak=0.00",1,0.1278759487117207,NORMAL
13,1,HC-SR501,3.3,720,720.0,0.0,0.0,65.0,0.0,0.0,2574.0,2556.04763328065,"HC-SR501:active=720.00,idle=0.00,sleep=0.00,peak=0.00",1,0.11107812936405026,NORMAL
14,2,DHT22 / AM2302 + BMP280,3.3,60,51.102716831149344,8.263638431970167,0.0,1.4687638172373316,0.0001,0.0,8.256458228967766,8.338553967295013,"DHT22 / AM2302:active=60.00,idle=0.00,sleep=0.00,peak=0.00 | BMP280:active=42.21,idle=1.27,sleep=16.53,peak=0.00",1,0.21398776433133154,NORMAL
15,4,Arduino Uno / ATmega328P + ESP32-S3 + MPU6050 + DS18B20,4.15,1440,922.7278217409672,497.171960731366,0.9029491882455628,0.0,0.0054740682341345,1.5000000000000002,,0.0,"Arduino Uno / ATmega328P:active=1440.00,idle=0.00,sleep=0.00,peak=0.00 | ESP32-S3:active=416.86,idle=0.00,sleep=1023.14,peak=0.00 | MPU6050:active=1103.00,idle=12.67,sleep=324.33,peak=0.00 | DS18B20:active=731.05,idle=64.12,sleep=641.22,peak=3.61",1,0.011087552609244655,NORMAL
16,3,Raspberry Pi Pico + SSD1306 OLED controller + HC-SR04,4.15,120,27.39434813762223,80.0,0.0,15.000000000000002,0.6549999999999999,0.0,101.36925410123598,97.94837744144284,"Raspberry Pi Pico:active=0.00,idle=0.00,sleep=120.00,peak=0.00 | SSD1306 OLED controller:active=0.00,idle=0.00,sleep=120.00,peak=0.00 | HC-SR04:active=82.18,idle=37.82,sleep=0.00,peak=0.00",1,0.11496855672681205,NORMAL
17,4,ESP32-S3 + INA219 + DHT22 / AM2302 + MPU6050,3.3,120,73.62122906272475,43.93649774640119,0.0,0.0,0.0083062053352427,0.0,,0.0,"ESP32-S3:active=20.77,idle=0.00,sleep=99.23,peak=0.00 | INA219:active=120.00,idle=0.00,sleep=0.00,peak=0.00 | DHT22 / AM2302:active=120.00,idle=0.00,sleep=0.00,peak=0.00 | MPU6050:active=33.71,idle=9.77,sleep=76.52,peak=0.00",1,0.2057997222459509,NORMAL
18,3,INA219 + ESP32-S3 + BMP280,3.3,120,84.37045203720832,22.48188221269653,0.0,0.0,0.0041447245626005,0.0,,0.0,"INA219:active=120.00,idle=0.00,sleep=0.00,peak=0.00 | ESP32-S3:active=80.46,idle=0.00,sleep=39.54,peak=0.00 | BMP280:active=52.65,idle=39.44,sleep=27.91,peak=0.00",1,0.2164209806077831,NORMAL
19,2,DS18B20 + HC-05,4.15,60,35.61869546709421,17.62154853498345,0.0,20.347249275101085,0.00075,0.0,107.1603277834394,107.63182611875308,"DS18B20:active=23.71,idle=1.05,sleep=35.24,peak=0.00 | HC-05:active=47.53,idle=12.47,sleep=0.00,peak=0.00",1,0.16898113476473814,NORMAL
20,3,BME280 + BMP280 + Raspberry Pi Pico,3.3,30,13.742944529809211,12.056196461981548,0.9794076202961868,0.0,1.078300744404881,0.03685,,0.0,"BME280:active=30.00,idle=0.00,sleep=0.00,peak=0.00 | BMP280:active=11.23,idle=9.66,sleep=6.17,peak=2.94 | Raspberry Pi Pico:active=0.00,idle=0.00,sleep=30.00,peak=0.00",1,0.08034566885755257,NORMAL
21,3,ESP32 + DHT22 / AM2302 + HC-SR04,3.3,120,103.70396011523644,6.481899997673157,0.0,13.048683273478902,0.00814,0.0,226.5253934112461,228.40287860936965,"ESP32:active=100.55,idle=0.00,sleep=19.45,peak=0.00 | DHT22 / AM2302:active=120.00,idle=0.00,sleep=0.00,peak=0.00 | HC-SR04:active=90.56,idle=29.44,sleep=0.00,peak=0.00",1,0.20835271795491456,NORMAL
22,2,Raspberry Pi Pico + HC-SR501,3.3,120,60.0,60.0,0.0,65.0,1.3,0.0,437.58,430.4654647102821,"Raspberry Pi Pico:active=0.00,idle=0.00,sleep=120.00,peak=0.00 | HC-SR501:active=120.00,idle=0.00,sleep=0.00,peak=0.00",1,0.05730950646258526,NORMAL
23,3,nRF24L01+ + BME280 + BMP280,3.3,120,80.94309136889464,20.2961253883546,1.120400155066353,0.0,0.0004235089461821,0.03685,,0.0,"nRF24L01+:active=68.96,idle=26.42,sleep=24.62,peak=0.00 | BME280:active=120.00,idle=0.00,sleep=0.00,peak=0.00 | BMP280:active=53.87,idle=26.50,sleep=36.27,peak=3.36",1,0.16025679584166663,NORMAL
24,4,nRF24L01+ + DS18B20 + ESP32-S3 + DHT22 / AM2302,3.3,60,33.110620044594754,17.77278018430952,0.6935655867393542,24.406695937300245,0.0033608206008477,13.5,179.8815069523558,177.52582300460182,"nRF24L01+:active=20.82,idle=14.76,sleep=21.64,peak=2.77 | DS18B20:active=20.80,idle=18.93,sleep=20.27,peak=0.00 | ESP32-S3:active=30.82,idle=0.00,sleep=29.18,peak=0.00 | DHT22 / AM2302:active=60.00,idle=0.00,sleep=0.00,peak=0.00",1,0.11366502697186137,NORMAL
25,1,Raspberry Pi Pico,3.3,360,0.0,360.0,0.0,0.0,1.3,0.0,25.74,25.082117736740265,"Raspberry Pi Pico:active=0.00,idle=0.00,sleep=360.00,peak=0.00",1,0.06029374661773479,NORMAL
26,1,Raspberry Pi Pico,3.3,1440,0.0,1440.0,0.0,0.0,1.3,0.0,102.96,103.28945473067044,"Raspberry Pi Pico:active=0.00,idle=0.00,sleep=1440.00,peak=0.00",-1,-0.027545080786266718,ANOMALY
27,1,INA219,3.3,30,30.0,0.0,0.0,0.0,0.0,0.0,,0.0,"INA219:active=30.00,idle=0.00,sleep=0.00,peak=0.00",1,0.20199916271044493,NORMAL
28,3,MPU6050 + ESP32 + HC-05,3.3,120,63.85818183265145,38.93839455785884,0.0,20.74932966360985,0.0084664448938423,0.0,225.05362248561408,232.48456871784063,"MPU6050:active=62.35,idle=37.15,sleep=20.50,peak=0.00 | ESP32:active=23.69,idle=0.00,sleep=96.31,peak=0.00 | HC-05:active=105.54,idle=14.46,sleep=0.00,peak=0.00",1,0.20844881378237373,NORMAL
29,1,SSD1306 OLED controller,3.3,1440,0.0,1440.0,0.0,0.0,0.01,0.0,0.792,0.8151492775891165,"SSD1306 OLED controller:active=0.00,idle=0.00,sleep=1440.00,peak=0.00",1,0.0370809297421284,NORMAL
30,1,HC-05,3.3,1440,1298.5670406855072,0.0,0.0,30.0,0.0,0.0,2204.8661192294635,2165.411053428366,"HC-05:active=1298.57,idle=141.43,sleep=0.00,peak=0.00",1,0.08866814133440659,NORMAL
31,4,HC-SR04 + DS18B20 + DHT22 / AM2302 + INA219,4.15,1440,1255.557938318267,68.7326681153554,0.8470733420160719,0.0,0.00075,1.5,,0.0,"HC-SR04:active=1274.65,idle=165.35,sleep=0.00,peak=0.00 | DS18B20:active=867.58,idle=294.10,sleep=274.93,peak=3.39 | DHT22 / AM2302:active=1440.00,idle=0.00,sleep=0.00,peak=0.00 | INA219:active=1440.00,idle=0.00,sleep=0.00,peak=0.00",1,0.010616375663528133,NORMAL
32,1,BMP280,3.3,60,13.749285625716524,38.19332083271107,0.0,0.00274,0.0001,0.0,0.002326396272854,0.0023278214926581,"BMP280:active=13.75,idle=8.06,sleep=38.19,peak=0.00",1,0.20046053299544098,NORMAL
33,2,ESP32-S3 + HC-SR501,3.3,30,23.00342948979525,6.996570510204751,0.0,74.28955256312241,0.007,0.0,187.98598062285757,190.00914378512715,"ESP32-S3:active=16.01,idle=0.00,sleep=13.99,peak=0.00 | HC-SR501:active=30.00,idle=0.00,sleep=0.00,peak=0.00",1,0.14062640647064334,NORMAL
34,2,DHT22 / AM2302 + BME280,3.3,60,60.0,0.0,0.0,0.0,0.0,0.0,,0.0,"DHT22 / AM2302:active=60.00,idle=0.00,sleep=0.00,peak=0.00 | BME280:active=60.00,idle=0.00,sleep=0.00,peak=0.00",1,0.2155879222100221,NORMAL
35,3,Raspberry Pi Pico + HC-SR04 + DS18B20,5.0,720,152.7808789218852,431.944179888038,0.0,12.367459068535805,0.7226488344300073,0.0,608.3913447261048,590.5844357775793,"Raspberry Pi Pico:active=0.00,idle=0.00,sleep=720.00,peak=0.00 | HC-SR04:active=372.16,idle=347.84,sleep=0.00,peak=0.00 | DS18B20:active=86.19,idle=57.98,sleep=575.83,peak=0.00",1,0.03175835457374465,NORMAL
36,1,DS18B20,5.0,720,120.29234862218568,519.4974032105691,0.5457199838286747,1.0,0.00075,1.5,10.13002500387285,9.69498317263696,"DS18B20:active=120.29,idle=79.66,sleep=519.50,peak=0.55",1,0.005323663574397952,NORMAL
37,2,HC-SR04 + nRF24L01+,4.15,1440,853.8629798285233,274.0593834398786,0.0,13.479109892782192,0.0009,0.0,1652.5667525076842,1649.4512492443996,"HC-SR04:active=1005.76,idle=434.24,sleep=0.00,peak=0.00 | nRF24L01+:active=701.96,idle=189.92,sleep=548.12,peak=0.00",1,0.10608171939595595,NORMAL
38,4,SSD1306 OLED controller + BMP280 + nRF24L01+ + Arduino Uno / ATmega328P,3.3,60,33.872891571142155,20.82882739552676,0.0,0.0,0.0073503149759725,0.0,,0.0,"SSD1306 OLED controller:active=0.00,idle=0.00,sleep=60.00,peak=0.00 | BMP280:active=47.62,idle=1.64,sleep=10.74,peak=0.00 | nRF24L01+:active=27.87,idle=19.55,sleep=12.58,peak=0.00 | Arduino Uno / ATmega328P:active=60.00,idle=0.00,sleep=0.00,peak=0.00",1,0.20769873499166797,NORMAL
39,4,nRF24L01+ + SSD1306 OLED controller + HC-SR501 + ESP32-S3,3.3,360,195.5453969363632,157.68367889143283,0.02643502042055,50.42729413696716,0.0082196174424898,13.5,2169.783787039224,2176.528747743333,"nRF24L01+:active=281.97,idle=26.98,sleep=50.94,peak=0.11 | SSD1306 OLED controller:active=0.00,idle=0.00,sleep=360.00,peak=0.00 | HC-SR501:active=360.00,idle=0.00,sleep=0.00,peak=0.00 | ESP32-S3:active=140.21,idle=0.00,sleep=219.79,peak=0.00",1,0.0912442181916342,NORMAL
40,1,SSD1306 OLED controller,3.3,60,0.0,60.0,0.0,0.0,0.01,0.0,0.033,0.0330000556994403,"SSD1306 OLED controller:active=0.00,idle=0.00,sleep=60.00,peak=0.00",1,0.19152255369310017,NORMAL
41,4,BMP280 + HC-SR04 + ESP32 + HC-05,3.3,60,41.9030556486328,8.826761196827718,0.0,17.67244966734689,0.0025081566436033,0.0,175.1559761107727,176.07641805083264,"BMP280:active=34.40,idle=0.87,sleep=24.73,peak=0.00 | HC-SR04:active=48.79,idle=11.21,sleep=0.00,peak=0.00 | ESP32:active=49.42,idle=0.00,sleep=10.58,peak=0.00 | HC-05:active=35.00,idle=25.00,sleep=0.00,peak=0.00",1,0.19855539915986897,NORMAL
42,1,BMP280,3.3,1440,163.36766035661995,1115.588149532784,4.217874757988763,0.00274,0.0001,0.03685,0.040166363638366,0.0397875749007551,"BMP280:active=163.37,idle=156.83,sleep=1115.59,peak=4.22",-1,-0.05938790424591234,ANOMALY
43,3,HC-05 + DS18B20 + HC-SR501,4.15,720,463.0460642426767,178.36298594206036,0.0,45.17375465301932,0.00075,0.0,4447.202059719017,4426.135640035567,"HC-05:active=527.02,idle=192.98,sleep=0.00,peak=0.00 | DS18B20:active=142.12,idle=42.79,sleep=535.09,peak=0.00 | HC-SR501:active=720.00,idle=0.00,sleep=0.00,peak=0.00",1,0.11115443706326278,NORMAL
44,1,HC-05,3.3,360,312.0366028498477,0.0,0.0,30.000000000000004,0.0,0.0,535.9642894483158,531.9776307620491,"HC-05:active=312.04,idle=47.96,sleep=0.00,peak=0.00",1,0.16992830706886292,NORMAL
45,2,Raspberry Pi Pico + BMP280,3.3,360,95.43992254652602,242.21190119569363,0.0,0.00274,0.9661218958892348,0.0,25.76969575350752,25.22703826790428,"Raspberry Pi Pico:active=0.00,idle=0.00,sleep=360.00,peak=0.00 | BMP280:active=190.88,idle=44.70,sleep=124.42,peak=0.00",1,0.1319602735990305,NORMAL
46,1,Arduino Uno / ATmega328P,5.0,60,60.0,0.0,0.0,0.0,0.0,0.0,,0.0,"Arduino Uno / ATmega328P:active=60.00,idle=0.00,sleep=0.00,peak=0.00",1,0.143611958627068,NORMAL
47,3,INA219 + nRF24L01+ + HC-SR04,3.3,120,79.16292021535868,23.57762021680306,0.0,0.0,0.0009,0.0,,0.0,"INA219:active=120.00,idle=0.00,sleep=0.00,peak=0.00 | nRF24L01+:active=29.45,idle=19.82,sleep=70.73,peak=0.00 | HC-SR04:active=88.04,idle=31.96,sleep=0.00,peak=0.00",1,0.21851598359419516,NORMAL
48,3,DHT22 / AM2302 + ESP32 + Raspberry Pi Pico,3.3,60,36.018457440476844,23.98154255952316,0.0,12.008308917542053,1.0855185687835145,0.0,75.66127361677854,76.79750769691353,"DHT22 / AM2302:active=60.00,idle=0.00,sleep=0.00,peak=0.00 | ESP32:active=48.06,idle=0.00,sleep=11.94,peak=0.00 | Raspberry Pi Pico:active=0.00,idle=0.00,sleep=60.00,peak=0.00",1,0.139384052439268,NORMAL
49,3,DS18B20 + ESP32-S3 + HC-SR501,4.15,720,363.39486787568353,335.27982271227285,0.0,61.45807764758548,0.0038653207652234,0.0,4634.483857671261,4540.52272225108,"DS18B20:active=151.55,idle=63.98,sleep=504.48,peak=0.00 | ESP32-S3:active=218.64,idle=0.00,sleep=501.36,peak=0.00 | HC-SR501:active=720.00,idle=0.00,sleep=0.00,peak=0.00",1,0.08668948184349035,NORMAL
50,1,ESP32-S3,3.3,60,49.72278610960194,10.277213890398055,0.0,91.7,0.007,0.0,250.7808284711252,252.3457483464544,"ESP32-S3:active=49.72,idle=0.00,sleep=10.28,peak=0.00",1,0.09873381362443023,NORMAL
51,1,HC-SR501,3.3,30,30.0,0.0,0.0,65.0,0.0,0.0,107.25,102.33518400405708,"HC-SR501:active=30.00,idle=0.00,sleep=0.00,peak=0.00",1,0.14920931814686506,NORMAL
52,3,HC-SR501 + HC-SR04 + HC-05,4.15,720,588.990401148235,0.0,0.0,39.65359669181564,0.0,0.0,4990.232716852146,4931.2378438235055,"HC-SR501:active=720.00,idle=0.00,sleep=0.00,peak=0.00 | HC-SR04:active=542.82,idle=177.18,sleep=0.00,peak=0.00 | HC-05:active=504.15,idle=215.85,sleep=0.00,peak=0.00",1,0.107843052157792,NORMAL
53,4,BME280 + INA219 + HC-05 + ESP32-S3,3.3,720,587.2699751729219,63.04109737431216,0.0,0.0,0.007,0.0,,0.0,"BME280:active=720.00,idle=0.00,sleep=0.00,peak=0.00 | INA219:active=720.00,idle=0.00,sleep=0.00,peak=0.00 | HC-05:active=441.24,idle=278.76,sleep=0.00,peak=0.00 | ESP32-S3:active=467.84,idle=0.00,sleep=252.16,peak=0.00",1,0.16722737950935912,NORMAL
54,2,nRF24L01+ + BME280,3.3,60,48.35488648029465,10.074899554595916,0.0,0.0,0.0009,0.0,,0.0,"nRF24L01+:active=36.71,idle=3.14,sleep=20.15,peak=0.00 | BME280:active=60.00,idle=0.00,sleep=0.00,peak=0.00",1,0.2187550808593311,NORMAL
55,1,BME280,3.3,360,360.0,0.0,0.0,0.0,0.0,0.0,,0.0,"BME280:active=360.00,idle=0.00,sleep=0.00,peak=0.00",1,0.18200890968177708,NORMAL
56,2,HC-05 + ESP32-S3,3.3,360,193.03251002772544,82.71489115681295,0.0,61.09575280745455,0.0069999999999999,0.0,1371.4872942340014,1371.8007080344946,"HC-05:active=191.49,idle=168.51,sleep=0.00,peak=0.00 | ESP32-S3:active=194.57,idle=0.00,sleep=165.43,peak=0.00",1,0.16009943636647672,NORMAL
57,3,SSD1306 OLED controller + ESP32 + HC-05,3.3,120,60.57718965056221,47.65765035005338,0.0,26.73251299706281,0.009701134454878,0.0,282.80408028313934,280.2152949507821,"SSD1306 OLED controller:active=0.00,idle=0.00,sleep=120.00,peak=0.00 | ESP32:active=97.03,idle=0.00,sleep=22.97,peak=0.00 | HC-05:active=84.70,idle=35.30,sleep=0.00,peak=0.00",1,0.19989644495259817,NORMAL
58,1,HC-SR501,3.3,30,30.0,0.0,0.0,65.0,0.0,0.0,107.25,110.05898621902584,"HC-SR501:active=30.00,idle=0.00,sleep=0.00,peak=0.00",1,0.14920931814686506,NORMAL
59,3,BMP280 + HC-05 + DHT22 / AM2302,3.3,60,41.467639949847324,15.776628432733313,0.0,14.874985142706723,0.0001,0.0,103.23709170792164,103.34931782951368,"BMP280:active=7.72,idle=4.95,sleep=47.33,peak=0.00 | HC-05:active=56.68,idle=3.32,sleep=0.00,peak=0.00 | DHT22 / AM2302:active=60.00,idle=0.00,sleep=0.00,peak=0.00",1,0.21414648631258232,NORMAL
60,2,DS18B20 + DHT22 / AM2302,4.15,1440,911.8217200376432,429.97293987332034,4.74034532342716,2.1807528830413148,0.00075,1.9730844156349832,276.4181542536448,279.3485444047919,"DS18B20:active=388.13,idle=186.93,sleep=859.95,peak=5.00 | DHT22 / AM2302:active=1435.51,idle=0.00,sleep=0.00,peak=4.49",-1,-0.06093761779891638,ANOMALY
61,1,Arduino Uno / ATmega328P,5.0,120,120.0,0.0,0.0,0.0,0.0,0.0,,0.0,"Arduino Uno / ATmega328P:active=120.00,idle=0.00,sleep=0.00,peak=0.00",1,0.14027254662033634,NORMAL
62,1,SSD1306 OLED controller,3.3,60,0.0,60.0,0.0,0.0,0.01,0.0,0.033,0.0333439703887831,"SSD1306 OLED controller:active=0.00,idle=0.00,sleep=60.00,peak=0.00",1,0.19152255369310017,NORMAL
63,4,Raspberry Pi Pico + SSD1306 OLED controller + INA219 + ESP32,3.3,1440,433.290834458583,1005.707960724365,1.0012048170520953,0.0,0.4712358669796644,240.0,,0.0,"Raspberry Pi Pico:active=0.00,idle=0.00,sleep=1440.00,peak=0.00 | SSD1306 OLED controller:active=0.00,idle=0.00,sleep=1440.00,peak=0.00 | INA219:active=1440.00,idle=0.00,sleep=0.00,peak=0.00 | ESP32:active=293.16,idle=0.00,sleep=1142.83,peak=4.00",-1,-0.058763410628661306,ANOMALY
64,4,SSD1306 OLED controller + nRF24L01+ + HC-05 + DS18B20,3.3,60,16.85155756134847,34.647853727970066,0.0,17.970483630649877,0.0047973648401877,0.0,77.90354191543457,77.34572655411795,"SSD1306 OLED controller:active=0.00,idle=0.00,sleep=60.00,peak=0.00 | nRF24L01+:active=14.02,idle=6.45,sleep=39.53,peak=0.00 | HC-05:active=34.47,idle=25.53,sleep=0.00,peak=0.00 | DS18B20:active=18.92,idle=2.02,sleep=39.06,peak=0.00",1,0.19098076262511338,NORMAL
65,1,HC-05,3.3,360,249.9221509241275,0.0,0.0,30.0,0.0,0.0,460.8058026181943,464.426146154234,"HC-05:active=249.92,idle=110.08,sleep=0.00,peak=0.00",1,0.17295802367724072,NORMAL
66,4,HC-SR501 + BME280 + INA219 + ESP32,3.3,720,689.6176642137333,30.38233578626674,0.0,0.0,0.00814,0.0,,0.0,"HC-SR501:active=720.00,idle=0.00,sleep=0.00,peak=0.00 | BME280:active=720.00,idle=0.00,sleep=0.00,peak=0.00 | INA219:active=720.00,idle=0.00,sleep=0.00,peak=0.00 | ESP32:active=598.47,idle=0.00,sleep=121.53,peak=0.00",1,0.15711075674699737,NORMAL
67,2,HC-SR501 + INA219,3.3,360,360.0,0.0,0.0,0.0,0.0,0.0,,0.0,"HC-SR501:active=360.00,idle=0.00,sleep=0.00,peak=0.00 | INA219:active=360.00,idle=0.00,sleep=0.00,peak=0.00",1,0.19493334702757764,NORMAL
68,4,Raspberry Pi Pico + HC-SR04 + BMP280 + HC-05,3.3,60,23.64075205925553,27.081687109074583,0.0,20.384429462326608,0.7200883789169991,0.0,119.32850074027984,120.16087883089772,"Raspberry Pi Pico:active=0.00,idle=0.00,sleep=60.00,peak=0.00 | HC-SR04:active=39.01,idle=20.99,sleep=0.00,peak=0.00 | BMP280:active=10.81,idle=0.87,sleep=48.33,peak=0.00 | HC-05:active=44.75,idle=15.25,sleep=0.00,peak=0.00",1,0.1515398852400769,NORMAL
69,4,ESP32-S3 + BME280 + INA219 + MPU6050,3.3,30,20.838583446649288,8.506593737558763,0.0,0.0,0.0085234495447001,0.0,,0.0,"ESP32-S3:active=13.25,idle=0.00,sleep=16.75,peak=0.00 | BME280:active=30.00,idle=0.00,sleep=0.00,peak=0.00 | INA219:active=30.00,idle=0.00,sleep=0.00,peak=0.00 | MPU6050:active=10.10,idle=2.62,sleep=17.28,peak=0.00",1,0.20171983233354013,NORMAL
70,2,nRF24L01+ + Arduino Uno / ATmega328P,4.15,360,304.259920742991,22.8680776274441,0.0,0.0,0.0008999999999999,0.0,,0.0,"nRF24L01+:active=248.52,idle=65.74,sleep=45.74,peak=0.00 | Arduino Uno / ATmega328P:active=360.00,idle=0.00,sleep=0.00,peak=0.00",1,0.1691104851716192,NORMAL
71,1,Arduino Uno / ATmega328P,5.0,30,30.0,0.0,0.0,0.0,0.0,0.0,,0.0,"Arduino Uno / ATmega328P:active=30.00,idle=0.00,sleep=0.00,peak=0.00",1,0.1386194037527141,NORMAL
72,3,HC-SR04 + HC-SR501 + DS18B20,5.0,360,266.9685633758308,61.42299452397115,0.0,35.06535959690877,0.00075,0.0,2349.8374795007885,2350.135394827264,"HC-SR04:active=303.08,idle=56.92,sleep=0.00,peak=0.00 | HC-SR501:active=360.00,idle=0.00,sleep=0.00,peak=0.00 | DS18B20:active=137.82,idle=37.91,sleep=184.27,peak=0.00",1,0.09028337402141534,NORMAL
73,3,DHT22 / AM2302 + INA219 + HC-SR04,3.3,360,329.7820244890141,0.0,0.0,0.0,0.0,0.0,,0.0,"DHT22 / AM2302:active=360.00,idle=0.00,sleep=0.00,peak=0.00 | INA219:active=360.00,idle=0.00,sleep=0.00,peak=0.00 | HC-SR04:active=269.35,idle=90.65,sleep=0.00,peak=0.00",1,0.19902584636986315,NORMAL
74,4,HC-05 + Arduino Uno / ATmega328P + DHT22 / AM2302 + INA219,3.3,120,117.20965762117164,0.0,1.052491513799329,0.0,0.0,2.5,,0.0,"HC-05:active=113.05,idle=6.95,sleep=0.00,peak=0.00 | Arduino Uno / ATmega328P:active=120.00,idle=0.00,sleep=0.00,peak=0.00 | DHT22 / AM2302:active=115.79,idle=0.00,sleep=0.00,peak=4.21 | INA219:active=120.00,idle=0.00,sleep=0.00,peak=0.00",1,0.13456168081901154,NORMAL
75,1,DHT22 / AM2302,3.3,360,360.0,0.0,0.0,2.5,0.0,0.0,49.5,50.4261916542105,"DHT22 / AM2302:active=360.00,idle=0.00,sleep=0.00,peak=0.00",1,0.1777065584789198,NORMAL
76,2,ESP32 + nRF24L01+,3.3,30,12.099186574496638,14.36431037964592,0.0,15.317380892866582,0.0065129277625742,0.0,20.406468725552447,19.793252929837784,"ESP32:active=7.73,idle=0.00,sleep=22.27,peak=0.00 | nRF24L01+:active=16.47,idle=7.07,sleep=6.46,peak=0.00",1,0.20039531600151228,NORMAL
77,3,BME280 + HC-SR04 + DHT22 / AM2302,3.3,120,113.78076980158468,0.0,0.0,0.0,0.0,0.0,,0.0,"BME280:active=120.00,idle=0.00,sleep=0.00,peak=0.00 | HC-SR04:active=101.34,idle=18.66,sleep=0.00,peak=0.00 | DHT22 / AM2302:active=120.00,idle=0.00,sleep=0.00,peak=0.00",1,0.21373878088606257,NORMAL
78,4,SSD1306 OLED controller + BME280 + DS18B20 + MPU6050,3.3,60,23.481758241196463,30.994198543801563,0.0,0.0,0.0089953060604424,0.0,,0.0,"SSD1306 OLED controller:active=0.00,idle=0.00,sleep=60.00,peak=0.00 | BME280:active=60.00,idle=0.00,sleep=0.00,peak=0.00 | DS18B20:active=27.08,idle=19.46,sleep=13.47,peak=0.00 | MPU6050:active=6.85,idle=2.64,sleep=50.51,peak=0.00",1,0.20558532148366215,NORMAL
79,4,HC-SR04 + nRF24L01+ + ESP32-S3 + HC-SR501,3.3,60,35.230908599266904,18.484843758899437,0.0,42.66349317677381,0.0047626231847967,0.0,333.19169809832124,336.2059764407674,"HC-SR04:active=37.34,idle=22.66,sleep=0.00,peak=0.00 | nRF24L01+:active=30.40,idle=2.48,sleep=27.12,peak=0.00 | ESP32-S3:active=13.18,idle=0.00,sleep=46.82,peak=0.00 | HC-SR501:active=60.00,idle=0.00,sleep=0.00,peak=0.00",1,0.17340347257564093,NORMAL
80,1,DS18B20,5.0,60,22.575255528244465,28.058889408071387,0.0,1.0,0.00075,0.0,1.8836103405498568,1.7934132711842852,"DS18B20:active=22.58,idle=9.37,sleep=28.06,peak=0.00",1,0.1295921551964146,NORMAL
81,1,ESP32-S3,3.3,60,25.308508478469346,34.69149152153066,0.0,91.7,0.007,0.0,127.65681873539592,127.199228718644,"ESP32-S3:active=25.31,idle=0.00,sleep=34.69,peak=0.00",1,0.09648364936123516,NORMAL
82,1,BMP280,3.3,720,503.5921284436442,103.37858012958156,0.0,0.00274,0.0001,0.0,0.0770815770500171,0.0781712787511718,"BMP280:active=503.59,idle=113.03,sleep=103.38,peak=0.00",1,0.17213431043930494,NORMAL
83,4,DHT22 / AM2302 + nRF24L01+ + BME280 + SSD1306 OLED controller,3.3,720,407.5631566106048,277.2617319724924,0.0,0.0,0.0068077752575047,0.0,,0.0,"DHT22 / AM2302:active=720.00,idle=0.00,sleep=0.00,peak=0.00 | nRF24L01+:active=190.25,idle=140.70,sleep=389.05,peak=0.00 | BME280:active=720.00,idle=0.00,sleep=0.00,peak=0.00 | SSD1306 OLED controller:active=0.00,idle=0.00,sleep=720.00,peak=0.00",1,0.1733788359784907,NORMAL
84,4,BME280 + ESP32 + MPU6050 + INA219,3.3,60,48.43434922540519,5.434794091439314,0.0,0.0,0.0087489327354826,0.0,,0.0,"BME280:active=60.00,idle=0.00,sleep=0.00,peak=0.00 | ESP32:active=45.38,idle=0.00,sleep=14.62,peak=0.00 | MPU6050:active=28.36,idle=24.52,sleep=7.12,peak=0.00 | INA219:active=60.00,idle=0.00,sleep=0.00,peak=0.00",1,0.2059779819507605,NORMAL
85,2,DHT22 / AM2302 + Raspberry Pi Pico,3.3,360,180.0,180.0,0.0,2.5,1.3,0.0,75.24000000000001,75.5256763375418,"DHT22 / AM2302:active=360.00,idle=0.00,sleep=0.00,peak=0.00 | Raspberry Pi Pico:active=0.00,idle=0.00,sleep=360.00,peak=0.00",1,0.10207360021761214,NORMAL
86,1,HC-05,3.3,1440,993.3424490462082,0.0,0.0,30.0,0.0,0.0,1835.544363345912,1881.3577145621807,"HC-05:active=993.34,idle=446.66,sleep=0.00,peak=0.00",1,0.10233513369146552,NORMAL
87,4,HC-SR04 + HC-SR501 + DS18B20 + SSD1306 OLED controller,5.0,360,177.72500786716887,128.31225405580238,0.9155168787422346,37.42658493358217,0.0072380786806063,1.5,2243.988257193914,2316.2947715580867,"HC-SR04:active=203.98,idle=156.02,sleep=0.00,peak=0.00 | HC-SR501:active=360.00,idle=0.00,sleep=0.00,peak=0.00 | DS18B20:active=146.92,idle=56.16,sleep=153.25,peak=3.66 | SSD1306 OLED controller:active=0.00,idle=0.00,sleep=360.00,peak=0.00",1,0.0029997596466088128,NORMAL
88,4,ESP32-S3 + SSD1306 OLED controller + Raspberry Pi Pico + DHT22 / AM2302,3.3,720,325.27758039333014,394.72241960666986,0.0,42.3390819170972,0.5979975932769594,0.0,3081.759379381237,3131.8442121858784,"ESP32-S3:active=581.11,idle=0.00,sleep=138.89,peak=0.00 | SSD1306 OLED controller:active=0.00,idle=0.00,sleep=720.00,peak=0.00 | Raspberry Pi Pico:active=0.00,idle=0.00,sleep=720.00,peak=0.00 | DHT22 / AM2302:active=720.00,idle=0.00,sleep=0.00,peak=0.00",1,0.09444943955843516,NORMAL
89,4,INA219 + Arduino Uno / ATmega328P + MPU6050 + DHT22 / AM2302,3.3,360,296.0589938485531,46.49366543429906,0.0,0.0,0.01,0.0,,0.0,"INA219:active=360.00,idle=0.00,sleep=0.00,peak=0.00 | Arduino Uno / ATmega328P:active=360.00,idle=0.00,sleep=0.00,peak=0.00 | MPU6050:active=104.24,idle=69.79,sleep=185.97,peak=0.00 | DHT22 / AM2302:active=360.00,idle=0.00,sleep=0.00,peak=0.00",1,0.18852905060114572,NORMAL
90,1,Arduino Uno / ATmega328P,5.0,30,30.0,0.0,0.0,0.0,0.0,0.0,,0.0,"Arduino Uno / ATmega328P:active=30.00,idle=0.00,sleep=0.00,peak=0.00",1,0.1386194037527141,NORMAL
91,4,ESP32 + DHT22 / AM2302 + INA219 + ESP32-S3,3.3,360,249.98316496310784,109.72366609884052,0.2931689380516232,0.0,0.0076120762629164,355.0,,0.0,"ESP32:active=124.35,idle=0.00,sleep=235.65,peak=0.00 | DHT22 / AM2302:active=360.00,idle=0.00,sleep=0.00,peak=0.00 | INA219:active=360.00,idle=0.00,sleep=0.00,peak=0.00 | ESP32-S3:active=155.58,idle=0.00,sleep=203.25,peak=1.17",1,0.060042830277363124,NORMAL
92,4,MPU6050 + HC-SR04 + INA219 + ESP32,3.3,30,16.91516923127766,8.554518865417315,0.0,0.0,0.0087939447289686,0.0,,0.0,"MPU6050:active=9.92,idle=8.05,sleep=12.03,peak=0.00 | HC-SR04:active=19.93,idle=10.07,sleep=0.00,peak=0.00 | INA219:active=30.00,idle=0.00,sleep=0.00,peak=0.00 | ESP32:active=7.81,idle=0.00,sleep=22.19,peak=0.00",1,0.2015519067818155,NORMAL
93,4,BME280 + HC-05 + nRF24L01+ + DHT22 / AM2302,3.3,30,24.375901245343933,1.2270652007011675,0.0,0.0,0.0009,0.0,,0.0,"BME280:active=30.00,idle=0.00,sleep=0.00,peak=0.00 | HC-05:active=16.70,idle=13.30,sleep=0.00,peak=0.00 | nRF24L01+:active=20.80,idle=4.29,sleep=4.91,peak=0.00 | DHT22 / AM2302:active=30.00,idle=0.00,sleep=0.00,peak=0.00",1,0.20138719020783474,NORMAL
94,2,HC-SR04 + BME280,4.15,60,53.88087073303077,0.0,0.0,0.0,0.0,0.0,,0.0,"HC-SR04:active=47.76,idle=12.24,sleep=0.00,peak=0.00 | BME280:active=60.00,idle=0.00,sleep=0.00,peak=0.00",1,0.1806637426735877,NORMAL
95,1,HC-SR501,3.3,60,60.0,0.0,0.0,65.0,0.0,0.0,214.5,209.04834484327543,"HC-SR501:active=60.00,idle=0.00,sleep=0.00,peak=0.00",1,0.14921157356635956,NORMAL
96,4,MPU6050 + HC-SR501 + ESP32 + HC-SR04,3.3,120,99.17582437131476,9.392210064158784,0.2524737971109769,30.293254332167024,0.0093328241857477,240.0,677.3052302268012,679.7082565521115,"MPU6050:active=78.39,idle=17.52,sleep=24.09,peak=0.00 | HC-SR501:active=120.00,idle=0.00,sleep=0.00,peak=0.00 | ESP32:active=105.51,idle=0.00,sleep=13.48,peak=1.01 | HC-SR04:active=92.80,idle=27.20,sleep=0.00,peak=0.00",1,0.06482720053219071,NORMAL
97,4,DHT22 / AM2302 + MPU6050 + INA219 + BME280,3.3,360,288.0485287910976,69.54728391717718,0.0,0.0,0.01,0.0,,0.0,"DHT22 / AM2302:active=360.00,idle=0.00,sleep=0.00,peak=0.00 | MPU6050:active=72.19,idle=9.62,sleep=278.19,peak=0.00 | INA219:active=360.00,idle=0.00,sleep=0.00,peak=0.00 | BME280:active=360.00,idle=0.00,sleep=0.00,peak=0.00",1,0.19271485498897778,NORMAL
98,3,nRF24L01+ + DHT22 / AM2302 + SSD1306 OLED controller,3.3,720,323.6541372025193,381.6190576217091,0.0,4.774515672022869,0.006622984626635,0.0,255.45334723835813,257.23820295621545,"nRF24L01+:active=250.96,idle=44.18,sleep=424.86,peak=0.00 | DHT22 / AM2302:active=720.00,idle=0.00,sleep=0.00,peak=0.00 | SSD1306 OLED controller:active=0.00,idle=0.00,sleep=720.00,peak=0.00",1,0.18116379708961883,NORMAL
99,2,ESP32 + SSD1306 OLED controller,3.3,30,4.681978769523223,25.318021230476777,0.0,23.88,0.0092419818549806,0.0,12.32436058799337,12.478436096361383,"ESP32:active=9.36,idle=0.00,sleep=20.64,peak=0.00 | SSD1306 OLED controller:active=0.00,idle=0.00,sleep=30.00,peak=0.00",1,0.1890670927621626,NORMAL
100,3,INA219 + SSD1306 OLED controller + HC-SR501,3.3,720,480.0,240.0,0.0,0.0,0.01,0.0,,0.0,"INA219:active=720.00,idle=0.00,sleep=0.00,peak=0.00 | SSD1306 OLED controller:active=0.00,idle=0.00,sleep=720.00,peak=0.00 | HC-SR501:active=720.00,idle=0.00,sleep=0.00,peak=0.00",1,0.18626194685655434,NORMAL
101,2,Raspberry Pi Pico + BME280,3.3,60,30.0,30.0,0.0,0.0,1.3,0.0,,0.0,"Raspberry Pi Pico:active=0.00,idle=0.00,sleep=60.00,peak=0.00 | BME280:active=60.00,idle=0.00,sleep=0.00,peak=0.00",1,0.12533496831476348,NORMAL
102,1,nRF24L01+,3.3,360,163.48311404864214,45.677542882904056,0.0,11.3,0.0009,0.0,101.82271668019168,100.13916960478562,"nRF24L01+:active=163.48,idle=150.84,sleep=45.68,peak=0.00",1,0.18437555274409945,NORMAL
103,2,BME280 + ESP32,3.3,360,272.3281468302898,87.67185316971018,0.0,0.0,0.00814,0.0,,0.0,"BME280:active=360.00,idle=0.00,sleep=0.00,peak=0.00 | ESP32:active=184.66,idle=0.00,sleep=175.34,peak=0.00",1,0.20143536393883354,NORMAL
104,1,ESP32,3.3,30,23.99511560920733,4.082362500843032,1.9225218899496404,23.88,0.00814,240.0,56.89430146215979,55.78377156018591,"ESP32:active=24.00,idle=0.00,sleep=4.08,peak=1.92",1,0.036884306249670096,NORMAL
105,2,BME280 + Raspberry Pi Pico,3.3,120,60.0,60.0,0.0,0.0,1.3,0.0,,0.0,"BME280:active=120.00,idle=0.00,sleep=0.00,peak=0.00 | Raspberry Pi Pico:active=0.00,idle=0.00,sleep=120.00,peak=0.00",1,0.12467219139136332,NORMAL
106,2,ESP32-S3 + DHT22 / AM2302,3.3,1440,1102.9919441986135,335.7376374118544,1.2704183895321877,33.472920157941495,0.007,355.0,4111.108097223452,4167.491865455069,"ESP32-S3:active=765.98,idle=0.00,sleep=671.48,peak=2.54 | DHT22 / AM2302:active=1440.00,idle=0.00,sleep=0.00,peak=0.00",-1,-0.041975794790107934,ANOMALY
107,3,SSD1306 OLED controller + HC-05 + BMP280,3.3,60,27.367136565113373,25.42379313195131,0.0,16.665035925878737,0.0078879802975254,0.0,81.61958796965689,82.87215030982608,"SSD1306 OLED controller:active=0.00,idle=0.00,sleep=60.00,peak=0.00 | HC-05:active=45.60,idle=14.40,sleep=0.00,peak=0.00 | BMP280:active=36.50,idle=7.23,sleep=16.27,peak=0.00",1,0.20923450442318986,NORMAL
108,2,ESP32 + BMP280,3.3,120,59.75141853845529,59.84482357180991,0.3455134290963269,18.87614481187373,0.0018156748947265,0.03685,124.07976083632862,126.00986466880768,"ESP32:active=94.46,idle=0.00,sleep=25.54,peak=0.00 | BMP280:active=25.04,idle=0.12,sleep=94.15,peak=0.69",1,0.18224862476141418,NORMAL
109,4,HC-05 + ESP32 + ESP32-S3 + INA219,3.3,30,22.77755211834601,5.009215196281019,0.0,0.0,0.0071767550698769,0.0,,0.0,"HC-05:active=21.15,idle=8.85,sleep=0.00,peak=0.00 | ESP32:active=26.89,idle=0.00,sleep=3.11,peak=0.00 | ESP32-S3:active=13.07,idle=0.00,sleep=16.93,peak=0.00 | INA219:active=30.00,idle=0.00,sleep=0.00,peak=0.00",1,0.19903535023886526,NORMAL
110,3,HC-05 + nRF24L01+ + BME280,3.3,60,35.35506262991047,11.051366814999822,0.0,0.0,0.0009,0.0,,0.0,"HC-05:active=32.44,idle=27.56,sleep=0.00,peak=0.00 | nRF24L01+:active=13.63,idle=13.22,sleep=33.15,peak=0.00 | BME280:active=60.00,idle=0.00,sleep=0.00,peak=0.00",1,0.2230805444217741,NORMAL
111,3,HC-05 + DHT22 / AM2302 + Raspberry Pi Pico,3.3,30,18.91822152387299,10.0,0.0,15.463749874533598,1.3,0.0,51.84314413165897,52.50352861660346,"HC-05:active=26.75,idle=3.25,sleep=0.00,peak=0.00 | DHT22 / AM2302:active=30.00,idle=0.00,sleep=0.00,peak=0.00 | Raspberry Pi Pico:active=0.00,idle=0.00,sleep=30.00,peak=0.00",1,0.11938567815418516,NORMAL
112,3,BME280 + nRF24L01+ + ESP32,3.3,30,18.92167557616157,9.817523689856356,0.0,0.0,0.003391607656382,0.0,,0.0,"BME280:active=30.00,idle=0.00,sleep=0.00,peak=0.00 | nRF24L01+:active=6.90,idle=3.78,sleep=19.32,peak=0.00 | ESP32:active=19.86,idle=0.00,sleep=10.14,peak=0.00",1,0.21461872154750383,NORMAL
113,1,HC-SR501,3.3,60,60.0,0.0,0.0,65.0,0.0,0.0,214.5,215.37000031789148,"HC-SR501:active=60.00,idle=0.00,sleep=0.00,peak=0.00",1,0.14921157356635956,NORMAL
114,1,HC-05,3.3,720,657.7401828808519,0.0,0.0,30.0,0.0,0.0,1112.6656212858309,1114.0094082171763,"HC-05:active=657.74,idle=62.26,sleep=0.00,peak=0.00",1,0.15006941869498736,NORMAL
115,1,BME280,3.3,60,60.0,0.0,0.0,0.0,0.0,0.0,,0.0,"BME280:active=60.00,idle=0.00,sleep=0.00,peak=0.00",1,0.20809052361625596,NORMAL
116,1,HC-SR501,3.3,1440,1440.0,0.0,0.0,65.0,0.0,0.0,5148.0,5240.0682043037405,"HC-SR501:active=1440.00,idle=0.00,sleep=0.00,peak=0.00",1,0.04764237969039886,NORMAL
117,2,ESP32-S3 + HC-SR501,3.3,30,21.504839664066488,8.49516033593351,0.0,73.0762852336344,0.007,0.0,172.87085896489737,172.34860960829397,"ESP32-S3:active=13.01,idle=0.00,sleep=16.99,peak=0.00 | HC-SR501:active=30.00,idle=0.00,sleep=0.00,peak=0.00",1,0.14151330054197048,NORMAL
118,4,ESP32 + BMP280 + BME280 + HC-SR501,3.3,360,296.5915700572836,34.8372731430821,0.0,0.0,0.002459993184445,0.0,,0.0,"ESP32:active=319.10,idle=0.00,sleep=40.90,peak=0.00 | BMP280:active=147.27,idle=114.28,sleep=98.45,peak=0.00 | BME280:active=360.00,idle=0.00,sleep=0.00,peak=0.00 | HC-SR501:active=360.00,idle=0.00,sleep=0.00,peak=0.00",1,0.19164036920846933,NORMAL
119,3,HC-SR501 + HC-SR04 + Raspberry Pi Pico,5.0,720,392.9076438341479,240.0,0.0,45.54152849483727,1.3,0.0,4594.949842460981,4582.798161571046,"HC-SR501:active=720.00,idle=0.00,sleep=0.00,peak=0.00 | HC-SR04:active=458.72,idle=261.28,sleep=0.00,peak=0.00 | Raspberry Pi Pico:active=0.00,idle=0.00,sleep=720.00,peak=0.00",-1,-0.014356785708834141,ANOMALY
120,3,DS18B20 + Raspberry Pi Pico + INA219,4.15,360,168.16147408735642,178.17038712156287,1.3267142605172972,0.0,0.8758112406405394,1.5,,0.0,"DS18B20:active=144.48,idle=37.02,sleep=174.51,peak=3.98 | Raspberry Pi Pico:active=0.00,idle=0.00,sleep=360.00,peak=0.00 | INA219:active=360.00,idle=0.00,sleep=0.00,peak=0.00",1,0.03276252216215236,NORMAL
121,3,HC-05 + MPU6050 + Raspberry Pi Pico,3.3,120,53.55426076447269,49.98625978698471,0.0,21.65495332688431,1.0422836759519956,0.0,204.67095247844372,199.9140740639035,"HC-05:active=109.29,idle=10.71,sleep=0.00,peak=0.00 | MPU6050:active=51.37,idle=38.67,sleep=29.96,peak=0.00 | Raspberry Pi Pico:active=0.00,idle=0.00,sleep=120.00,peak=0.00",1,0.13400749234355963,NORMAL
122,4,DHT22 / AM2302 + BMP280 + nRF24L01+ + SSD1306 OLED controller,3.3,120,49.92596985765976,54.80439915279534,0.0,4.559554729652219,0.0055974249585786,0.0,50.2121403556715,49.31399977182781,"DHT22 / AM2302:active=120.00,idle=0.00,sleep=0.00,peak=0.00 | BMP280:active=25.68,idle=16.52,sleep=77.80,peak=0.00 | nRF24L01+:active=54.03,idle=44.56,sleep=21.42,peak=0.00 | SSD1306 OLED controller:active=0.00,idle=0.00,sleep=120.00,peak=0.00",1,0.19795091092169748,NORMAL
123,3,ESP32-S3 + Arduino Uno / ATmega328P + ESP32,3.3,120,74.05852693468829,45.94147306531172,0.0,0.0,0.007759987194504,0.0,,0.0,"ESP32-S3:active=74.06,idle=0.00,sleep=45.94,peak=0.00 | Arduino Uno / ATmega328P:active=120.00,idle=0.00,sleep=0.00,peak=0.00 | ESP32:active=28.12,idle=0.00,sleep=91.88,peak=0.00",1,0.21714165201289326,NORMAL
124,1,DS18B20,5.0,60,22.15708332141745,32.144521818662284,0.0,1.0,0.00075,0.0,1.848788792410532,1.8846182404592453,"DS18B20:active=22.16,idle=5.70,sleep=32.14,peak=0.00",1,0.12792644036597117,NORMAL
125,3,HC-SR04 + BME280 + SSD1306 OLED controller,3.3,120,72.11786034813763,40.0,0.0,0.0,0.01,0.0,,0.0,"HC-SR04:active=96.35,idle=23.65,sleep=0.00,peak=0.00 | BME280:active=120.00,idle=0.00,sleep=0.00,peak=0.00 | SSD1306 OLED controller:active=0.00,idle=0.00,sleep=120.00,peak=0.00",1,0.21710055925934635,NORMAL
126,2,HC-05 + DHT22 / AM2302,3.3,120,91.35304824432578,0.0,0.0,11.938205328550854,0.0,0.0,145.17437675126837,140.98667918939375,"HC-05:active=62.71,idle=57.29,sleep=0.00,peak=0.00 | DHT22 / AM2302:active=120.00,idle=0.00,sleep=0.00,peak=0.00",1,0.20892054555090422,NORMAL
127,2,HC-05 + HC-SR501,3.3,120,113.93735695063566,0.0,0.0,48.43118057328505,0.0,0.0,612.3284038205384,595.8913642751091,"HC-05:active=107.87,idle=12.13,sleep=0.00,peak=0.00 | HC-SR501:active=120.00,idle=0.00,sleep=0.00,peak=0.00",1,0.17514441297520228,NORMAL
128,2,HC-SR04 + BMP280,4.15,120,59.36705704160331,48.183501149993134,1.2037283508157015,13.19370881409344,0.0001,0.03685,110.51278136596838,106.33109651299992,"HC-SR04:active=104.43,idle=15.57,sleep=0.00,peak=0.00 | BMP280:active=14.30,idle=6.93,sleep=96.37,peak=2.41",1,0.11750560498416707,NORMAL
129,4,INA219 + Raspberry Pi Pico + ESP32-S3 + Arduino Uno / ATmega328P,3.3,60,32.44837481507401,27.55162518492599,0.0,0.0,0.7109512141233457,0.0,,0.0,"INA219:active=60.00,idle=0.00,sleep=0.00,peak=0.00 | Raspberry Pi Pico:active=0.00,idle=0.00,sleep=60.00,peak=0.00 | ESP32-S3:active=9.79,idle=0.00,sleep=50.21,peak=0.00 | Arduino Uno / ATmega328P:active=60.00,idle=0.00,sleep=0.00,peak=0.00",1,0.16496967265232304,NORMAL
130,4,ESP32 + MPU6050 + HC-SR04 + Raspberry Pi Pico,3.3,360,158.23127205554363,185.64586727967077,1.057246197252678,14.32682911538432,0.6348829248798056,240.0,585.5005667032025,597.7883454359481,"ESP32:active=155.63,idle=0.00,sleep=200.15,peak=4.23 | MPU6050:active=162.89,idle=14.68,sleep=182.44,peak=0.00 | HC-SR04:active=314.41,idle=45.59,sleep=0.00,peak=0.00 | Raspberry Pi Pico:active=0.00,idle=0.00,sleep=360.00,peak=0.00",1,0.003410241140378245,NORMAL
131,2,HC-SR501 + HC-SR04,5.0,720,653.1745253241102,0.0,0.0,42.557718958908055,0.0,0.0,4655.211471535572,4691.4934174749305,"HC-SR501:active=720.00,idle=0.00,sleep=0.00,peak=0.00 | HC-SR04:active=586.35,idle=133.65,sleep=0.00,peak=0.00",1,0.06863079367322233,NORMAL
132,2,nRF24L01+ + ESP32-S3,3.3,720,362.46774763365806,353.3223156447352,0.0,77.15471805441649,0.0019895197142665,0.0,3076.3600199817647,3080.661976053492,"nRF24L01+:active=131.15,idle=8.42,sleep=580.43,peak=0.00 | ESP32-S3:active=593.79,idle=0.00,sleep=126.21,peak=0.00",1,0.10494789364589785,NORMAL
133,1,SSD1306 OLED controller,3.3,360,0.0,360.0,0.0,0.0,0.01,0.0,0.198,0.2002001050710544,"SSD1306 OLED controller:active=0.00,idle=0.00,sleep=360.00,peak=0.00",1,0.16413059891875242,NORMAL
134,1,Raspberry Pi Pico,3.3,60,0.0,60.0,0.0,0.0,1.3,0.0,4.29,4.389314165638214,"Raspberry Pi Pico:active=0.00,idle=0.00,sleep=60.00,peak=0.00",1,0.09105766401450799,NORMAL
135,3,nRF24L01+ + MPU6050 + HC-05,3.3,720,311.3081991879655,236.8637204623508,0.0,21.169008845160967,0.00796281948958,0.0,1170.067998414243,1214.1134503091614,"nRF24L01+:active=297.28,idle=263.64,sleep=159.08,peak=0.00 | MPU6050:active=103.00,idle=65.49,sleep=551.51,peak=0.00 | HC-05:active=533.64,idle=186.36,sleep=0.00,peak=0.00",1,0.1839149287390845,NORMAL
136,1,BMP280,3.3,360,193.05321539483845,153.33203286837636,0.0,0.00274,0.0001,0.0,0.0300113268753305,0.0300149382465959,"BMP280:active=193.05,idle=13.61,sleep=153.33,peak=0.00",1,0.18315791335665016,NORMAL
137,1,BME280,3.3,30,30.0,0.0,0.0,0.0,0.0,0.0,,0.0,"BME280:active=30.00,idle=0.00,sleep=0.00,peak=0.00",1,0.20199916271044493,NORMAL
138,2,BME280 + Raspberry Pi Pico,3.3,360,180.0,180.0,0.0,0.0,1.3,0.0,,0.0,"BME280:active=360.00,idle=0.00,sleep=0.00,peak=0.00 | Raspberry Pi Pico:active=0.00,idle=0.00,sleep=360.00,peak=0.00",1,0.10535718661869342,NORMAL
139,4,DHT22 / AM2302 + ESP32-S3 + ESP32 + Raspberry Pi Pico,3.3,1440,597.4677027362759,842.532297263724,0.0,31.474219748022747,0.5598872113185647,0.0,4240.841621858312,3931.394802600461,"DHT22 / AM2302:active=1440.00,idle=0.00,sleep=0.00,peak=0.00 | ESP32-S3:active=721.56,idle=0.00,sleep=718.44,peak=0.00 | ESP32:active=228.31,idle=0.00,sleep=1211.69,peak=0.00 | Raspberry Pi Pico:active=0.00,idle=0.00,sleep=1440.00,peak=0.00",1,0.039240525287217776,NORMAL
140,3,SSD1306 OLED controller + BMP280 + DHT22 / AM2302,3.3,1440,580.4196102256805,813.6074324386626,0.5706727946843811,2.0679438264763723,0.005940654608767,0.03685,198.84712319937307,200.46985959805528,"SSD1306 OLED controller:active=0.00,idle=0.00,sleep=1440.00,peak=0.00 | BMP280:active=301.26,idle=136.21,sleep=1000.82,peak=1.71 | DHT22 / AM2302:active=1440.00,idle=0.00,sleep=0.00,peak=0.00",1,0.06577691633945626,NORMAL
141,4,INA219 + HC-SR04 + Raspberry Pi Pico + SSD1306 OLED controller,3.3,720,270.596835142994,360.0,0.0,0.0,0.655,0.0,,0.0,"INA219:active=720.00,idle=0.00,sleep=0.00,peak=0.00 | HC-SR04:active=362.39,idle=357.61,sleep=0.00,peak=0.00 | Raspberry Pi Pico:active=0.00,idle=0.00,sleep=720.00,peak=0.00 | SSD1306 OLED controller:active=0.00,idle=0.00,sleep=720.00,peak=0.00",1,0.12129247246136199,NORMAL
142,1,nRF24L01+,3.3,30,10.264080830781936,17.226363293179727,0.0,11.3,0.0009,0.0,6.383567606216721,6.462317109100604,"nRF24L01+:active=10.26,idle=2.51,sleep=17.23,peak=0.00",1,0.18976882427947206,NORMAL
143,3,MPU6050 + DHT22 / AM2302 + HC-05,3.3,60,43.44882511582943,10.995430350739856,0.0,13.210993753282615,0.01,0.0,99.25407458292554,99.7096144889664,"MPU6050:active=20.63,idle=6.39,sleep=32.99,peak=0.00 | DHT22 / AM2302:active=60.00,idle=0.00,sleep=0.00,peak=0.00 | HC-05:active=49.72,idle=10.28,sleep=0.00,peak=0.00",1,0.2145732229097569,NORMAL
144,3,ESP32-S3 + DS18B20 + BME280,3.3,30,13.452898497658609,16.132215546387158,0.0,0.0,0.0037307040648463,0.0,,0.0,"ESP32-S3:active=6.92,idle=0.00,sleep=23.08,peak=0.00 | DS18B20:active=3.44,idle=1.24,sleep=25.32,peak=0.00 | BME280:active=30.00,idle=0.00,sleep=0.00,peak=0.00",1,0.21237593565800134,NORMAL
145,1,DHT22 / AM2302,3.3,120,120.0,0.0,0.0,2.5,0.0,0.0,16.5,16.93388659759695,"DHT22 / AM2302:active=120.00,idle=0.00,sleep=0.00,peak=0.00",1,0.202456427886891,NORMAL
146,4,HC-SR501 + MPU6050 + SSD1306 OLED controller + DHT22 / AM2302,3.3,360,195.62653193658448,160.22832706639184,0.0,31.36559961376684,0.0099999999999999,0.0,1350.2646263762324,1339.071659988555,"HC-SR501:active=360.00,idle=0.00,sleep=0.00,peak=0.00 | MPU6050:active=62.51,idle=16.58,sleep=280.91,peak=0.00 | SSD1306 OLED controller:active=0.00,idle=0.00,sleep=360.00,peak=0.00 | DHT22 / AM2302:active=360.00,idle=0.00,sleep=0.00,peak=0.00",1,0.16430403774693914,NORMAL
147,2,Arduino Uno / ATmega328P + BMP280,4.15,720,458.2829622842669,212.9897893526241,0.0,0.0,0.0001,0.0,,0.0,"Arduino Uno / ATmega328P:active=720.00,idle=0.00,sleep=0.00,peak=0.00 | BMP280:active=196.57,idle=97.45,sleep=425.98,peak=0.00",1,0.1580760491442677,NORMAL
148,1,INA219,3.3,60,60.0,0.0,0.0,0.0,0.0,0.0,,0.0,"INA219:active=60.00,idle=0.00,sleep=0.00,peak=0.00",1,0.20809052361625596,NORMAL
149,1,nRF24L01+,3.3,1440,537.549025120159,865.2770915558252,0.0,11.3,0.0009,0.0,334.18270898136416,332.352386905377,"nRF24L01+:active=537.55,idle=37.17,sleep=865.28,peak=0.00",1,0.10269044820614637,NORMAL
150,4,DS18B20 + DHT22 / AM2302 + Arduino Uno / ATmega328P + ESP32-S3,4.15,1440,1090.4627013079603,287.24021081408694,0.0,0.0,0.0030320375470792,0.0,,0.0,"DS18B20:active=461.37,idle=249.19,sleep=729.45,peak=0.00 | DHT22 / AM2302:active=1440.00,idle=0.00,sleep=0.00,peak=0.00 | Arduino Uno / ATmega328P:active=1440.00,idle=0.00,sleep=0.00,peak=0.00 | ESP32-S3:active=1020.48,idle=0.00,sleep=419.52,peak=0.00",1,0.07761314428289989,NORMAL
151,1,DHT22 / AM2302,3.3,720,720.0,0.0,0.0,2.5,0.0,0.0,99.0,98.00928506675416,"DHT22 / AM2302:active=720.00,idle=0.00,sleep=0.00,peak=0.00",1,0.16087865826549363,NORMAL
152,4,BMP280 + ESP32 + BME280 + HC-SR04,3.3,360,212.41430794510853,117.93279834970193,0.0,0.0,0.0032194580552303,0.0,,0.0,"BMP280:active=40.85,idle=30.44,sleep=288.70,peak=0.00 | ESP32:active=176.97,idle=0.00,sleep=183.03,peak=0.00 | BME280:active=360.00,idle=0.00,sleep=0.00,peak=0.00 | HC-SR04:active=271.83,idle=88.17,sleep=0.00,peak=0.00",1,0.19348657560264443,NORMAL
153,4,DHT22 / AM2302 + HC-05 + Arduino Uno / ATmega328P + BMP280,3.3,60,43.15092323652716,10.079138534579709,0.0,0.0,0.0001,0.0,,0.0,"DHT22 / AM2302:active=60.00,idle=0.00,sleep=0.00,peak=0.00 | HC-05:active=37.65,idle=22.35,sleep=0.00,peak=0.00 | Arduino Uno / ATmega328P:active=60.00,idle=0.00,sleep=0.00,peak=0.00 | BMP280:active=14.95,idle=4.73,sleep=40.32,peak=0.00",1,0.21114191203325527,NORMAL
154,4,Arduino Uno / ATmega328P + DS18B20 + HC-SR501 + INA219,5.0,60,52.91513239583707,6.112301867531736,0.0,0.0,0.00075,0.0,,0.0,"Arduino Uno / ATmega328P:active=60.00,idle=0.00,sleep=0.00,peak=0.00 | DS18B20:active=31.66,idle=3.89,sleep=24.45,peak=0.00 | HC-SR501:active=60.00,idle=0.00,sleep=0.00,peak=0.00 | INA219:active=60.00,idle=0.00,sleep=0.00,peak=0.00",1,0.12624398584691388,NORMAL
155,2,HC-SR501 + SSD1306 OLED controller,3.3,120,60.0,60.0,0.0,65.0,0.01,0.0,429.066,432.9707041518926,"HC-SR501:active=120.00,idle=0.00,sleep=0.00,peak=0.00 | SSD1306 OLED controller:active=0.00,idle=0.00,sleep=120.00,peak=0.00",1,0.15474583968653793,NORMAL
156,1,Raspberry Pi Pico,3.3,1440,0.0,1440.0,0.0,0.0,1.3,0.0,102.96,102.55457296922891,"Raspberry Pi Pico:active=0.00,idle=0.00,sleep=1440.00,peak=0.00",-1,-0.027545080786266718,ANOMALY
157,3,ESP32-S3 + MPU6050 + INA219,3.3,60,36.30252947588704,19.637032877749828,0.0,0.0,0.0087255704504644,0.0,,0.0,"ESP32-S3:active=34.97,idle=0.00,sleep=25.03,peak=0.00 | MPU6050:active=13.93,idle=12.18,sleep=33.89,peak=0.00 | INA219:active=60.00,idle=0.00,sleep=0.00,peak=0.00",1,0.22005123624727907,NORMAL
158,1,DS18B20,5.0,30,10.12275611642232,7.891357740054717,3.9536898694799696,1.0,0.00075,1.5,1.3387694655127371,1.3278361861097656,"DS18B20:active=10.12,idle=8.03,sleep=7.89,peak=3.95",-1,-0.030300164583138556,ANOMALY
159,2,ESP32-S3 + HC-05,3.3,360,222.38608122726544,92.54496535550956,0.0,54.26399893278704,0.007,0.0,1367.1633268126143,1388.89937128235,"ESP32-S3:active=174.91,idle=0.00,sleep=185.09,peak=0.00 | HC-05:active=269.86,idle=90.14,sleep=0.00,peak=0.00",1,0.16882792149140596,NORMAL
160,1,nRF24L01+,3.3,360,40.17137498204639,305.8439154905307,0.0,11.3,0.0009,0.0,25.00164695978282,25.791291728373896,"nRF24L01+:active=40.17,idle=13.98,sleep=305.84,peak=0.00",1,0.16519642191583406,NORMAL
161,3,ESP32-S3 + BME280 + DS18B20,3.3,60,44.92827741202537,10.071352744380956,0.0,0.0,0.002469783447102,0.0,,0.0,"ESP32-S3:active=51.69,idle=0.00,sleep=8.31,peak=0.00 | BME280:active=60.00,idle=0.00,sleep=0.00,peak=0.00 | DS18B20:active=23.10,idle=15.00,sleep=21.90,peak=0.00",1,0.2210960129865353,NORMAL
162,2,SSD1306 OLED controller + BME280,3.3,120,60.0,60.0,0.0,0.0,0.01,0.0,,0.0,"SSD1306 OLED controller:active=0.00,idle=0.00,sleep=120.00,peak=0.00 | BME280:active=120.00,idle=0.00,sleep=0.00,peak=0.00",1,0.21220237737986264,NORMAL
163,3,HC-SR04 + Raspberry Pi Pico + HC-05,4.15,60,29.67405698286426,20.0,0.0,24.33378175595434,1.3,0.0,161.42367958690645,162.56021358250365,"HC-SR04:active=33.63,idle=26.37,sleep=0.00,peak=0.00 | Raspberry Pi Pico:active=0.00,idle=0.00,sleep=60.00,peak=0.00 | HC-05:active=55.39,idle=4.61,sleep=0.00,peak=0.00",1,0.08075739076680566,NORMAL
164,1,DHT22 / AM2302,3.3,30,29.99740627917147,0.0,0.0025937208285276,2.5,0.0,2.5,4.125,4.063140399591528,"DHT22 / AM2302:active=30.00,idle=0.00,sleep=0.00,peak=0.00",1,0.1754411093410958,NORMAL
165,4,DS18B20 + ESP32-S3 + MPU6050 + ESP32,3.3,120,52.39625369040076,57.63868776105005,1.07600121702567,49.156875032915664,0.0057624107744086,1.5,567.0758096722586,566.0687233226068,"DS18B20:active=23.89,idle=8.81,sleep=82.99,peak=4.30 | ESP32-S3:active=99.65,idle=0.00,sleep=20.35,peak=0.00 | MPU6050:active=45.75,idle=26.74,sleep=47.50,peak=0.00 | ESP32:active=40.29,idle=0.00,sleep=79.71,peak=0.00",1,0.09120056056914366,NORMAL
166,1,HC-SR501,3.3,720,720.0,0.0,0.0,65.0,0.0,0.0,2574.0,2662.4835667570064,"HC-SR501:active=720.00,idle=0.00,sleep=0.00,peak=0.00",1,0.11107812936405026,NORMAL
167,2,BMP280 + MPU6050,3.3,360,265.7568289753707,75.85223126257225,0.0,1.8517339415797716,0.0055555205887036,0.0,54.18529039088722,55.30171913247098,"BMP280:active=279.35,idle=12.55,sleep=68.11,peak=0.00 | MPU6050:active=252.17,idle=24.23,sleep=83.60,peak=0.00",1,0.20197450616652496,NORMAL
168,1,ESP32,3.3,120,95.65098679884488,24.34901320115512,0.0,23.88,0.00814,0.0,125.63890711481302,124.22802483784264,"ESP32:active=95.65,idle=0.00,sleep=24.35,peak=0.00",1,0.18299552770276456,NORMAL
169,1,BMP280,3.3,1440,136.58509300495626,1197.6432974946715,0.0,0.00274,0.0001,0.0,0.0277521555043196,0.026965279673394,"BMP280:active=136.59,idle=105.77,sleep=1197.64,peak=0.00",1,0.06653406283072738,NORMAL
170,2,Arduino Uno / ATmega328P + HC-SR501,5.0,360,360.0,0.0,0.0,0.0,0.0,0.0,,0.0,"Arduino Uno / ATmega328P:active=360.00,idle=0.00,sleep=0.00,peak=0.00 | HC-SR501:active=360.00,idle=0.00,sleep=0.00,peak=0.00",1,0.13191669181625854,NORMAL
171,2,HC-05 + ESP32,3.3,720,527.6855569797498,43.17599654926876,0.0,26.32553350101852,0.00814,0.0,1659.3569115919158,1647.2906226777177,"HC-05:active=421.72,idle=298.28,sleep=0.00,peak=0.00 | ESP32:active=633.65,idle=0.00,sleep=86.35,peak=0.00",1,0.16839879616534859,NORMAL
172,3,SSD1306 OLED controller + MPU6050 + HC-SR501,3.3,60,23.890572160625734,33.368654780992905,0.0,55.04988422144151,0.0099999999999999,0.0,217.06090260352445,213.75300532989132,"SSD1306 OLED controller:active=0.00,idle=0.00,sleep=60.00,peak=0.00 | MPU6050:active=11.67,idle=8.22,sleep=40.11,peak=0.00 | HC-SR501:active=60.00,idle=0.00,sleep=0.00,peak=0.00",1,0.1681701574262141,NORMAL
173,1,MPU6050,3.3,720,308.5390320607521,353.8359742153969,0.0,3.9,0.01,0.0,66.39207903612386,67.52696628704801,"MPU6050:active=308.54,idle=57.62,sleep=353.84,peak=0.00",1,0.16680701528639164,NORMAL
174,2,HC-SR501 + HC-05,3.3,30,29.9919940123294,0.0,0.0,47.50467140611518,0.0,0.0,156.73062550983713,152.416184036349,"HC-SR501:active=30.00,idle=0.00,sleep=0.00,peak=0.00 | HC-05:active=29.98,idle=0.02,sleep=0.00,peak=0.00",1,0.17650819177719979,NORMAL
175,3,HC-05 + nRF24L01+ + DS18B20,3.3,1440,659.092869643693,643.6727768390559,0.0,18.60078287214082,0.0008396717509958,0.0,2171.8271972841208,2131.581801084213,"HC-05:active=1101.63,idle=338.37,sleep=0.00,peak=0.00 | nRF24L01+:active=277.12,idle=8.50,sleep=1154.39,peak=0.00 | DS18B20:active=598.53,idle=64.84,sleep=776.63,peak=0.00",1,0.12725154471492167,NORMAL
176,4,ESP32-S3 + SSD1306 OLED controller + ESP32 + Raspberry Pi Pico,3.3,120,42.85235899256398,77.14764100743602,0.0,61.815057550747774,0.5111330227655366,0.0,591.4378237367616,618.4267034068097,"ESP32-S3:active=95.88,idle=0.00,sleep=24.12,peak=0.00 | SSD1306 OLED controller:active=0.00,idle=0.00,sleep=120.00,peak=0.00 | ESP32:active=75.53,idle=0.00,sleep=44.47,peak=0.00 | Raspberry Pi Pico:active=0.00,idle=0.00,sleep=120.00,peak=0.00",1,0.10064195127518116,NORMAL
177,2,Arduino Uno / ATmega328P + INA219,4.15,120,120.0,0.0,0.0,0.0,0.0,0.0,,0.0,"Arduino Uno / ATmega328P:active=120.00,idle=0.00,sleep=0.00,peak=0.00 | INA219:active=120.00,idle=0.00,sleep=0.00,peak=0.00",1,0.18078344688833214,NORMAL
178,1,ESP32,3.3,1440,1171.010582538302,268.45240268025515,0.5370147814428861,23.88,0.00814,240.0,1545.2140803615318,1475.686128932336,"ESP32:active=1171.01,idle=0.00,sleep=268.45,peak=0.54",-1,-0.014987195123662866,ANOMALY
179,2,ESP32-S3 + Raspberry Pi Pico,3.3,1440,363.9273154815487,1076.0726845184513,0.0,91.7,0.872146019775244,0.0,3774.169007229461,3706.166256861768,"ESP32-S3:active=727.85,idle=0.00,sleep=712.15,peak=0.00 | Raspberry Pi Pico:active=0.00,idle=0.00,sleep=1440.00,peak=0.00",-1,-0.030762212412532297,ANOMALY
180,4,DHT22 / AM2302 + Raspberry Pi Pico + ESP32 + MPU6050,3.3,360,161.87446437339923,174.98103456241986,0.0,8.964972899085558,0.6730470330400429,0.0,345.1990024598168,345.79623499538747,"DHT22 / AM2302:active=360.00,idle=0.00,sleep=0.00,peak=0.00 | Raspberry Pi Pico:active=0.00,idle=0.00,sleep=360.00,peak=0.00 | ESP32:active=189.37,idle=0.00,sleep=170.63,peak=0.00 | MPU6050:active=98.13,idle=92.58,sleep=169.29,peak=0.00",1,0.1389802526567675,NORMAL
181,4,HC-SR501 + HC-SR04 + HC-05 + DHT22 / AM2302,3.3,60,52.72928935921448,0.0,0.0,28.086820250635,0.0,0.0,337.5935201633377,348.9608760628656,"HC-SR501:active=60.00,idle=0.00,sleep=0.00,peak=0.00 | HC-SR04:active=56.90,idle=3.10,sleep=0.00,peak=0.00 | HC-05:active=34.02,idle=25.98,sleep=0.00,peak=0.00 | DHT22 / AM2302:active=60.00,idle=0.00,sleep=0.00,peak=0.00",1,0.18622786545080544,NORMAL
182,1,HC-05,3.3,120,94.10885977875871,0.0,0.0,30.000000000000004,0.0,0.0,166.6717203322981,166.89834929076852,"HC-05:active=94.11,idle=25.89,sleep=0.00,peak=0.00",1,0.18817027478837606,NORMAL
183,2,SSD1306 OLED controller + BME280,3.3,720,360.0,360.0,0.0,0.0,0.01,0.0,,0.0,"SSD1306 OLED controller:active=0.00,idle=0.00,sleep=720.00,peak=0.00 | BME280:active=720.00,idle=0.00,sleep=0.00,peak=0.00",1,0.18520986434514863,NORMAL
184,2,HC-SR501 + INA219,3.3,120,120.0,0.0,0.0,0.0,0.0,0.0,,0.0,"HC-SR501:active=120.00,idle=0.00,sleep=0.00,peak=0.00 | INA219:active=120.00,idle=0.00,sleep=0.00,peak=0.00",1,0.21399336619511816,NORMAL
185,2,MPU6050 + HC-SR04,4.15,1440,1082.7881442283096,276.44010528225465,0.0,10.668095642658368,0.01,0.0,1614.8648663980669,1647.14072905863,"MPU6050:active=845.14,idle=41.98,sleep=552.88,peak=0.00 | HC-SR04:active=1320.43,idle=119.57,sleep=0.00,peak=0.00",1,0.08428994236494625,NORMAL
186,2,INA219 + MPU6050,3.3,60,38.92270106471611,15.660129237934289,0.0,0.0,0.01,0.0,,0.0,"INA219:active=60.00,idle=0.00,sleep=0.00,peak=0.00 | MPU6050:active=17.85,idle=10.83,sleep=31.32,peak=0.00",1,0.2140733754894384,NORMAL
187,3,BME280 + INA219 + HC-05,3.3,30,29.737120048384725,0.0,0.0,0.0,0.0,0.0,,0.0,"BME280:active=30.00,idle=0.00,sleep=0.00,peak=0.00 | INA219:active=30.00,idle=0.00,sleep=0.00,peak=0.00 | HC-05:active=29.21,idle=0.79,sleep=0.00,peak=0.00",1,0.21514186701561644,NORMAL
188,3,nRF24L01+ + MPU6050 + ESP32-S3,3.3,360,163.26382095482265,144.2639807353888,0.0642366655390595,39.47593990433791,0.00420410447224,13.5,1063.7557663736409,1080.6873255455023,"nRF24L01+:active=100.77,idle=39.45,sleep=219.60,peak=0.19 | MPU6050:active=199.06,idle=117.78,sleep=43.16,peak=0.00 | ESP32-S3:active=189.97,idle=0.00,sleep=170.03,peak=0.00",1,0.11438504378484182,NORMAL
189,2,ESP32 + HC-SR501,3.3,1440,1166.547282718651,273.4527172813486,0.0,49.25951134822581,0.00814,0.0,6321.235251808407,6425.434445632021,"ESP32:active=893.09,idle=0.00,sleep=546.91,peak=0.00 | HC-SR501:active=1440.00,idle=0.00,sleep=0.00,peak=0.00",1,0.08299480227377731,NORMAL
190,2,ESP32 + DHT22 / AM2302,3.3,30,22.91335711297933,7.086642887020668,0.0,9.883796893719312,0.00814,0.0,24.918151844415146,25.339509373995927,"ESP32:active=15.83,idle=0.00,sleep=14.17,peak=0.00 | DHT22 / AM2302:active=30.00,idle=0.00,sleep=0.00,peak=0.00",1,0.2036116032446822,NORMAL
191,1,BME280,3.3,720,720.0,0.0,0.0,0.0,0.0,0.0,,0.0,"BME280:active=720.00,idle=0.00,sleep=0.00,peak=0.00",1,0.16551468003168956,NORMAL
192,4,BME280 + nRF24L01+ + HC-SR04 + INA219,3.3,30,21.716943115706727,3.459919976412216,0.0,0.0,0.0009,0.0,,0.0,"BME280:active=30.00,idle=0.00,sleep=0.00,peak=0.00 | nRF24L01+:active=11.60,idle=4.56,sleep=13.84,peak=0.00 | HC-SR04:active=15.27,idle=14.73,sleep=0.00,peak=0.00 | INA219:active=30.00,idle=0.00,sleep=0.00,peak=0.00",1,0.2001495279257977,NORMAL
193,4,ESP32-S3 + INA219 + MPU6050 + SSD1306 OLED controller,3.3,1440,743.4042088769111,590.8123133055053,0.0,0.0,0.0094272941315129,0.0,,0.0,"ESP32-S3:active=988.85,idle=0.00,sleep=451.15,peak=0.00 | INA219:active=1440.00,idle=0.00,sleep=0.00,peak=0.00 | MPU6050:active=544.77,idle=423.13,sleep=472.10,peak=0.00 | SSD1306 OLED controller:active=0.00,idle=0.00,sleep=1440.00,peak=0.00",1,0.11813518481212465,NORMAL
194,4,HC-05 + SSD1306 OLED controller + BMP280 + INA219,3.3,720,407.523112914145,268.2200884365607,0.5771589964806367,0.0,0.006743797675212,0.03685,,0.0,"HC-05:active=584.38,idle=135.62,sleep=0.00,peak=0.00 | SSD1306 OLED controller:active=0.00,idle=0.00,sleep=720.00,peak=0.00 | BMP280:active=325.72,idle=39.09,sleep=352.88,peak=2.31 | INA219:active=720.00,idle=0.00,sleep=0.00,peak=0.00",1,0.13038278578524148,NORMAL
195,3,BMP280 + MPU6050 + Raspberry Pi Pico,3.3,360,85.95777939518324,224.07343942585396,0.0,3.0817839637658158,0.6970979821555875,0.0,69.50959555561947,69.21236618840311,"BMP280:active=54.14,idle=51.44,sleep=254.42,peak=0.00 | MPU6050:active=203.73,idle=98.47,sleep=57.80,peak=0.00 | Raspberry Pi Pico:active=0.00,idle=0.00,sleep=360.00,peak=0.00",1,0.14299093820999187,NORMAL
196,4,BMP280 + ESP32-S3 + DHT22 / AM2302 + MPU6050,3.3,360,208.0659541415308,115.1271318405247,0.0,28.58062160840663,0.0028959952648713,0.0,1308.3774297064892,1274.572037674642,"BMP280:active=63.83,idle=1.32,sleep=294.85,peak=0.00 | ESP32-S3:active=242.52,idle=0.00,sleep=117.48,peak=0.00 | DHT22 / AM2302:active=360.00,idle=0.00,sleep=0.00,peak=0.00 | MPU6050:active=165.91,idle=145.91,sleep=48.18,peak=0.00",1,0.16853515133284686,NORMAL
197,4,Arduino Uno / ATmega328P + ESP32-S3 + ESP32 + BME280,3.3,720,547.3173372655524,172.68266273444758,0.0,0.0,0.0075154424273553,0.0,,0.0,"Arduino Uno / ATmega328P:active=720.00,idle=0.00,sleep=0.00,peak=0.00 | ESP32-S3:active=341.58,idle=0.00,sleep=378.42,peak=0.00 | ESP32:active=407.69,idle=0.00,sleep=312.31,peak=0.00 | BME280:active=720.00,idle=0.00,sleep=0.00,peak=0.00",1,0.17355580921514385,NORMAL
198,3,DHT22 / AM2302 + INA219 + Raspberry Pi Pico,3.3,60,40.0,20.0,0.0,0.0,1.3,0.0,,0.0,"DHT22 / AM2302:active=60.00,idle=0.00,sleep=0.00,peak=0.00 | INA219:active=60.00,idle=0.00,sleep=0.00,peak=0.00 | Raspberry Pi Pico:active=0.00,idle=0.00,sleep=60.00,peak=0.00",1,0.14088384523987835,NORMAL
199,3,nRF24L01+ + HC-05 + ESP32-S3,3.3,30,12.747320724716197,13.15158459768285,0.0,51.18806246459707,0.0032544633154212,0.0,112.92404795388136,113.58178856351638,"nRF24L01+:active=5.41,idle=0.37,sleep=24.23,peak=0.00 | HC-05:active=18.06,idle=11.94,sleep=0.00,peak=0.00 | ESP32-S3:active=14.77,idle=0.00,sleep=15.23,peak=0.00",1,0.17610795267847668,NORMAL
200,4,BMP280 + Raspberry Pi Pico + SSD1306 OLED controller + HC-05,3.3,120,33.47327737156226,71.13597816538491,0.0,16.404134366434565,0.5524787120582625,0.0,150.03692084044738,147.2887741491084,"BMP280:active=60.69,idle=14.77,sleep=44.54,peak=0.00 | Raspberry Pi Pico:active=0.00,idle=0.00,sleep=120.00,peak=0.00 | SSD1306 OLED controller:active=0.00,idle=0.00,sleep=120.00,peak=0.00 | HC-05:active=73.21,idle=46.79,sleep=0.00,peak=0.00",1,0.15369514298449405,NORMAL
201,1,INA219,3.3,1440,1440.0,0.0,0.0,0.0,0.0,0.0,,0.0,"INA219:active=1440.00,idle=0.00,sleep=0.00,peak=0.00",1,0.09909329927197102,NORMAL
202,3,Raspberry Pi Pico + SSD1306 OLED controller + DHT22 / AM2302,3.3,1440,480.0,960.0,0.0,2.5,0.655,0.0,301.752,293.2436833535228,"Raspberry Pi Pico:active=0.00,idle=0.00,sleep=1440.00,peak=0.00 | SSD1306 OLED controller:active=0.00,idle=0.00,sleep=1440.00,peak=0.00 | DHT22 / AM2302:active=1440.00,idle=0.00,sleep=0.00,peak=0.00",1,0.0574465308580987,NORMAL
203,1,Arduino Uno / ATmega328P,5.0,360,360.0,0.0,0.0,0.0,0.0,0.0,,0.0,"Arduino Uno / ATmega328P:active=360.00,idle=0.00,sleep=0.00,peak=0.00",1,0.12190927290759218,NORMAL
204,1,INA219,3.3,30,30.0,0.0,0.0,0.0,0.0,0.0,,0.0,"INA219:active=30.00,idle=0.00,sleep=0.00,peak=0.00",1,0.20199916271044493,NORMAL
205,1,HC-SR501,3.3,120,120.0,0.0,0.0,65.0,0.0,0.0,429.0,434.5919990532381,"HC-SR501:active=120.00,idle=0.00,sleep=0.00,peak=0.00",1,0.1444546867659608,NORMAL
206,4,HC-SR04 + HC-SR501 + Arduino Uno / ATmega328P + nRF24L01+,5.0,360,286.02563616176974,32.483302363569976,0.0,0.0,0.0009,0.0,,0.0,"HC-SR04:active=204.46,idle=155.54,sleep=0.00,peak=0.00 | HC-SR501:active=360.00,idle=0.00,sleep=0.00,peak=0.00 | Arduino Uno / ATmega328P:active=360.00,idle=0.00,sleep=0.00,peak=0.00 | nRF24L01+:active=219.65,idle=10.42,sleep=129.93,peak=0.00",1,0.10593702988266002,NORMAL
207,2,BMP280 + DS18B20,4.15,1440,519.527116143281,788.5810316845298,0.0,0.3788525245845366,0.0004500849507542,0.0,27.287197229027544,27.73712330607248,"BMP280:active=647.18,idle=65.11,sleep=727.71,peak=0.00 | DS18B20:active=391.88,idle=198.68,sleep=849.45,peak=0.00",1,0.07792571051319874,NORMAL
208,2,nRF24L01+ + Arduino Uno / ATmega328P,4.15,720,424.4192877018275,288.9008168035842,0.0,0.0,0.0009,0.0,,0.0,"nRF24L01+:active=128.84,idle=13.36,sleep=577.80,peak=0.00 | Arduino Uno / ATmega328P:active=720.00,idle=0.00,sleep=0.00,peak=0.00",1,0.1547719334929597,NORMAL
209,3,BME280 + HC-SR04 + BMP280,3.3,1440,926.3668836665844,220.06076906633916,0.0,0.0,0.0001,0.0,,0.0,"BME280:active=1440.00,idle=0.00,sleep=0.00,peak=0.00 | HC-SR04:active=723.73,idle=716.27,sleep=0.00,peak=0.00 | BMP280:active=615.37,idle=164.45,sleep=660.18,peak=0.00",1,0.14267312477703026,NORMAL
210,2,HC-SR501 + HC-05,3.3,60,50.43586529656425,0.0,0.0,50.818518604290254,0.0,0.0,290.3547940176855,292.0390864092412,"HC-SR501:active=60.00,idle=0.00,sleep=0.00,peak=0.00 | HC-05:active=40.87,idle=19.13,sleep=0.00,peak=0.00",1,0.1778540519801779,NORMAL
211,3,SSD1306 OLED controller + HC-SR04 + ESP32,3.3,60,18.051508825452757,33.72635571360917,0.0,18.08616646961937,0.0092429949489914,0.0,56.6343685218839,58.296226194704985,"SSD1306 OLED controller:active=0.00,idle=0.00,sleep=60.00,peak=0.00 | HC-SR04:active=35.33,idle=24.67,sleep=0.00,peak=0.00 | ESP32:active=18.82,idle=0.00,sleep=41.18,peak=0.00",1,0.20574865844627244,NORMAL
212,2,DS18B20 + BMP280,4.15,1440,413.0962520736096,850.4607225649652,0.0,0.7457779801836479,0.0002985199802269,0.0,42.66873899982751,43.06104046805153,"DS18B20:active=615.58,idle=304.93,sleep=519.49,peak=0.00 | BMP280:active=210.61,idle=47.95,sleep=1181.43,peak=0.00",1,0.0714241635910714,NORMAL
213,3,HC-SR04 + MPU6050 + HC-05,3.3,120,84.46757560552032,26.356115283430324,0.0,19.722632490317284,0.01,0.0,281.586389315738,281.51083525573824,"HC-SR04:active=107.07,idle=12.93,sleep=0.00,peak=0.00 | MPU6050:active=38.25,idle=2.68,sleep=79.07,peak=0.00 | HC-05:active=108.08,idle=11.92,sleep=0.00,peak=0.00",1,0.2036308169513673,NORMAL
214,2,nRF24L01+ + ESP32-S3,3.3,1440,848.2911527949219,310.53127006180466,0.0,62.59994596201224,0.0044111280075909,0.0,5842.282680872387,5894.860694280719,"nRF24L01+:active=614.06,idle=562.36,sleep=263.58,peak=0.00 | ESP32-S3:active=1082.52,idle=0.00,sleep=357.48,peak=0.00",1,0.09490736571446245,NORMAL
215,2,HC-SR04 + Raspberry Pi Pico,5.0,720,232.53164030832568,360.0,0.0,15.0,1.3,0.0,701.8185540013723,714.1433100449293,"HC-SR04:active=465.06,idle=254.94,sleep=0.00,peak=0.00 | Raspberry Pi Pico:active=0.00,idle=0.00,sleep=720.00,peak=0.00",1,0.01687365595632362,NORMAL
216,4,Raspberry Pi Pico + nRF24L01+ + DS18B20 + BMP280,3.3,60,13.303475940956943,41.2741502808292,0.0,4.786650727790562,0.4728593430844605,0.0,18.304591373140923,18.075929169987923,"Raspberry Pi Pico:active=0.00,idle=0.00,sleep=60.00,peak=0.00 | nRF24L01+:active=21.49,idle=0.78,sleep=37.73,peak=0.00 | DS18B20:active=11.77,idle=7.03,sleep=41.20,peak=0.00 | BMP280:active=19.95,idle=13.88,sleep=26.17,peak=0.00",1,0.1660286080111617,NORMAL
217,2,Raspberry Pi Pico + MPU6050,3.3,60,13.467749338634809,38.42086011932203,0.0,3.9,1.0172653209691571,0.0,10.081388677203712,10.484143013497208,"Raspberry Pi Pico:active=0.00,idle=0.00,sleep=60.00,peak=0.00 | MPU6050:active=26.94,idle=16.22,sleep=16.84,peak=0.00",1,0.13499083868343303,NORMAL
218,2,DHT22 / AM2302 + Raspberry Pi Pico,3.3,30,15.0,15.0,0.0,2.5,1.3,0.0,6.27,6.019517676711611,"DHT22 / AM2302:active=30.00,idle=0.00,sleep=0.00,peak=0.00 | Raspberry Pi Pico:active=0.00,idle=0.00,sleep=30.00,peak=0.00",1,0.11261728054256909,NORMAL
219,4,HC-05 + Raspberry Pi Pico + HC-SR04 + ESP32,3.3,360,133.03794909734995,160.33105664250584,0.0,22.0605337550542,0.7333107961935554,0.0,752.3690162494967,745.9819644216326,"HC-05:active=203.91,idle=156.09,sleep=0.00,peak=0.00 | Raspberry Pi Pico:active=0.00,idle=0.00,sleep=360.00,peak=0.00 | HC-SR04:active=249.57,idle=110.43,sleep=0.00,peak=0.00 | ESP32:active=78.68,idle=0.00,sleep=281.32,peak=0.00",1,0.12815874733394217,NORMAL
220,3,nRF24L01+ + BMP280 + DHT22 / AM2302,3.3,30,16.665653935097197,9.848579276292837,0.3752961101759091,4.3019504760926,0.00048237872647,2.5,11.98989667331887,12.169558782967266,"nRF24L01+:active=12.64,idle=3.23,sleep=14.12,peak=0.00 | BMP280:active=8.48,idle=6.10,sleep=15.42,peak=0.00 | DHT22 / AM2302:active=28.87,idle=0.00,sleep=0.00,peak=1.13",1,0.17189652081506673,NORMAL
221,1,SSD1306 OLED controller,3.3,720,0.0,720.0,0.0,0.0,0.01,0.0,0.396,0.3939336734018333,"SSD1306 OLED controller:active=0.00,idle=0.00,sleep=720.00,peak=0.00",1,0.1297644497890389,NORMAL
222,4,BMP280 + DHT22 / AM2302 + ESP32-S3 + INA219,3.3,360,289.48198332300365,54.438283102293454,0.0,0.0,0.0029106628606476,0.0,,0.0,"BMP280:active=166.63,idle=64.32,sleep=129.05,peak=0.00 | DHT22 / AM2302:active=360.00,idle=0.00,sleep=0.00,peak=0.00 | ESP32-S3:active=271.30,idle=0.00,sleep=88.70,peak=0.00 | INA219:active=360.00,idle=0.00,sleep=0.00,peak=0.00",1,0.1950936253217615,NORMAL
223,3,BMP280 + HC-05 + SSD1306 OLED controller,3.3,30,13.240802468384528,12.315966849343155,0.0,19.65936357541836,0.0081383457678176,0.0,44.714135687916354,44.839267581407455,"BMP280:active=13.69,idle=9.36,sleep=6.95,peak=0.00 | HC-05:active=26.03,idle=3.97,sleep=0.00,peak=0.00 | SSD1306 OLED controller:active=0.00,idle=0.00,sleep=30.00,peak=0.00",1,0.20312737415442123,NORMAL
224,3,DS18B20 + Arduino Uno / ATmega328P + BME280,5.0,60,43.064908666673375,16.467783292088026,0.0,0.0,0.00075,0.0,,0.0,"DS18B20:active=9.19,idle=1.40,sleep=49.40,peak=0.00 | Arduino Uno / ATmega328P:active=60.00,idle=0.00,sleep=0.00,peak=0.00 | BME280:active=60.00,idle=0.00,sleep=0.00,peak=0.00",1,0.14725121271038832,NORMAL
225,4,MPU6050 + Arduino Uno / ATmega328P + DS18B20 + nRF24L01+,4.15,360,152.88359252940873,184.894284755822,0.7139592025696763,0.0,0.0040561361381099,1.5,,0.0,"MPU6050:active=88.02,idle=10.50,sleep=261.48,peak=0.00 | Arduino Uno / ATmega328P:active=360.00,idle=0.00,sleep=0.00,peak=0.00 | DS18B20:active=54.09,idle=1.07,sleep=301.99,peak=2.86 | nRF24L01+:active=109.42,idle=74.47,sleep=176.11,peak=0.00",1,0.08744183137588668,NORMAL
226,2,MPU6050 + ESP32-S3,3.3,720,415.8503812323918,283.02983873676607,0.0,48.93202185818864,0.0084449006529997,0.0,2238.5985272166554,2176.524775491824,"MPU6050:active=405.13,idle=42.24,sleep=272.63,peak=0.00 | ESP32-S3:active=426.57,idle=0.00,sleep=293.43,peak=0.00",1,0.15215107240624753,NORMAL
227,3,nRF24L01+ + HC-SR04 + DS18B20,5.0,30,15.16439914046738,10.684456561004474,0.0,11.281831207228286,0.0008065095379636,0.0,43.4053515080066,44.5031074064103,"nRF24L01+:active=9.65,idle=8.28,sleep=12.08,peak=0.00 | HC-SR04:active=26.31,idle=3.69,sleep=0.00,peak=0.00 | DS18B20:active=9.53,idle=0.49,sleep=19.98,peak=0.00",1,0.12807784004167388,NORMAL
228,4,INA219 + ESP32-S3 + BME280 + Raspberry Pi Pico,3.3,60,33.28944497185707,26.710555028142927,0.0,0.0,0.7331174460644839,0.0,,0.0,"INA219:active=60.00,idle=0.00,sleep=0.00,peak=0.00 | ESP32-S3:active=13.16,idle=0.00,sleep=46.84,peak=0.00 | BME280:active=60.00,idle=0.00,sleep=0.00,peak=0.00 | Raspberry Pi Pico:active=0.00,idle=0.00,sleep=60.00,peak=0.00",1,0.1631795797337468,NORMAL
229,3,ESP32-S3 + BME280 + Arduino Uno / ATmega328P,3.3,30,27.314828940905944,2.685171059094053,0.0,0.0,0.007,0.0,,0.0,"ESP32-S3:active=21.94,idle=0.00,sleep=8.06,peak=0.00 | BME280:active=30.00,idle=0.00,sleep=0.00,peak=0.00 | Arduino Uno / ATmega328P:active=30.00,idle=0.00,sleep=0.00,peak=0.00",1,0.21303970845706915,NORMAL
230,4,Arduino Uno / ATmega328P + MPU6050 + ESP32 + HC-SR04,4.15,360,190.56514225060104,128.28841161011246,0.0,0.0,0.0090366808126198,0.0,,0.0,"Arduino Uno / ATmega328P:active=360.00,idle=0.00,sleep=0.00,peak=0.00 | MPU6050:active=100.74,idle=11.88,sleep=247.38,peak=0.00 | ESP32:active=94.23,idle=0.00,sleep=265.77,peak=0.00 | HC-SR04:active=207.29,idle=152.71,sleep=0.00,peak=0.00",1,0.1484534130486681,NORMAL
231,3,INA219 + ESP32 + SSD1306 OLED controller,3.3,30,18.0378005611666,11.962199438833402,0.0,0.0,0.0096948980014175,0.0,,0.0,"INA219:active=30.00,idle=0.00,sleep=0.00,peak=0.00 | ESP32:active=24.11,idle=0.00,sleep=5.89,peak=0.00 | SSD1306 OLED controller:active=0.00,idle=0.00,sleep=30.00,peak=0.00",1,0.2129278861265677,NORMAL
232,3,BME280 + ESP32-S3 + HC-05,3.3,1440,926.9610394599036,316.1175340140315,0.0,0.0,0.007,0.0,,0.0,"BME280:active=1440.00,idle=0.00,sleep=0.00,peak=0.00 | ESP32-S3:active=491.65,idle=0.00,sleep=948.35,peak=0.00 | HC-05:active=849.24,idle=590.76,sleep=0.00,peak=0.00",1,0.14212917669588987,NORMAL
233,2,BME280 + ESP32-S3,3.3,60,43.8905021404229,16.109497859577097,0.0,0.0,0.007,0.0,,0.0,"BME280:active=60.00,idle=0.00,sleep=0.00,peak=0.00 | ESP32-S3:active=27.78,idle=0.00,sleep=32.22,peak=0.00",1,0.21698605699985335,NORMAL
234,3,HC-05 + nRF24L01+ + BME280,3.3,60,41.83127603517256,9.846357489189725,0.0,0.0,0.0009,0.0,,0.0,"HC-05:active=37.90,idle=22.10,sleep=0.00,peak=0.00 | nRF24L01+:active=27.59,idle=2.87,sleep=29.54,peak=0.00 | BME280:active=60.00,idle=0.00,sleep=0.00,peak=0.00",1,0.22352635668464793,NORMAL
235,2,INA219 + ESP32,3.3,720,588.9463179554057,131.05368204459432,0.0,0.0,0.00814,0.0,,0.0,"INA219:active=720.00,idle=0.00,sleep=0.00,peak=0.00 | ESP32:active=457.89,idle=0.00,sleep=262.11,peak=0.00",1,0.1776057850235257,NORMAL
236,4,ESP32 + BMP280 + BME280 + HC-SR04,3.3,120,76.73365847147913,21.00377564940235,0.0,0.0,0.0036948242513433,0.0,,0.0,"ESP32:active=82.44,idle=0.00,sleep=37.56,peak=0.00 | BMP280:active=37.51,idle=36.04,sleep=46.45,peak=0.00 | BME280:active=120.00,idle=0.00,sleep=0.00,peak=0.00 | HC-SR04:active=66.99,idle=53.01,sleep=0.00,peak=0.00",1,0.20548084122166788,NORMAL
237,1,nRF24L01+,3.3,60,14.260423381669632,35.63163457769814,0.0,11.3,0.0009,0.0,8.879071254737378,8.829241827505651,"nRF24L01+:active=14.26,idle=10.11,sleep=35.63,peak=0.00",1,0.1929096067647273,NORMAL
238,2,BMP280 + Arduino Uno / ATmega328P,4.15,720,544.9365311120835,169.8133711143086,0.0,0.0,0.0001,0.0,,0.0,"BMP280:active=369.87,idle=10.50,sleep=339.63,peak=0.00 | Arduino Uno / ATmega328P:active=720.00,idle=0.00,sleep=0.00,peak=0.00",1,0.15478589812256305,NORMAL
239,4,HC-05 + ESP32 + SSD1306 OLED controller + DS18B20,3.3,1440,510.1865627935688,724.2840780979334,0.0,17.82932065286197,0.0081023424907818,0.0,2239.991036082057,2219.1247057985674,"HC-05:active=900.21,idle=539.79,sleep=0.00,peak=0.00 | ESP32:active=360.06,idle=0.00,sleep=1079.94,peak=0.00 | SSD1306 OLED controller:active=0.00,idle=0.00,sleep=1440.00,peak=0.00 | DS18B20:active=780.47,idle=282.33,sleep=377.20,peak=0.00",1,0.10068737633793584,NORMAL
240,1,nRF24L01+,3.3,60,27.48311709557861,7.223196007391326,0.0,11.3,0.0009,0.0,17.117284795367222,16.9483709701323,"nRF24L01+:active=27.48,idle=25.29,sleep=7.22,peak=0.00",1,0.19994827736789977,NORMAL
241,1,DS18B20,5.0,120,50.50490274631943,54.85204389813693,0.0,1.0,0.00075,0.0,4.213085339104974,4.234977192554805,"DS18B20:active=50.50,idle=14.64,sleep=54.85,peak=0.00",1,0.12839283345258823,NORMAL
242,3,DHT22 / AM2302 + Raspberry Pi Pico + ESP32,3.3,720,293.1182022510285,425.2612206690821,1.62057707988933,6.374434120452189,0.7372128261377571,240.0,424.2000172186009,419.2480728704541,"DHT22 / AM2302:active=720.00,idle=0.00,sleep=0.00,peak=0.00 | Raspberry Pi Pico:active=0.00,idle=0.00,sleep=720.00,peak=0.00 | ESP32:active=159.35,idle=0.00,sleep=555.78,peak=4.86",-1,-0.019843883087991343,ANOMALY
243,4,HC-05 + Raspberry Pi Pico + DHT22 / AM2302 + Arduino Uno / ATmega328P,3.3,60,44.2995383924244,15.0,0.165677601189267,0.0,1.3,2.5,,0.0,"HC-05:active=57.86,idle=2.14,sleep=0.00,peak=0.00 | Raspberry Pi Pico:active=0.00,idle=0.00,sleep=60.00,peak=0.00 | DHT22 / AM2302:active=59.34,idle=0.00,sleep=0.00,peak=0.66 | Arduino Uno / ATmega328P:active=60.00,idle=0.00,sleep=0.00,peak=0.00",1,0.09415156093566707,NORMAL
244,1,nRF24L01+,3.3,360,85.87900055990323,206.34624209861684,0.0,11.3,0.0009,0.0,53.48093088996205,53.44795185886405,"nRF24L01+:active=85.88,idle=67.77,sleep=206.35,peak=0.00",1,0.17428424011610727,NORMAL
245,2,HC-SR04 + BME280,4.15,120,109.61808531285796,0.0,0.0,0.0,0.0,0.0,,0.0,"HC-SR04:active=99.24,idle=20.76,sleep=0.00,peak=0.00 | BME280:active=120.00,idle=0.00,sleep=0.00,peak=0.00",1,0.18115166920995146,NORMAL
246,2,Raspberry Pi Pico + ESP32,3.3,720,257.4848947185288,462.5151052814712,0.0,23.88,1.0136630514406102,0.0,727.9331134719004,735.3082865251429,"Raspberry Pi Pico:active=0.00,idle=0.00,sleep=720.00,peak=0.00 | ESP32:active=514.97,idle=0.00,sleep=205.03,peak=0.00",1,0.08124062900447815,NORMAL
247,3,DHT22 / AM2302 + HC-05 + INA219,3.3,1440,1366.1602880690327,0.0,0.0,0.0,0.0,0.0,,0.0,"DHT22 / AM2302:active=1440.00,idle=0.00,sleep=0.00,peak=0.00 | HC-05:active=1218.48,idle=221.52,sleep=0.00,peak=0.00 | INA219:active=1440.00,idle=0.00,sleep=0.00,peak=0.00",1,0.10732232720216733,NORMAL
248,1,BMP280,3.3,720,349.6980371221896,231.31037270469352,0.0,0.00274,0.0001,0.0,0.0547361549901419,0.0559394653771083,"BMP280:active=349.70,idle=138.99,sleep=231.31,peak=0.00",1,0.1768788613612567,NORMAL
249,2,HC-SR04 + DHT22 / AM2302,4.15,120,99.55975773675084,0.0,1.7338511739667988,7.684525586620976,0.0,2.5,111.60967335777386,109.8739064858328,"HC-SR04:active=82.59,idle=37.41,sleep=0.00,peak=0.00 | DHT22 / AM2302:active=116.53,idle=0.00,sleep=0.00,peak=3.47",1,0.07668385330110938,NORMAL
250,3,BME280 + DS18B20 + HC-SR04,5.0,120,100.86600794673966,6.601344509295974,0.0,0.0,0.00075,0.0,,0.0,"BME280:active=120.00,idle=0.00,sleep=0.00,peak=0.00 | DS18B20:active=89.06,idle=11.14,sleep=19.80,peak=0.00 | HC-SR04:active=93.54,idle=26.46,sleep=0.00,peak=0.00",1,0.1414729751777053,NORMAL
251,4,BMP280 + HC-05 + Raspberry Pi Pico + nRF24L01+,3.3,1440,475.8391522450863,798.4533222028888,0.0,19.974799346082385,0.5864236963909805,0.0,2349.8986629113774,2354.384104290015,"BMP280:active=335.92,idle=290.78,sleep=813.30,peak=0.00 | HC-05:active=1085.89,idle=354.11,sleep=0.00,peak=0.00 | Raspberry Pi Pico:active=0.00,idle=0.00,sleep=1440.00,peak=0.00 | nRF24L01+:active=481.54,idle=17.94,sleep=940.52,peak=0.00",1,0.058690613294651306,NORMAL
252,2,DS18B20 + HC-SR04,5.0,1440,762.8134516241321,324.8930887349387,0.0,11.237227210433886,0.00075,0.0,1482.7848938557386,1491.727637960729,"DS18B20:active=410.04,idle=380.17,sleep=649.79,peak=0.00 | HC-SR04:active=1115.58,idle=324.42,sleep=0.00,peak=0.00",1,0.06730207807873323,NORMAL
253,2,Raspberry Pi Pico + Arduino Uno / ATmega328P,5.0,360,180.0,180.0,0.0,0.0,1.3,0.0,,0.0,"Raspberry Pi Pico:active=0.00,idle=0.00,sleep=360.00,peak=0.00 | Arduino Uno / ATmega328P:active=360.00,idle=0.00,sleep=0.00,peak=0.00",1,0.035673314960946834,NORMAL
254,1,HC-SR501,3.3,720,720.0,0.0,0.0,65.0,0.0,0.0,2574.0,2557.2330612934043,"HC-SR501:active=720.00,idle=0.00,sleep=0.00,peak=0.00",1,0.11107812936405026,NORMAL
255,1,HC-SR501,3.3,1440,1440.0,0.0,0.0,65.0,0.0,0.0,5148.0,5089.984982038234,"HC-SR501:active=1440.00,idle=0.00,sleep=0.00,peak=0.00",1,0.04764237969039886,NORMAL
256,1,BME280,3.3,60,60.0,0.0,0.0,0.0,0.0,0.0,,0.0,"BME280:active=60.00,idle=0.00,sleep=0.00,peak=0.00",1,0.20809052361625596,NORMAL
257,1,DHT22 / AM2302,3.3,120,120.0,0.0,0.0,2.5,0.0,0.0,16.5,16.53047683262397,"DHT22 / AM2302:active=120.00,idle=0.00,sleep=0.00,peak=0.00",1,0.202456427886891,NORMAL
258,3,ESP32-S3 + Arduino Uno / ATmega328P + BME280,3.3,360,271.5242827738896,88.47571722611043,0.0,0.0,0.007,0.0,,0.0,"ESP32-S3:active=94.57,idle=0.00,sleep=265.43,peak=0.00 | Arduino Uno / ATmega328P:active=360.00,idle=0.00,sleep=0.00,peak=0.00 | BME280:active=360.00,idle=0.00,sleep=0.00,peak=0.00",1,0.20522224303359665,NORMAL
259,4,MPU6050 + Raspberry Pi Pico + DHT22 / AM2302 + DS18B20,3.3,360,113.22585776124104,238.035778757956,0.0,2.3725261710795027,0.4949449535452236,0.0,85.02599615322802,86.12208057438562,"MPU6050:active=28.15,idle=27.60,sleep=304.25,peak=0.00 | Raspberry Pi Pico:active=0.00,idle=0.00,sleep=360.00,peak=0.00 | DHT22 / AM2302:active=360.00,idle=0.00,sleep=0.00,peak=0.00 | DS18B20:active=64.76,idle=7.35,sleep=287.89,peak=0.00",1,0.14679319059565515,NORMAL
260,3,Arduino Uno / ATmega328P + nRF24L01+ + HC-SR501,4.15,120,83.52703931690849,33.55140090162613,0.0,0.0,0.0009,0.0,,0.0,"Arduino Uno / ATmega328P:active=120.00,idle=0.00,sleep=0.00,peak=0.00 | nRF24L01+:active=10.58,idle=8.76,sleep=100.65,peak=0.00 | HC-SR501:active=120.00,idle=0.00,sleep=0.00,peak=0.00",1,0.17927398052091664,NORMAL
261,4,DS18B20 + ESP32 + Arduino Uno / ATmega328P + DHT22 / AM2302,4.15,60,45.11414989753042,11.31375022026759,0.235890262536149,0.0,0.0041597145581772,2.5,,0.0,"DS18B20:active=22.28,idle=13.34,sleep=24.37,peak=0.00 | ESP32:active=39.12,idle=0.00,sleep=20.88,peak=0.00 | Arduino Uno / ATmega328P:active=60.00,idle=0.00,sleep=0.00,peak=0.00 | DHT22 / AM2302:active=59.06,idle=0.00,sleep=0.00,peak=0.94",1,0.12277863204487172,NORMAL
262,3,BMP280 + ESP32 + SSD1306 OLED controller,3.3,720,276.57013076900813,409.86519703310415,0.0,8.458489448951177,0.0086836495264324,0.0,386.5831225073465,391.77968351958384,"BMP280:active=535.88,idle=100.69,sleep=83.42,peak=0.00 | ESP32:active=293.83,idle=0.00,sleep=426.17,peak=0.00 | SSD1306 OLED controller:active=0.00,idle=0.00,sleep=720.00,peak=0.00",1,0.17522633532818316,NORMAL
263,1,ESP32,3.3,1440,1124.8461711276411,310.90986830667845,4.243960565680443,23.88,0.00814,240.0,1533.5324349740663,1490.6867024542769,"ESP32:active=1124.85,idle=0.00,sleep=310.91,peak=4.24",-1,-0.0847709298806093,ANOMALY
264,3,HC-05 + Raspberry Pi Pico + BMP280,3.3,30,7.548879178614165,17.547712725163667,0.2976736261618629,23.790478010526936,0.7408803058776572,0.03685,37.07769736327009,37.25238513069991,"HC-05:active=17.96,idle=12.04,sleep=0.00,peak=0.00 | Raspberry Pi Pico:active=0.00,idle=0.00,sleep=30.00,peak=0.00 | BMP280:active=4.69,idle=1.78,sleep=22.64,peak=0.89",1,0.11325720686399648,NORMAL
265,4,BME280 + HC-05 + Raspberry Pi Pico + DS18B20,3.3,1440,832.4997798059514,493.1098992899849,0.0,0.0,0.9492809475098172,0.0,,0.0,"BME280:active=1440.00,idle=0.00,sleep=0.00,peak=0.00 | HC-05:active=1084.27,idle=355.73,sleep=0.00,peak=0.00 | Raspberry Pi Pico:active=0.00,idle=0.00,sleep=1440.00,peak=0.00 | DS18B20:active=805.72,idle=101.84,sleep=532.44,peak=0.00",1,0.05384485517458104,NORMAL
266,4,HC-05 + BMP280 + ESP32-S3 + DHT22 / AM2302,3.3,120,80.69205462711341,25.787537970752968,0.0,36.54652194566935,0.0015215914046563,0.0,665.7936334648931,650.6545171359824,"HC-05:active=81.36,idle=38.64,sleep=0.00,peak=0.00 | BMP280:active=22.66,idle=15.44,sleep=81.90,peak=0.00 | ESP32-S3:active=98.75,idle=0.00,sleep=21.25,peak=0.00 | DHT22 / AM2302:active=120.00,idle=0.00,sleep=0.00,peak=0.00",1,0.17780105502080434,NORMAL
267,3,Raspberry Pi Pico + Arduino Uno / ATmega328P + ESP32,4.15,360,153.80260115848566,206.19739884151437,0.0,0.0,0.7599593773101502,0.0,,0.0,"Raspberry Pi Pico:active=0.00,idle=0.00,sleep=360.00,peak=0.00 | Arduino Uno / ATmega328P:active=360.00,idle=0.00,sleep=0.00,peak=0.00 | ESP32:active=101.41,idle=0.00,sleep=258.59,peak=0.00",1,0.10884731329485137,NORMAL
268,2,BMP280 + Arduino Uno / ATmega328P,4.15,1440,852.7235903848074,584.1593715114244,2.312406181767364,0.0,0.0001,0.03685,,0.0,"BMP280:active=265.45,idle=1.61,sleep=1168.32,peak=4.62 | Arduino Uno / ATmega328P:active=1440.00,idle=0.00,sleep=0.00,peak=0.00",-1,-0.012979382523929495,ANOMALY
269,3,INA219 + Raspberry Pi Pico + SSD1306 OLED controller,3.3,60,20.0,40.0,0.0,0.0,0.6549999999999999,0.0,,0.0,"INA219:active=60.00,idle=0.00,sleep=0.00,peak=0.00 | Raspberry Pi Pico:active=0.00,idle=0.00,sleep=60.00,peak=0.00 | SSD1306 OLED controller:active=0.00,idle=0.00,sleep=60.00,peak=0.00",1,0.1719347014803681,NORMAL
270,3,SSD1306 OLED controller + HC-SR04 + HC-SR501,4.15,360,195.61379840603092,120.0,0.0,45.67268285208562,0.01,0.0,1872.5172212002683,1831.55639152968,"SSD1306 OLED controller:active=0.00,idle=0.00,sleep=360.00,peak=0.00 | HC-SR04:active=226.84,idle=133.16,sleep=0.00,peak=0.00 | HC-SR501:active=360.00,idle=0.00,sleep=0.00,peak=0.00",1,0.1231628731741719,NORMAL
271,3,SSD1306 OLED controller + DS18B20 + Raspberry Pi Pico,4.15,720,68.53313935595679,635.9624054207181,0.0,1.0,0.4945527740684581,0.0,79.48531094654878,76.7523498006816,"SSD1306 OLED controller:active=0.00,idle=0.00,sleep=720.00,peak=0.00 | DS18B20:active=205.60,idle=46.51,sleep=467.89,peak=0.00 | Raspberry Pi Pico:active=0.00,idle=0.00,sleep=720.00,peak=0.00",1,0.06794782323226845,NORMAL
272,3,DS18B20 + BMP280 + HC-SR501,4.15,720,408.82755000069005,246.2269316520052,0.0,38.28024201305895,0.0005717950706309,0.0,3247.410767532,3164.626577068008,"DS18B20:active=149.07,idle=34.76,sleep=536.16,peak=0.00 | BMP280:active=357.41,idle=160.07,sleep=202.52,peak=0.00 | HC-SR501:active=720.00,idle=0.00,sleep=0.00,peak=0.00",1,0.12417343126888186,NORMAL
273,1,Arduino Uno / ATmega328P,5.0,30,30.0,0.0,0.0,0.0,0.0,0.0,,0.0,"Arduino Uno / ATmega328P:active=30.00,idle=0.00,sleep=0.00,peak=0.00",1,0.1386194037527141,NORMAL
274,3,BMP280 + Raspberry Pi Pico + HC-SR04,4.15,720,360.6759603229587,276.8240059259864,0.0,8.559495001731856,1.1270831854229149,0.0,719.5357080827821,693.9720679628681,"BMP280:active=464.67,idle=144.86,sleep=110.47,peak=0.00 | Raspberry Pi Pico:active=0.00,idle=0.00,sleep=720.00,peak=0.00 | HC-SR04:active=617.36,idle=102.64,sleep=0.00,peak=0.00",1,0.06820997912920179,NORMAL
275,1,SSD1306 OLED controller,3.3,720,0.0,720.0,0.0,0.0,0.01,0.0,0.396,0.4031918577206624,"SSD1306 OLED controller:active=0.00,idle=0.00,sleep=720.00,peak=0.00",1,0.1297644497890389,NORMAL
276,3,Arduino Uno / ATmega328P + HC-05 + INA219,3.3,30,25.574535058865997,0.0,0.0,0.0,0.0,0.0,,0.0,"Arduino Uno / ATmega328P:active=30.00,idle=0.00,sleep=0.00,peak=0.00 | HC-05:active=16.72,idle=13.28,sleep=0.00,peak=0.00 | INA219:active=30.00,idle=0.00,sleep=0.00,peak=0.00",1,0.215177367096956,NORMAL
277,2,DHT22 / AM2302 + ESP32-S3,3.3,60,46.3108104325225,11.870011581149749,1.819177986327744,35.296547630489364,0.007,216.1676497690444,223.07364707487343,222.021478977418,"DHT22 / AM2302:active=58.57,idle=0.00,sleep=0.00,peak=1.43 | ESP32-S3:active=34.05,idle=0.00,sleep=23.74,peak=2.21",1,0.04303079434456292,NORMAL
278,3,BMP280 + INA219 + Arduino Uno / ATmega328P,3.3,360,286.6968707481001,70.62014988660417,0.0,0.0,0.0001,0.0,,0.0,"BMP280:active=140.09,idle=8.05,sleep=211.86,peak=0.00 | INA219:active=360.00,idle=0.00,sleep=0.00,peak=0.00 | Arduino Uno / ATmega328P:active=360.00,idle=0.00,sleep=0.00,peak=0.00",1,0.20537456960999234,NORMAL
279,2,MPU6050 + Arduino Uno / ATmega328P,4.15,60,37.11171590613334,21.231807493652997,0.0,0.0,0.01,0.0,,0.0,"MPU6050:active=14.22,idle=3.31,sleep=42.46,peak=0.00 | Arduino Uno / ATmega328P:active=60.00,idle=0.00,sleep=0.00,peak=0.00",1,0.17399171754060427,NORMAL
280,2,HC-SR501 + Raspberry Pi Pico,3.3,30,15.0,15.0,0.0,65.0,1.3,0.0,109.395,107.7164057757618,"HC-SR501:active=30.00,idle=0.00,sleep=0.00,peak=0.00 | Raspberry Pi Pico:active=0.00,idle=0.00,sleep=30.00,peak=0.00",1,0.05581111323012533,NORMAL
281,4,MPU6050 + DS18B20 + ESP32-S3 + BME280,3.3,60,24.799112864404435,31.16174803906879,0.0,0.0,0.005717861678821,0.0,,0.0,"MPU6050:active=16.65,idle=10.29,sleep=33.06,peak=0.00 | DS18B20:active=12.69,idle=5.87,sleep=41.44,peak=0.00 | ESP32-S3:active=9.85,idle=0.00,sleep=50.15,peak=0.00 | BME280:active=60.00,idle=0.00,sleep=0.00,peak=0.00",1,0.20704056774813617,NORMAL
282,1,MPU6050,3.3,120,54.45896856609191,61.22890088203963,0.0,3.9,0.01,0.0,11.7163104888136,11.387131009936327,"MPU6050:active=54.46,idle=4.31,sleep=61.23,peak=0.00",1,0.19062696032914556,NORMAL
283,1,BME280,3.3,60,60.0,0.0,0.0,0.0,0.0,0.0,,0.0,"BME280:active=60.00,idle=0.00,sleep=0.00,peak=0.00",1,0.20809052361625596,NORMAL
284,1,ESP32-S3,3.3,1440,777.8176170244344,662.1823829755656,0.0,91.7,0.007,0.0,3923.178091680181,4062.622187356362,"ESP32-S3:active=777.82,idle=0.00,sleep=662.18,peak=0.00",1,0.024199735231839714,NORMAL
285,2,ESP32 + BMP280,3.3,60,40.69144984788229,14.021501535713272,0.0,12.33660893988382,0.0052495856330044,0.0,55.22755037229049,55.75398265999985,"ESP32:active=42.04,idle=0.00,sleep=17.96,peak=0.00 | BMP280:active=39.34,idle=10.57,sleep=10.08,peak=0.00",1,0.21023658123410166,NORMAL
286,1,HC-05,3.3,360,185.19567267558097,0.0,0.0,30.0,0.0,0.0,382.48676393745296,383.4806929266299,"HC-05:active=185.20,idle=174.80,sleep=0.00,peak=0.00",1,0.17432606469816841,NORMAL
287,4,Raspberry Pi Pico + SSD1306 OLED controller + BMP280 + DS18B20,3.3,120,33.97202124953992,74.57748465298785,0.4897971373875659,0.431459504662723,0.527052581327965,1.4999999999999998,12.034987734430098,12.274858250662591,"Raspberry Pi Pico:active=0.00,idle=0.00,sleep=120.00,peak=0.00 | SSD1306 OLED controller:active=0.00,idle=0.00,sleep=120.00,peak=0.00 | BMP280:active=77.47,idle=13.75,sleep=28.78,peak=0.00 | DS18B20:active=58.42,idle=30.10,sleep=29.53,peak=1.96",1,0.12454194643413119,NORMAL
288,4,Arduino Uno / ATmega328P + BMP280 + HC-SR501 + MPU6050,3.3,120,79.10299485283568,35.68046959900034,0.0,0.0,0.006255235991406,0.0,,0.0,"Arduino Uno / ATmega328P:active=120.00,idle=0.00,sleep=0.00,peak=0.00 | BMP280:active=54.09,idle=11.93,sleep=53.99,peak=0.00 | HC-SR501:active=120.00,idle=0.00,sleep=0.00,peak=0.00 | MPU6050:active=22.32,idle=8.94,sleep=88.74,peak=0.00",1,0.20642680195121854,NORMAL
289,1,INA219,3.3,120,120.0,0.0,0.0,0.0,0.0,0.0,,0.0,"INA219:active=120.00,idle=0.00,sleep=0.00,peak=0.00",1,0.204854618771439,NORMAL
290,2,HC-SR04 + BME280,4.15,30,28.21150167213193,0.0,0.0,0.0,0.0,0.0,,0.0,"HC-SR04:active=26.42,idle=3.58,sleep=0.00,peak=0.00 | BME280:active=30.00,idle=0.00,sleep=0.00,peak=0.00",1,0.17594526060202775,NORMAL
291,2,nRF24L01+ + INA219,3.3,60,35.51150657975651,19.05569872291689,0.0,0.0,0.0008999999999999,0.0,,0.0,"nRF24L01+:active=11.02,idle=10.87,sleep=38.11,peak=0.00 | INA219:active=60.00,idle=0.00,sleep=0.00,peak=0.00",1,0.2167525360630072,NORMAL
292,3,BMP280 + ESP32-S3 + Raspberry Pi Pico,3.3,360,136.63543199995942,222.99153271338608,0.0,56.50227087688362,0.7007324353460451,0.0,1299.6174885086325,1263.0484834196982,"BMP280:active=157.34,idle=1.12,sleep=201.54,peak=0.00 | ESP32-S3:active=252.56,idle=0.00,sleep=107.44,peak=0.00 | Raspberry Pi Pico:active=0.00,idle=0.00,sleep=360.00,peak=0.00",1,0.10561243192463504,NORMAL
293,4,Arduino Uno / ATmega328P + SSD1306 OLED controller + DHT22 / AM2302 + Raspberry Pi Pico,3.3,60,30.0,30.0,0.0,0.0,0.6549999999999999,0.0,,0.0,"Arduino Uno / ATmega328P:active=60.00,idle=0.00,sleep=0.00,peak=0.00 | SSD1306 OLED controller:active=0.00,idle=0.00,sleep=60.00,peak=0.00 | DHT22 / AM2302:active=60.00,idle=0.00,sleep=0.00,peak=0.00 | Raspberry Pi Pico:active=0.00,idle=0.00,sleep=60.00,peak=0.00",1,0.1687757793310969,NORMAL
294,1,DHT22 / AM2302,3.3,30,28.989428499217667,0.0,1.010571500782333,2.5,0.0,2.5,4.125,4.138071964166229,"DHT22 / AM2302:active=28.99,idle=0.00,sleep=0.00,peak=1.01",1,0.1296165254740635,NORMAL
295,3,INA219 + DHT22 / AM2302 + SSD1306 OLED controller,3.3,720,480.0,240.0,0.0,0.0,0.01,0.0,,0.0,"INA219:active=720.00,idle=0.00,sleep=0.00,peak=0.00 | DHT22 / AM2302:active=720.00,idle=0.00,sleep=0.00,peak=0.00 | SSD1306 OLED controller:active=0.00,idle=0.00,sleep=720.00,peak=0.00",1,0.18626194685655434,NORMAL
296,3,nRF24L01+ + DS18B20 + HC-SR04,5.0,120,51.26499470172204,35.02220694306602,0.0,9.724072516584927,0.0008707460822345,0.0,132.34959188273,127.81136171157785,"nRF24L01+:active=29.96,idle=5.46,sleep=84.58,peak=0.00 | DS18B20:active=50.04,idle=49.47,sleep=20.49,peak=0.00 | HC-SR04:active=73.79,idle=46.21,sleep=0.00,peak=0.00",1,0.1354943568948364,NORMAL
297,2,Raspberry Pi Pico + DS18B20,5.0,720,88.11336407706158,627.352305817474,0.0,1.0,0.7463119365111323,0.0,92.71954650900062,93.11153967109286,"Raspberry Pi Pico:active=0.00,idle=0.00,sleep=720.00,peak=0.00 | DS18B20:active=176.23,idle=9.07,sleep=534.70,peak=0.00",1,0.017969545388415775,NORMAL
298,4,ESP32 + nRF24L01+ + MPU6050 + INA219,3.3,60,36.78316013579316,17.115913882493942,0.0,0.0,0.0069027987756805,0.0,,0.0,"ESP32:active=34.87,idle=0.00,sleep=25.13,peak=0.00 | nRF24L01+:active=23.14,idle=18.69,sleep=18.17,peak=0.00 | MPU6050:active=29.12,idle=5.71,sleep=25.17,peak=0.00 | INA219:active=60.00,idle=0.00,sleep=0.00,peak=0.00",1,0.20960700438080132,NORMAL
299,1,BMP280,3.3,120,77.73768798695994,25.662155977094816,0.0,0.00274,0.0001,0.0,0.0119475122957065,0.011822356661471,"BMP280:active=77.74,idle=16.60,sleep=25.66,peak=0.00",1,0.20196543562415364,NORMAL
300,2,BMP280 + HC-SR04,4.15,720,223.6051119272676,297.8383262843727,0.0,12.466630573278913,0.0001,0.0,433.8089117666512,426.87833074855166,"BMP280:active=75.54,idle=48.78,sleep=595.68,peak=0.00 | HC-SR04:active=371.67,idle=348.33,sleep=0.00,peak=0.00",1,0.15021918615070035,NORMAL
301,1,Raspberry Pi Pico,3.3,1440,0.0,1440.0,0.0,0.0,1.3,0.0,102.96,103.61708008222136,"Raspberry Pi Pico:active=0.00,idle=0.00,sleep=1440.00,peak=0.00",-1,-0.027545080786266718,ANOMALY
302,3,HC-SR501 + DHT22 / AM2302 + Arduino Uno / ATmega328P,4.15,1440,1439.060229327548,0.0,0.93977067245219,0.0,0.0,2.5,,0.0,"HC-SR501:active=1440.00,idle=0.00,sleep=0.00,peak=0.00 | DHT22 / AM2302:active=1437.18,idle=0.00,sleep=0.00,peak=2.82 | Arduino Uno / ATmega328P:active=1440.00,idle=0.00,sleep=0.00,peak=0.00",1,0.00750290231843409,NORMAL
303,2,ESP32 + MPU6050,3.3,60,31.64538881905467,26.356943243020982,1.2806074277665678,16.703110971483103,0.0094043115701834,240.0,91.9791045858545,90.0005010699186,"ESP32:active=40.56,idle=0.00,sleep=16.88,peak=2.56 | MPU6050:active=22.73,idle=1.43,sleep=35.83,peak=0.00",1,0.06631257074762886,NORMAL
304,4,Raspberry Pi Pico + INA219 + Arduino Uno / ATmega328P + nRF24L01+,3.3,360,246.7815819130777,109.5496642323658,0.0,0.0,1.068169359694276,0.0,,0.0,"Raspberry Pi Pico:active=0.00,idle=0.00,sleep=360.00,peak=0.00 | INA219:active=360.00,idle=0.00,sleep=0.00,peak=0.00 | Arduino Uno / ATmega328P:active=360.00,idle=0.00,sleep=0.00,peak=0.00 | nRF24L01+:active=267.13,idle=14.68,sleep=78.20,peak=0.00",1,0.11760902981404914,NORMAL
305,2,BMP280 + nRF24L01+,3.3,1440,434.20587721870993,898.085425527425,2.324080469310561,8.320227294244162,0.000381775535217,0.03685,397.6836789287765,388.0072101028823,"BMP280:active=229.05,idle=42.77,sleep=1163.52,peak=4.65 | nRF24L01+:active=639.36,idle=167.99,sleep=632.65,peak=0.00",1,0.0010015881953462369,NORMAL
306,1,HC-SR501,3.3,1440,1440.0,0.0,0.0,65.0,0.0,0.0,5148.0,5153.32285917429,"HC-SR501:active=1440.00,idle=0.00,sleep=0.00,peak=0.00",1,0.04764237969039886,NORMAL
307,2,BME280 + DS18B20,4.15,360,258.1398995658906,63.76714077239015,0.0,0.0,0.00075,0.0,,0.0,"BME280:active=360.00,idle=0.00,sleep=0.00,peak=0.00 | DS18B20:active=156.28,idle=76.19,sleep=127.53,peak=0.00",1,0.17228941133264353,NORMAL
308,1,nRF24L01+,3.3,1440,325.7741936936177,1090.3686116678632,0.0,11.3,0.0009,0.0,202.55675041519405,200.6590946716444,"nRF24L01+:active=325.77,idle=23.86,sleep=1090.37,peak=0.00",1,0.07383964653663444,NORMAL
309,4,BME280 + DHT22 / AM2302 + HC-SR04 + nRF24L01+,3.3,120,98.70186673558058,8.892668427706548,0.0,0.0,0.0009,0.0,,0.0,"BME280:active=120.00,idle=0.00,sleep=0.00,peak=0.00 | DHT22 / AM2302:active=120.00,idle=0.00,sleep=0.00,peak=0.00 | HC-SR04:active=96.84,idle=23.16,sleep=0.00,peak=0.00 | nRF24L01+:active=57.96,idle=26.47,sleep=35.57,peak=0.00",1,0.2084704301114213,NORMAL
310,2,Arduino Uno / ATmega328P + MPU6050,4.15,360,226.8497652563093,122.20117301392996,0.0,0.0,0.01,0.0,,0.0,"Arduino Uno / ATmega328P:active=360.00,idle=0.00,sleep=0.00,peak=0.00 | MPU6050:active=93.70,idle=21.90,sleep=244.40,peak=0.00",1,0.1655854632321488,NORMAL
311,2,INA219 + DHT22 / AM2302,3.3,30,30.0,0.0,0.0,0.0,0.0,0.0,,0.0,"INA219:active=30.00,idle=0.00,sleep=0.00,peak=0.00 | DHT22 / AM2302:active=30.00,idle=0.00,sleep=0.00,peak=0.00",1,0.21199258606347476,NORMAL
312,4,HC-SR501 + MPU6050 + HC-05 + INA219,3.3,120,106.01339215228045,5.087672717851637,0.0,0.0,0.01,0.0,,0.0,"HC-SR501:active=120.00,idle=0.00,sleep=0.00,peak=0.00 | MPU6050:active=71.65,idle=28.00,sleep=20.35,peak=0.00 | HC-05:active=112.41,idle=7.59,sleep=0.00,peak=0.00 | INA219:active=120.00,idle=0.00,sleep=0.00,peak=0.00",1,0.20082159807341743,NORMAL
313,1,HC-SR04,5.0,30,16.959572596822145,0.0,0.0,15.0,0.0,0.0,23.37287031322399,23.41619400667874,"HC-SR04:active=16.96,idle=13.04,sleep=0.00,peak=0.00",1,0.12872828296061706,NORMAL
314,3,SSD1306 OLED controller + HC-SR501 + BMP280,3.3,1440,681.4105702100919,605.6138945298131,0.9269838279963156,45.78818296778497,0.0079465835128986,0.03685,5148.893275442571,5177.447959494614,"SSD1306 OLED controller:active=0.00,idle=0.00,sleep=1440.00,peak=0.00 | HC-SR501:active=1440.00,idle=0.00,sleep=0.00,peak=0.00 | BMP280:active=604.23,idle=456.15,sleep=376.84,peak=2.78",1,0.043703640786207254,NORMAL
315,2,ESP32 + MPU6050,3.3,1440,869.8279110570975,304.88894489700624,0.0,16.24975776041457,0.00888753353348,0.0,1555.238187180398,1552.4327734708286,"ESP32:active=1075.29,idle=0.00,sleep=364.71,peak=0.00 | MPU6050:active=664.36,idle=530.57,sleep=245.07,peak=0.00",1,0.1273443087948684,NORMAL
316,2,Raspberry Pi Pico + ESP32-S3,3.3,60,13.263254905188944,46.736745094811056,0.0,91.7,0.8369679389591608,0.0,138.08933952236387,140.69258213332478,"Raspberry Pi Pico:active=0.00,idle=0.00,sleep=60.00,peak=0.00 | ESP32-S3:active=26.53,idle=0.00,sleep=33.47,peak=0.00",1,0.0490563507145908,NORMAL
317,3,ESP32 + DS18B20 + Arduino Uno / ATmega328P,5.0,360,191.99403836033,150.85942435392124,1.2158251464349652,0.0,0.0054728289398724,240.0,,0.0,"ESP32:active=67.12,idle=0.00,sleep=289.24,peak=3.65 | DS18B20:active=148.87,idle=47.79,sleep=163.34,peak=0.00 | Arduino Uno / ATmega328P:active=360.00,idle=0.00,sleep=0.00,peak=0.00",-1,-0.008179984939284402,ANOMALY
318,1,ESP32-S3,3.3,60,34.59820692864982,25.401793071350177,0.0,91.7,0.007,0.0,174.50583633497786,178.29116944137655,"ESP32-S3:active=34.60,idle=0.00,sleep=25.40,peak=0.00",1,0.09587948660240059,NORMAL
319,3,HC-SR501 + nRF24L01+ + BME280,3.3,120,101.78024848134348,14.563614217766007,0.0,0.0,0.0009,0.0,,0.0,"HC-SR501:active=120.00,idle=0.00,sleep=0.00,peak=0.00 | nRF24L01+:active=65.34,idle=10.97,sleep=43.69,peak=0.00 | BME280:active=120.00,idle=0.00,sleep=0.00,peak=0.00",1,0.22064183915449737,NORMAL
320,2,ESP32-S3 + nRF24L01+,3.3,120,95.56627128539436,16.917620238638392,1.0081839573258602,55.496351741284464,0.0035922596103251,13.5,584.9161854582779,549.0750968085316,"ESP32-S3:active=105.07,idle=0.00,sleep=14.93,peak=0.00 | nRF24L01+:active=86.07,idle=13.02,sleep=18.90,peak=2.02",1,0.09288651093530292,NORMAL
321,2,ESP32-S3 + Raspberry Pi Pico,3.3,30,6.970069156467996,23.029930843532004,0.0,91.7,0.8491649257990334,0.0,72.4582706280422,74.05951216757781,"ESP32-S3:active=13.94,idle=0.00,sleep=16.06,peak=0.00 | Raspberry Pi Pico:active=0.00,idle=0.00,sleep=30.00,peak=0.00",1,0.04283987840307146,NORMAL
322,3,nRF24L01+ + Arduino Uno / ATmega328P + ESP32-S3,3.3,720,550.3589964888864,126.92465243745048,0.2838651468530482,0.0,0.0026494690891366,355.0,,0.0,"nRF24L01+:active=321.13,idle=127.30,sleep=271.57,peak=0.00 | Arduino Uno / ATmega328P:active=720.00,idle=0.00,sleep=0.00,peak=0.00 | ESP32-S3:active=609.94,idle=0.00,sleep=109.21,peak=0.85",1,0.026567891397799692,NORMAL
323,4,BME280 + ESP32 + HC-05 + Arduino Uno / ATmega328P,3.3,720,617.548822243413,25.594766540309408,0.0296956330714831,0.0,0.00814,240.0,,0.0,"BME280:active=720.00,idle=0.00,sleep=0.00,peak=0.00 | ESP32:active=617.50,idle=0.00,sleep=102.38,peak=0.12 | HC-05:active=412.69,idle=307.31,sleep=0.00,peak=0.00 | Arduino Uno / ATmega328P:active=720.00,idle=0.00,sleep=0.00,peak=0.00",1,0.052670775687180926,NORMAL
324,4,MPU6050 + BMP280 + HC-05 + HC-SR04,3.3,120,55.58779440536191,35.955707536662025,0.0,17.390024371463344,0.0040276713471234,0.0,231.16824379727169,233.4619908532785,"MPU6050:active=31.81,idle=31.13,sleep=57.06,peak=0.00 | BMP280:active=32.38,idle=0.86,sleep=86.76,peak=0.00 | HC-05:active=91.34,idle=28.66,sleep=0.00,peak=0.00 | HC-SR04:active=66.82,idle=53.18,sleep=0.00,peak=0.00",1,0.19519103180742176,NORMAL
325,4,SSD1306 OLED controller + Arduino Uno / ATmega328P + HC-SR501 + DS18B20,5.0,120,77.60226750258073,39.87331377835133,0.0,0.0,0.0077095419518571,0.0,,0.0,"SSD1306 OLED controller:active=0.00,idle=0.00,sleep=120.00,peak=0.00 | Arduino Uno / ATmega328P:active=120.00,idle=0.00,sleep=0.00,peak=0.00 | HC-SR501:active=120.00,idle=0.00,sleep=0.00,peak=0.00 | DS18B20:active=70.41,idle=10.10,sleep=39.49,peak=0.00",1,0.11607747298138466,NORMAL
326,3,Raspberry Pi Pico + ESP32 + SSD1306 OLED controller,3.3,360,31.71001788018242,328.2899821198176,0.0,23.88,0.4810341133005361,0.0,151.0003947264799,151.78787502511943,"Raspberry Pi Pico:active=0.00,idle=0.00,sleep=360.00,peak=0.00 | ESP32:active=95.13,idle=0.00,sleep=264.87,peak=0.00 | SSD1306 OLED controller:active=0.00,idle=0.00,sleep=360.00,peak=0.00",1,0.13369818872813488,NORMAL
327,3,BME280 + ESP32-S3 + ESP32,3.3,60,42.52602933649495,16.22718573170523,1.246784931799821,0.0,0.0079372473810913,355.0,,0.0,"BME280:active=60.00,idle=0.00,sleep=0.00,peak=0.00 | ESP32-S3:active=47.60,idle=0.00,sleep=8.66,peak=3.74 | ESP32:active=19.98,idle=0.00,sleep=40.02,peak=0.00",1,0.048895401584969966,NORMAL
328,4,HC-SR501 + ESP32 + DHT22 / AM2302 + BMP280,3.3,60,44.96563090171611,13.307213211644068,0.0,28.94644462124977,0.0018486078136325,0.0,286.35638180379834,287.487811849142,"HC-SR501:active=60.00,idle=0.00,sleep=0.00,peak=0.00 | ESP32:active=48.42,idle=0.00,sleep=11.58,peak=0.00 | DHT22 / AM2302:active=60.00,idle=0.00,sleep=0.00,peak=0.00 | BMP280:active=11.44,idle=6.91,sleep=41.65,peak=0.00",1,0.18876460876295814,NORMAL
329,2,Arduino Uno / ATmega328P + nRF24L01+,4.15,360,242.73703971101696,62.52102623945282,0.0,0.0,0.0009,0.0,,0.0,"Arduino Uno / ATmega328P:active=360.00,idle=0.00,sleep=0.00,peak=0.00 | nRF24L01+:active=125.47,idle=109.48,sleep=125.04,peak=0.00",1,0.17366976656132543,NORMAL
330,3,HC-SR04 + nRF24L01+ + INA219,3.3,360,269.0550652275546,59.2917063983075,0.3945033242110056,0.0,0.0008999999999999,13.5,,0.0,"HC-SR04:active=272.32,idle=87.68,sleep=0.00,peak=0.00 | nRF24L01+:active=174.85,idle=6.10,sleep=177.88,peak=1.18 | INA219:active=360.00,idle=0.00,sleep=0.00,peak=0.00",1,0.14710879224009876,NORMAL
331,4,SSD1306 OLED controller + ESP32-S3 + Raspberry Pi Pico + nRF24L01+,3.3,30,4.743660747768954,23.59747313109692,0.8648088266070662,59.23904642160868,0.4176700977034082,355.0,131.53660895954323,130.17648300085636,"SSD1306 OLED controller:active=0.00,idle=0.00,sleep=30.00,peak=0.00 | ESP32-S3:active=11.31,idle=0.00,sleep=15.23,peak=3.46 | Raspberry Pi Pico:active=0.00,idle=0.00,sleep=30.00,peak=0.00 | nRF24L01+:active=7.66,idle=3.18,sleep=19.16,peak=0.00",-1,-0.0338325002024672,ANOMALY
332,4,Raspberry Pi Pico + BME280 + DS18B20 + nRF24L01+,3.3,360,136.41837625604137,211.7545976927042,0.0,0.0,0.5529897769941573,0.0,,0.0,"Raspberry Pi Pico:active=0.00,idle=0.00,sleep=360.00,peak=0.00 | BME280:active=360.00,idle=0.00,sleep=0.00,peak=0.00 | DS18B20:active=50.25,idle=4.38,sleep=305.37,peak=0.00 | nRF24L01+:active=135.42,idle=42.93,sleep=181.65,peak=0.00",1,0.14933574263066912,NORMAL
333,1,ESP32,3.3,120,55.33277838255336,64.66722161744664,0.0,23.88,0.00814,0.0,72.70302264276371,72.05441080031699,"ESP32:active=55.33,idle=0.00,sleep=64.67,peak=0.00",1,0.18309953348695307,NORMAL
334,2,HC-05 + HC-SR501,3.3,360,288.8781160149508,0.0,0.0,51.80850556251186,0.0,0.0,1708.885040756181,1679.2892064826783,"HC-05:active=217.76,idle=142.24,sleep=0.00,peak=0.00 | HC-SR501:active=360.00,idle=0.00,sleep=0.00,peak=0.00",1,0.16950975362708715,NORMAL
335,4,ESP32-S3 + SSD1306 OLED controller + BME280 + Arduino Uno / ATmega328P,3.3,360,245.4894982549078,113.7701580570367,0.7403436880555054,0.0,0.009373205809072,355.0,,0.0,"ESP32-S3:active=261.96,idle=0.00,sleep=95.08,peak=2.96 | SSD1306 OLED controller:active=0.00,idle=0.00,sleep=360.00,peak=0.00 | BME280:active=360.00,idle=0.00,sleep=0.00,peak=0.00 | Arduino Uno / ATmega328P:active=360.00,idle=0.00,sleep=0.00,peak=0.00",1,0.0455193098870027,NORMAL
336,3,BME280 + DHT22 / AM2302 + HC-SR501,3.3,120,120.0,0.0,0.0,0.0,0.0,0.0,,0.0,"BME280:active=120.00,idle=0.00,sleep=0.00,peak=0.00 | DHT22 / AM2302:active=120.00,idle=0.00,sleep=0.00,peak=0.00 | HC-SR501:active=120.00,idle=0.00,sleep=0.00,peak=0.00",1,0.21349104619591358,NORMAL
337,1,HC-05,3.3,120,97.90605682509776,0.0,0.0,30.0,0.0,0.0,171.26632875836827,169.77381090777072,"HC-05:active=97.91,idle=22.09,sleep=0.00,peak=0.00",1,0.18817027478837606,NORMAL
338,3,Raspberry Pi Pico + MPU6050 + HC-05,3.3,120,56.28272705213485,59.154601845762464,0.0,21.46841716871968,0.882290546972828,0.0,210.7751035669092,215.1068736982967,"Raspberry Pi Pico:active=0.00,idle=0.00,sleep=120.00,peak=0.00 | MPU6050:active=55.19,idle=7.34,sleep=57.46,peak=0.00 | HC-05:active=113.65,idle=6.35,sleep=0.00,peak=0.00",1,0.1453587132982978,NORMAL
339,1,SSD1306 OLED controller,3.3,1440,0.0,1440.0,0.0,0.0,0.01,0.0,0.792,0.7768250962448925,"SSD1306 OLED controller:active=0.00,idle=0.00,sleep=1440.00,peak=0.00",1,0.0370809297421284,NORMAL
340,2,HC-SR501 + ESP32-S3,3.3,360,287.71135988802024,72.28864011197977,0.0,74.99575863160031,0.007,0.0,2373.540149443346,2420.7992007582257,"HC-SR501:active=360.00,idle=0.00,sleep=0.00,peak=0.00 | ESP32-S3:active=215.42,idle=0.00,sleep=144.58,peak=0.00",1,0.12927401764898605,NORMAL
341,4,nRF24L01+ + SSD1306 OLED controller + DS18B20 + INA219,3.3,360,158.10541640789904,197.62316068980667,0.0,0.0,0.0049949393201714,0.0,,0.0,"nRF24L01+:active=186.17,idle=3.21,sleep=170.62,peak=0.00 | SSD1306 OLED controller:active=0.00,idle=0.00,sleep=360.00,peak=0.00 | DS18B20:active=86.25,idle=13.88,sleep=259.87,peak=0.00 | INA219:active=360.00,idle=0.00,sleep=0.00,peak=0.00",1,0.18596021392387924,NORMAL
342,1,HC-SR501,3.3,1440,1440.0,0.0,0.0,65.0,0.0,0.0,5148.0,5062.791926573959,"HC-SR501:active=1440.00,idle=0.00,sleep=0.00,peak=0.00",1,0.04764237969039886,NORMAL
343,1,HC-SR04,5.0,720,553.463978144109,0.0,0.0,15.0,0.0,0.0,719.5859763227846,710.8847626126454,"HC-SR04:active=553.46,idle=166.54,sleep=0.00,peak=0.00",1,0.10479862562657893,NORMAL
344,3,Arduino Uno / ATmega328P + ESP32-S3 + nRF24L01+,3.3,60,44.53230371770362,14.416695400868312,0.0,0.0,0.0026718107240981,0.0,,0.0,"Arduino Uno / ATmega328P:active=60.00,idle=0.00,sleep=0.00,peak=0.00 | ESP32-S3:active=47.44,idle=0.00,sleep=12.56,peak=0.00 | nRF24L01+:active=26.16,idle=3.15,sleep=30.69,peak=0.00",1,0.22147668378467866,NORMAL
345,2,SSD1306 OLED controller + HC-SR04,4.15,720,332.82123634168784,360.0,0.0,15.0,0.01,0.0,698.6215233544688,703.2009381167064,"SSD1306 OLED controller:active=0.00,idle=0.00,sleep=720.00,peak=0.00 | HC-SR04:active=665.64,idle=54.36,sleep=0.00,peak=0.00",1,0.14483144449613283,NORMAL
346,3,SSD1306 OLED controller + ESP32 + BME280,3.3,360,165.8554003903968,194.1445996096032,0.0,0.0,0.0092896585557817,0.0,,0.0,"SSD1306 OLED controller:active=0.00,idle=0.00,sleep=360.00,peak=0.00 | ESP32:active=137.57,idle=0.00,sleep=222.43,peak=0.00 | BME280:active=360.00,idle=0.00,sleep=0.00,peak=0.00",1,0.19688160863571413,NORMAL
347,1,BME280,3.3,1440,1440.0,0.0,0.0,0.0,0.0,0.0,,0.0,"BME280:active=1440.00,idle=0.00,sleep=0.00,peak=0.00",1,0.09909329927197102,NORMAL
348,3,DHT22 / AM2302 + MPU6050 + ESP32-S3,3.3,360,237.5275765401205,110.80807465277712,0.0,25.56375995864253,0.0083896740677664,0.0,1002.0591760746898,1002.0140785116138,"DHT22 / AM2302:active=360.00,idle=0.00,sleep=0.00,peak=0.00 | MPU6050:active=171.02,idle=34.99,sleep=153.99,peak=0.00 | ESP32-S3:active=181.56,idle=0.00,sleep=178.44,peak=0.00",1,0.1857297397917923,NORMAL
349,1,BME280,3.3,120,120.0,0.0,0.0,0.0,0.0,0.0,,0.0,"BME280:active=120.00,idle=0.00,sleep=0.00,peak=0.00",1,0.204854618771439,NORMAL
350,1,BME280,3.3,60,60.0,0.0,0.0,0.0,0.0,0.0,,0.0,"BME280:active=60.00,idle=0.00,sleep=0.00,peak=0.00",1,0.20809052361625596,NORMAL
351,1,HC-SR04,5.0,30,15.74997344138688,0.0,0.0,15.0,0.0,0.0,22.062471228169123,21.82063436175608,"HC-SR04:active=15.75,idle=14.25,sleep=0.00,peak=0.00",1,0.12850396484717397,NORMAL
352,3,DS18B20 + BME280 + HC-SR04,5.0,60,45.33653095089153,2.464921827217017,0.0,0.0,0.00075,0.0,,0.0,"DS18B20:active=36.36,idle=16.25,sleep=7.39,peak=0.00 | BME280:active=60.00,idle=0.00,sleep=0.00,peak=0.00 | HC-SR04:active=39.65,idle=20.35,sleep=0.00,peak=0.00",1,0.14700764982509518,NORMAL
353,1,HC-SR04,5.0,720,577.4165095397445,0.0,0.0,15.000000000000002,0.0,0.0,745.53455200139,736.5663556675493,"HC-SR04:active=577.42,idle=142.58,sleep=0.00,peak=0.00",1,0.10296162947267229,NORMAL
354,3,BMP280 + DS18B20 + ESP32-S3,3.3,1440,618.6920292927788,680.9407691059846,0.9293058280439712,57.72454958482364,0.001291333500034,0.03685,5892.92443073169,5956.980650417667,"BMP280:active=283.90,idle=200.07,sleep=953.24,peak=2.79 | DS18B20:active=408.24,idle=218.25,sleep=813.51,peak=0.00 | ESP32-S3:active=1163.93,idle=0.00,sleep=276.07,peak=0.00",1,0.024913733146141093,NORMAL
355,2,ESP32 + DHT22 / AM2302,3.3,120,113.82476341284902,6.175236587150968,0.0,12.610044662186471,0.00814,0.0,157.89241783971198,161.3103211026779,"ESP32:active=107.65,idle=0.00,sleep=12.35,peak=0.00 | DHT22 / AM2302:active=120.00,idle=0.00,sleep=0.00,peak=0.00",1,0.20651063930292884,NORMAL
356,1,Arduino Uno / ATmega328P,5.0,30,30.0,0.0,0.0,0.0,0.0,0.0,,0.0,"Arduino Uno / ATmega328P:active=30.00,idle=0.00,sleep=0.00,peak=0.00",1,0.1386194037527141,NORMAL
357,1,BMP280,3.3,1440,554.4499547465368,848.7726319084484,0.0,0.00274,0.0001,0.0,0.0884261334291971,0.0868875939174564,"BMP280:active=554.45,idle=36.78,sleep=848.77,peak=0.00",1,0.10980452008163516,NORMAL
358,4,HC-SR501 + BMP280 + ESP32-S3 + nRF24L01+,3.3,1440,762.1767139402292,588.1918534375544,0.180196436151698,47.27897032858085,0.00318314896638,13.500000000000002,7928.738450703186,8007.992233897869,"HC-SR501:active=1440.00,idle=0.00,sleep=0.00,peak=0.00 | BMP280:active=567.62,idle=284.28,sleep=588.10,peak=0.00 | ESP32-S3:active=482.26,idle=0.00,sleep=957.74,peak=0.00 | nRF24L01+:active=558.82,idle=73.53,sleep=806.93,peak=0.72",1,0.02727564310139141,NORMAL
359,1,MPU6050,3.3,60,12.911351896407922,42.866672350199394,0.0,3.9,0.01,0.0,2.7942226949042914,2.815963848191509,"MPU6050:active=12.91,idle=4.22,sleep=42.87,peak=0.00",1,0.1899211485481318,NORMAL
360,4,HC-SR04 + INA219 + ESP32-S3 + Arduino Uno / ATmega328P,4.15,1440,1018.9290440871353,272.91878493055003,0.0,0.0,0.007,0.0,,0.0,"HC-SR04:active=847.39,idle=592.61,sleep=0.00,peak=0.00 | INA219:active=1440.00,idle=0.00,sleep=0.00,peak=0.00 | ESP32-S3:active=348.32,idle=0.00,sleep=1091.68,peak=0.00 | Arduino Uno / ATmega328P:active=1440.00,idle=0.00,sleep=0.00,peak=0.00",1,0.08237748203561457,NORMAL
361,2,Arduino Uno / ATmega328P + HC-SR501,5.0,1440,1440.0,0.0,0.0,0.0,0.0,0.0,,0.0,"Arduino Uno / ATmega328P:active=1440.00,idle=0.00,sleep=0.00,peak=0.00 | HC-SR501:active=1440.00,idle=0.00,sleep=0.00,peak=0.00",1,0.03666015715625859,NORMAL
362,3,MPU6050 + DS18B20 + HC-SR04,5.0,60,31.785752517768163,20.936140205371245,0.0,8.772271476374804,0.0032329010450095,0.0,72.33112934944955,71.15093609340776,"MPU6050:active=41.36,idle=1.78,sleep=16.86,peak=0.00 | DS18B20:active=9.62,idle=4.43,sleep=45.95,peak=0.00 | HC-SR04:active=44.37,idle=15.63,sleep=0.00,peak=0.00",1,0.13444742040823765,NORMAL
363,1,BMP280,3.3,360,173.53608903882588,89.56340008601258,0.0,0.00274,0.0001,0.0,0.0271774401284375,0.0271301731378254,"BMP280:active=173.54,idle=96.90,sleep=89.56,peak=0.00",1,0.18782980077150585,NORMAL
364,1,BME280,3.3,360,360.0,0.0,0.0,0.0,0.0,0.0,,0.0,"BME280:active=360.00,idle=0.00,sleep=0.00,peak=0.00",1,0.18200890968177708,NORMAL
365,2,DHT22 / AM2302 + SSD1306 OLED controller,3.3,120,60.0,60.0,0.0,2.5,0.01,0.0,16.566,16.28992343817188,"DHT22 / AM2302:active=120.00,idle=0.00,sleep=0.00,peak=0.00 | SSD1306 OLED controller:active=0.00,idle=0.00,sleep=120.00,peak=0.00",1,0.20848675998899874,NORMAL
366,3,Raspberry Pi Pico + ESP32 + INA219,3.3,720,289.14918004814785,430.85081995185215,0.0,0.0,0.7277542739954583,0.0,,0.0,"Raspberry Pi Pico:active=0.00,idle=0.00,sleep=720.00,peak=0.00 | ESP32:active=147.45,idle=0.00,sleep=572.55,peak=0.00 | INA219:active=720.00,idle=0.00,sleep=0.00,peak=0.00",1,0.1303395166248585,NORMAL
367,2,HC-SR501 + HC-SR04,5.0,720,568.6746893039231,0.0,0.0,46.652542901166576,0.0,0.0,4472.128493491833,4464.272244671257,"HC-SR501:active=720.00,idle=0.00,sleep=0.00,peak=0.00 | HC-SR04:active=417.35,idle=302.65,sleep=0.00,peak=0.00",1,0.06815218534144729,NORMAL
368,1,INA219,3.3,120,120.0,0.0,0.0,0.0,0.0,0.0,,0.0,"INA219:active=120.00,idle=0.00,sleep=0.00,peak=0.00",1,0.204854618771439,NORMAL
369,1,HC-SR04,5.0,360,198.87045880072688,0.0,0.0,15.0,0.0,0.0,275.4429970341208,279.99977613397624,"HC-SR04:active=198.87,idle=161.13,sleep=0.00,peak=0.00",1,0.12211937583074539,NORMAL
370,4,HC-SR501 + MPU6050 + BME280 + HC-SR04,3.3,120,95.0463840049485,11.96950846920184,0.0,0.0,0.01,0.0,,0.0,"HC-SR501:active=120.00,idle=0.00,sleep=0.00,peak=0.00 | MPU6050:active=55.11,idle=17.02,sleep=47.88,peak=0.00 | BME280:active=120.00,idle=0.00,sleep=0.00,peak=0.00 | HC-SR04:active=85.08,idle=34.92,sleep=0.00,peak=0.00",1,0.20586068751717007,NORMAL
371,1,HC-SR04,5.0,720,451.5667231543712,0.0,0.0,15.0,0.0,0.0,609.1972834172356,600.8566900116908,"HC-SR04:active=451.57,idle=268.43,sleep=0.00,peak=0.00",1,0.10438234341694269,NORMAL
372,4,SSD1306 OLED controller + HC-SR501 + HC-SR04 + HC-05,3.3,360,225.9919056921568,90.0,0.0,40.1726710532373,0.01,0.0,2031.0590774337093,1997.8799734108536,"SSD1306 OLED controller:active=0.00,idle=0.00,sleep=360.00,peak=0.00 | HC-SR501:active=360.00,idle=0.00,sleep=0.00,peak=0.00 | HC-SR04:active=226.95,idle=133.05,sleep=0.00,peak=0.00 | HC-05:active=317.02,idle=42.98,sleep=0.00,peak=0.00",1,0.15826929949253032,NORMAL
373,1,Arduino Uno / ATmega328P,5.0,120,120.0,0.0,0.0,0.0,0.0,0.0,,0.0,"Arduino Uno / ATmega328P:active=120.00,idle=0.00,sleep=0.00,peak=0.00",1,0.14027254662033634,NORMAL
374,3,INA219 + MPU6050 + ESP32,3.3,1440,1007.7722964141508,422.52008780606087,0.0,0.0,0.0097377468239801,0.0,,0.0,"INA219:active=1440.00,idle=0.00,sleep=0.00,peak=0.00 | MPU6050:active=322.04,idle=29.12,sleep=1088.84,peak=0.00 | ESP32:active=1261.28,idle=0.00,sleep=178.72,peak=0.00",1,0.13371885950964923,NORMAL
375,4,nRF24L01+ + BME280 + HC-05 + DS18B20,3.3,720,432.66078625985415,186.01322633314945,0.0,0.0,0.0008155072113011,0.0,,0.0,"nRF24L01+:active=218.77,idle=176.29,sleep=324.94,peak=0.00 | BME280:active=720.00,idle=0.00,sleep=0.00,peak=0.00 | HC-05:active=637.22,idle=82.78,sleep=0.00,peak=0.00 | DS18B20:active=154.66,idle=146.23,sleep=419.11,peak=0.00",1,0.1756102197825692,NORMAL
376,4,Raspberry Pi Pico + SSD1306 OLED controller + nRF24L01+ + Arduino Uno / ATmega328P,3.3,60,19.399306078606244,36.92642685044205,0.6956076131384926,0.0,0.5323080368370408,13.5,,0.0,"Raspberry Pi Pico:active=0.00,idle=0.00,sleep=60.00,peak=0.00 | SSD1306 OLED controller:active=0.00,idle=0.00,sleep=60.00,peak=0.00 | nRF24L01+:active=17.60,idle=11.91,sleep=27.71,peak=2.78 | Arduino Uno / ATmega328P:active=60.00,idle=0.00,sleep=0.00,peak=0.00",1,0.0958608954395635,NORMAL
377,3,Raspberry Pi Pico + INA219 + MPU6050,3.3,1440,640.725535994357,669.6445466357958,0.0,0.0,0.9346696670805096,0.0,,0.0,"Raspberry Pi Pico:active=0.00,idle=0.00,sleep=1440.00,peak=0.00 | INA219:active=1440.00,idle=0.00,sleep=0.00,peak=0.00 | MPU6050:active=482.18,idle=388.89,sleep=568.93,peak=0.00",1,0.07338531661373815,NORMAL
378,4,BME280 + Raspberry Pi Pico + Arduino Uno / ATmega328P + HC-SR501,4.15,60,45.0,15.0,0.0,0.0,1.3,0.0,,0.0,"BME280:active=60.00,idle=0.00,sleep=0.00,peak=0.00 | Raspberry Pi Pico:active=0.00,idle=0.00,sleep=60.00,peak=0.00 | Arduino Uno / ATmega328P:active=60.00,idle=0.00,sleep=0.00,peak=0.00 | HC-SR501:active=60.00,idle=0.00,sleep=0.00,peak=0.00",1,0.0867414012801393,NORMAL
379,1,HC-SR04,5.0,60,42.74115142114493,0.0,0.0,15.000000000000002,0.0,0.0,56.30291403957368,54.305945912871046,"HC-SR04:active=42.74,idle=17.26,sleep=0.00,peak=0.00",1,0.13793291223847648,NORMAL
380,3,nRF24L01+ + HC-SR501 + Arduino Uno / ATmega328P,4.15,720,547.3571048164555,164.8970426500984,0.0,0.0,0.0009,0.0,,0.0,"nRF24L01+:active=202.07,idle=23.24,sleep=494.69,peak=0.00 | HC-SR501:active=720.00,idle=0.00,sleep=0.00,peak=0.00 | Arduino Uno / ATmega328P:active=720.00,idle=0.00,sleep=0.00,peak=0.00",1,0.14487373302816098,NORMAL
381,4,ESP32 + SSD1306 OLED controller + BME280 + MPU6050,3.3,360,139.27874142509896,208.2065738546796,1.1025971367976304,0.0,0.0094455673507076,240.0,,0.0,"ESP32:active=107.34,idle=0.00,sleep=248.25,peak=4.41 | SSD1306 OLED controller:active=0.00,idle=0.00,sleep=360.00,peak=0.00 | BME280:active=360.00,idle=0.00,sleep=0.00,peak=0.00 | MPU6050:active=89.78,idle=45.65,sleep=224.58,peak=0.00",1,0.04793211611584103,NORMAL
382,4,INA219 + HC-SR501 + MPU6050 + HC-05,3.3,60,48.353019706477546,2.3151184529535582,0.0,0.0,0.01,0.0,,0.0,"INA219:active=60.00,idle=0.00,sleep=0.00,peak=0.00 | HC-SR501:active=60.00,idle=0.00,sleep=0.00,peak=0.00 | MPU6050:active=26.77,idle=23.97,sleep=9.26,peak=0.00 | HC-05:active=46.64,idle=13.36,sleep=0.00,peak=0.00",1,0.205123618872478,NORMAL
383,1,SSD1306 OLED controller,3.3,720,0.0,720.0,0.0,0.0,0.01,0.0,0.396,0.3951022363371088,"SSD1306 OLED controller:active=0.00,idle=0.00,sleep=720.00,peak=0.00",1,0.1297644497890389,NORMAL
384,4,ESP32 + nRF24L01+ + INA219 + Raspberry Pi Pico,3.3,120,67.9905521439169,50.60856505596414,0.0,0.0,0.7730708451508328,0.0,,0.0,"ESP32:active=61.74,idle=0.00,sleep=58.26,peak=0.00 | nRF24L01+:active=90.23,idle=5.60,sleep=24.17,peak=0.00 | INA219:active=120.00,idle=0.00,sleep=0.00,peak=0.00 | Raspberry Pi Pico:active=0.00,idle=0.00,sleep=120.00,peak=0.00",1,0.15836373803640763,NORMAL
385,1,MPU6050,3.3,60,15.012704500959934,37.13482917176564,0.0,3.9,0.01,0.0,3.242808699740377,3.218765842543307,"MPU6050:active=15.01,idle=7.85,sleep=37.13,peak=0.00",1,0.19119289009489043,NORMAL
386,1,HC-SR501,3.3,1440,1440.0,0.0,0.0,65.0,0.0,0.0,5148.0,5130.543058311482,"HC-SR501:active=1440.00,idle=0.00,sleep=0.00,peak=0.00",1,0.04764237969039886,NORMAL
387,3,HC-05 + ESP32-S3 + DS18B20,3.3,60,24.932732212855917,23.59376923877897,0.0,45.69511312461916,0.0037702600444844,0.0,199.1753092820801,208.9677378913456,"HC-05:active=34.60,idle=25.40,sleep=0.00,peak=0.00 | ESP32-S3:active=25.80,idle=0.00,sleep=34.20,peak=0.00 | DS18B20:active=14.40,idle=9.02,sleep=36.58,peak=0.00",1,0.18396716335279673,NORMAL
388,4,ESP32 + HC-SR501 + BME280 + BMP280,3.3,30,25.14296380764505,4.383307697911338,0.0,0.0,0.004867876893233,0.0,,0.0,"ESP32:active=19.60,idle=0.00,sleep=10.40,peak=0.00 | HC-SR501:active=30.00,idle=0.00,sleep=0.00,peak=0.00 | BME280:active=30.00,idle=0.00,sleep=0.00,peak=0.00 | BMP280:active=20.97,idle=1.89,sleep=7.14,peak=0.00",1,0.1998562284612289,NORMAL
389,1,INA219,3.3,60,60.0,0.0,0.0,0.0,0.0,0.0,,0.0,"INA219:active=60.00,idle=0.00,sleep=0.00,peak=0.00",1,0.20809052361625596,NORMAL
390,3,MPU6050 + HC-SR04 + ESP32,3.3,60,25.66240923998077,23.13807578306233,0.0,14.639928433260064,0.0090203093812995,0.0,65.07280403140703,66.20764184767509,"MPU6050:active=21.25,idle=5.90,sleep=32.85,peak=0.00 | HC-SR04:active=32.30,idle=27.70,sleep=0.00,peak=0.00 | ESP32:active=23.44,idle=0.00,sleep=36.56,peak=0.00",1,0.210017190401597,NORMAL
391,4,SSD1306 OLED controller + BME280 + nRF24L01+ + INA219,3.3,60,38.52065226640839,18.99698294506068,0.0,0.0,0.0080853515052763,0.0,,0.0,"SSD1306 OLED controller:active=0.00,idle=0.00,sleep=60.00,peak=0.00 | BME280:active=60.00,idle=0.00,sleep=0.00,peak=0.00 | nRF24L01+:active=34.08,idle=9.93,sleep=15.99,peak=0.00 | INA219:active=60.00,idle=0.00,sleep=0.00,peak=0.00",1,0.20992086001953342,NORMAL
392,1,Arduino Uno / ATmega328P,5.0,720,720.0,0.0,0.0,0.0,0.0,0.0,,0.0,"Arduino Uno / ATmega328P:active=720.00,idle=0.00,sleep=0.00,peak=0.00",1,0.1013824304751405,NORMAL
393,2,DS18B20 + BME280,4.15,120,91.506290930641,8.054802844651777,0.0,0.0,0.00075,0.0,,0.0,"DS18B20:active=63.01,idle=40.88,sleep=16.11,peak=0.00 | BME280:active=120.00,idle=0.00,sleep=0.00,peak=0.00",1,0.18313418801140424,NORMAL
394,2,HC-SR04 + BMP280,4.15,60,47.92731301277813,8.232442842082705,0.0,8.407243482711468,0.0001,0.0,56.60880837999201,56.71576505328356,"HC-SR04:active=53.72,idle=6.28,sleep=0.00,peak=0.00 | BMP280:active=42.14,idle=1.40,sleep=16.46,peak=0.00",1,0.17388708856729124,NORMAL
395,3,HC-SR501 + MPU6050 + DHT22 / AM2302,3.3,60,48.1891655473068,6.8125534390972575,0.0,28.677353715076528,0.01,0.0,228.03509232470265,225.68041292135592,"HC-SR501:active=60.00,idle=0.00,sleep=0.00,peak=0.00 | MPU6050:active=24.57,idle=14.99,sleep=20.44,peak=0.00 | DHT22 / AM2302:active=60.00,idle=0.00,sleep=0.00,peak=0.00",1,0.2002666307535062,NORMAL
396,4,BME280 + Raspberry Pi Pico + MPU6050 + nRF24L01+,3.3,120,68.06066433647047,45.9355323586184,0.0,0.0,0.8513386831324657,0.0,,0.0,"BME280:active=120.00,idle=0.00,sleep=0.00,peak=0.00 | Raspberry Pi Pico:active=0.00,idle=0.00,sleep=120.00,peak=0.00 | MPU6050:active=75.27,idle=4.14,sleep=40.60,peak=0.00 | nRF24L01+:active=76.98,idle=19.88,sleep=23.15,peak=0.00",1,0.15433423765967408,NORMAL
397,2,Arduino Uno / ATmega328P + INA219,4.15,720,720.0,0.0,0.0,0.0,0.0,0.0,,0.0,"Arduino Uno / ATmega328P:active=720.00,idle=0.00,sleep=0.00,peak=0.00 | INA219:active=720.00,idle=0.00,sleep=0.00,peak=0.00",1,0.1407660302443538,NORMAL
398,3,BMP280 + INA219 + ESP32,3.3,30,24.540620128656457,4.066701780404782,0.0,0.0,0.0020917114829489,0.0,,0.0,"BMP280:active=16.64,idle=4.18,sleep=9.18,peak=0.00 | INA219:active=30.00,idle=0.00,sleep=0.00,peak=0.00 | ESP32:active=26.98,idle=0.00,sleep=3.02,peak=0.00",1,0.2144101401211076,NORMAL
399,1,ESP32-S3,3.3,60,29.32210187843769,30.67789812156231,0.0,91.7,0.007,0.0,147.89783181467732,143.34040598668656,"ESP32-S3:active=29.32,idle=0.00,sleep=30.68,peak=0.00",1,0.09684647960934628,NORMAL
400,3,ESP32 + MPU6050 + HC-SR04,3.3,30,9.701681332435705,13.787847559489345,0.2442447108502341,12.9925923271553,0.0088998256584408,240.00000000000003,32.11973756903739,31.53180136943984,"ESP32:active=4.80,idle=0.00,sleep=24.47,peak=0.73 | MPU6050:active=9.10,idle=4.00,sleep=16.90,peak=0.00 | HC-SR04:active=15.20,idle=14.80,sleep=0.00,peak=0.00",1,0.0892818033970853,NORMAL
401,2,BMP280 + INA219,3.3,1440,955.4823747796954,279.33397927767624,0.0,0.0,0.0001,0.0,,0.0,"BMP280:active=470.96,idle=410.37,sleep=558.67,peak=0.00 | INA219:active=1440.00,idle=0.00,sleep=0.00,peak=0.00",1,0.13539916925175632,NORMAL
402,3,MPU6050 + HC-SR04 + INA219,3.3,360,204.91493566862604,99.1116058335024,0.0,0.0,0.01,0.0,,0.0,"MPU6050:active=60.86,idle=1.80,sleep=297.33,peak=0.00 | HC-SR04:active=193.88,idle=166.12,sleep=0.00,peak=0.00 | INA219:active=360.00,idle=0.00,sleep=0.00,peak=0.00",1,0.20296863841607304,NORMAL
403,3,DS18B20 + Raspberry Pi Pico + SSD1306 OLED controller,4.15,30,6.88095597006157,22.162388835795426,0.0,1.0,0.5911646929714478,0.0,4.146533765014935,4.078373725377112,"DS18B20:active=20.64,idle=2.87,sleep=6.49,peak=0.00 | Raspberry Pi Pico:active=0.00,idle=0.00,sleep=30.00,peak=0.00 | SSD1306 OLED controller:active=0.00,idle=0.00,sleep=30.00,peak=0.00",1,0.12208436130072259,NORMAL
404,3,HC-SR501 + INA219 + HC-05,3.3,30,26.62927849553433,0.0,0.0,0.0,0.0,0.0,,0.0,"HC-SR501:active=30.00,idle=0.00,sleep=0.00,peak=0.00 | INA219:active=30.00,idle=0.00,sleep=0.00,peak=0.00 | HC-05:active=19.89,idle=10.11,sleep=0.00,peak=0.00",1,0.215177367096956,NORMAL
405,1,HC-SR501,3.3,60,60.0,0.0,0.0,65.0,0.0,0.0,214.5,211.1392094787835,"HC-SR501:active=60.00,idle=0.00,sleep=0.00,peak=0.00",1,0.14921157356635956,NORMAL
406,3,BMP280 + MPU6050 + BME280,3.3,360,188.70885539224503,134.69719463480035,0.0,0.0,0.0053929718357029,0.0,,0.0,"BMP280:active=96.13,idle=75.82,sleep=188.05,peak=0.00 | MPU6050:active=110.00,idle=33.96,sleep=216.04,peak=0.00 | BME280:active=360.00,idle=0.00,sleep=0.00,peak=0.00",1,0.20565669691538147,NORMAL
407,3,Arduino Uno / ATmega328P + ESP32-S3 + SSD1306 OLED controller,3.3,30,12.888430429859705,17.111569570140293,0.0,0.0,0.0087531997796596,0.0,,0.0,"Arduino Uno / ATmega328P:active=30.00,idle=0.00,sleep=0.00,peak=0.00 | ESP32-S3:active=8.67,idle=0.00,sleep=21.33,peak=0.00 | SSD1306 OLED controller:active=0.00,idle=0.00,sleep=30.00,peak=0.00",1,0.2110136408884984,NORMAL
408,4,MPU6050 + HC-SR501 + DHT22 / AM2302 + ESP32-S3,3.3,1440,984.5270535844696,447.5990966530729,1.1417263832026268,42.10218716175187,0.0088252685000176,355.0,9209.208576630395,9058.627260354466,"MPU6050:active=323.75,idle=26.93,sleep=1089.32,peak=0.00 | HC-SR501:active=1440.00,idle=0.00,sleep=0.00,peak=0.00 | DHT22 / AM2302:active=1440.00,idle=0.00,sleep=0.00,peak=0.00 | ESP32-S3:active=734.35,idle=0.00,sleep=701.08,peak=4.57",-1,-0.05581863311704138,ANOMALY
409,3,HC-SR04 + ESP32 + Raspberry Pi Pico,4.15,720,342.19146312548554,282.1370738018472,0.0,20.13461898958969,1.1070611585066426,0.0,1534.1679855904522,1536.5802398244002,"HC-SR04:active=432.99,idle=287.01,sleep=0.00,peak=0.00 | ESP32:active=593.59,idle=0.00,sleep=126.41,peak=0.00 | Raspberry Pi Pico:active=0.00,idle=0.00,sleep=720.00,peak=0.00",1,0.06345094384594174,NORMAL
410,4,HC-SR04 + DHT22 / AM2302 + nRF24L01+ + BME280,3.3,360,300.43521052950695,17.652289939839275,0.0,0.0,0.0009,0.0,,0.0,"HC-SR04:active=327.00,idle=33.00,sleep=0.00,peak=0.00 | DHT22 / AM2302:active=360.00,idle=0.00,sleep=0.00,peak=0.00 | nRF24L01+:active=154.74,idle=134.65,sleep=70.61,peak=0.00 | BME280:active=360.00,idle=0.00,sleep=0.00,peak=0.00",1,0.19313822349621107,NORMAL
411,2,nRF24L01+ + Raspberry Pi Pico,3.3,720,60.80936447700037,632.2769722065975,0.0,11.3,0.7405695128210144,0.0,127.16996854224485,132.11585734362586,"nRF24L01+:active=121.62,idle=53.83,sleep=544.55,peak=0.00 | Raspberry Pi Pico:active=0.00,idle=0.00,sleep=720.00,peak=0.00",1,0.0893790226790736,NORMAL
412,3,Raspberry Pi Pico + HC-SR501 + DS18B20,5.0,60,30.83529898882596,24.40507187414302,0.0,42.51086715468023,1.065487696082383,0.0,334.21054312864607,329.90286490456924,"Raspberry Pi Pico:active=0.00,idle=0.00,sleep=60.00,peak=0.00 | HC-SR501:active=60.00,idle=0.00,sleep=0.00,peak=0.00 | DS18B20:active=32.51,idle=14.28,sleep=13.22,peak=0.00",1,0.02958165664193524,NORMAL
413,4,DS18B20 + ESP32-S3 + INA219 + DHT22 / AM2302,3.3,30,20.77910291518557,5.458030212691302,1.036526426503899,0.0,0.004787961045205,355.0,,0.0,"DS18B20:active=11.37,idle=10.91,sleep=7.73,peak=0.00 | ESP32-S3:active=11.75,idle=0.00,sleep=14.11,peak=4.15 | INA219:active=30.00,idle=0.00,sleep=0.00,peak=0.00 | DHT22 / AM2302:active=30.00,idle=0.00,sleep=0.00,peak=0.00",1,0.043780428431894114,NORMAL
414,2,ESP32-S3 + ESP32,3.3,720,537.7277380053995,180.39517116100927,1.877090833591156,60.97253811919937,0.0077235312690528,240.0,3656.2372100201424,3646.57734262462,"ESP32-S3:active=588.19,idle=0.00,sleep=131.81,peak=0.00 | ESP32:active=487.26,idle=0.00,sleep=228.99,peak=3.75",-1,-0.008947559940930438,ANOMALY
415,2,HC-05 + BMP280,3.3,360,241.4310209756194,30.360577640026804,0.0,14.43970593037232,0.0001,0.0,439.63023229953205,437.0402056987307,"HC-05:active=232.39,idle=127.61,sleep=0.00,peak=0.00 | BMP280:active=250.47,idle=48.81,sleep=60.72,peak=0.00",1,0.19903515743160444,NORMAL
416,2,DHT22 / AM2302 + nRF24L01+,3.3,120,101.283358801196,12.358017018919526,0.0,6.086902742469426,0.0008999999999999,0.0,67.83462409872597,70.48145445444419,"DHT22 / AM2302:active=120.00,idle=0.00,sleep=0.00,peak=0.00 | nRF24L01+:active=82.57,idle=12.72,sleep=24.72,peak=0.00",1,0.212974421951245,NORMAL
417,1,DS18B20,5.0,360,267.67543462658733,53.403506762825366,0.0,1.0,0.00075,0.0,22.31205650421812,21.598093305298597,"DS18B20:active=267.68,idle=38.92,sleep=53.40,peak=0.00",1,0.11502597391958314,NORMAL
418,2,BME280 + Raspberry Pi Pico,3.3,720,360.0,360.0,0.0,0.0,1.3,0.0,,0.0,"BME280:active=720.00,idle=0.00,sleep=0.00,peak=0.00 | Raspberry Pi Pico:active=0.00,idle=0.00,sleep=720.00,peak=0.00",1,0.08501286131651198,NORMAL
419,2,Raspberry Pi Pico + HC-SR501,3.3,1440,720.0,720.0,0.0,65.0,1.3,0.0,5250.96,5263.470299762904,"Raspberry Pi Pico:active=0.00,idle=0.00,sleep=1440.00,peak=0.00 | HC-SR501:active=1440.00,idle=0.00,sleep=0.00,peak=0.00",-1,-0.011571159478301007,ANOMALY
420,2,BME280 + BMP280,3.3,720,495.4319188409321,160.46482266939708,0.0,0.0,0.0001,0.0,,0.0,"BME280:active=720.00,idle=0.00,sleep=0.00,peak=0.00 | BMP280:active=270.86,idle=128.21,sleep=320.93,peak=0.00",1,0.1855427836596743,NORMAL
421,4,HC-SR04 + SSD1306 OLED controller + INA219 + Raspberry Pi Pico,3.3,30,12.695226677803404,15.0,0.0,0.0,0.6549999999999999,0.0,,0.0,"HC-SR04:active=20.78,idle=9.22,sleep=0.00,peak=0.00 | SSD1306 OLED controller:active=0.00,idle=0.00,sleep=30.00,peak=0.00 | INA219:active=30.00,idle=0.00,sleep=0.00,peak=0.00 | Raspberry Pi Pico:active=0.00,idle=0.00,sleep=30.00,peak=0.00",1,0.15689629770701496,NORMAL
422,4,DHT22 / AM2302 + HC-SR04 + Raspberry Pi Pico + HC-05,3.3,120,70.06738422938292,30.0,0.0,14.638103561227394,1.3,0.0,251.82557683490745,247.96528296453204,"DHT22 / AM2302:active=120.00,idle=0.00,sleep=0.00,peak=0.00 | HC-SR04:active=67.03,idle=52.97,sleep=0.00,peak=0.00 | Raspberry Pi Pico:active=0.00,idle=0.00,sleep=120.00,peak=0.00 | HC-05:active=93.24,idle=26.76,sleep=0.00,peak=0.00",1,0.11213387840115269,NORMAL
423,3,INA219 + HC-05 + Raspberry Pi Pico,3.3,60,30.35986297640203,20.0,0.0,0.0,1.3,0.0,,0.0,"INA219:active=60.00,idle=0.00,sleep=0.00,peak=0.00 | HC-05:active=31.08,idle=28.92,sleep=0.00,peak=0.00 | Raspberry Pi Pico:active=0.00,idle=0.00,sleep=60.00,peak=0.00",1,0.139623372756577,NORMAL
424,1,ESP32-S3,3.3,1440,931.5111171048064,508.4888828951937,0.0,91.70000000000002,0.007,0.0,4698.272087338005,4512.814122781343,"ESP32-S3:active=931.51,idle=0.00,sleep=508.49,peak=0.00",1,0.011837825960046122,NORMAL
425,1,DS18B20,5.0,720,393.149463853212,133.50991760227194,0.0,1.0,0.00075,0.0,32.78288347961017,32.50675129645938,"DS18B20:active=393.15,idle=193.34,sleep=133.51,peak=0.00",1,0.10256584995538931,NORMAL
426,2,nRF24L01+ + BME280,3.3,60,42.20217558004206,13.206319015228994,0.0,0.0,0.0009,0.0,,0.0,"nRF24L01+:active=24.40,idle=9.18,sleep=26.41,peak=0.00 | BME280:active=60.00,idle=0.00,sleep=0.00,peak=0.00",1,0.21878913670761901,NORMAL
427,2,SSD1306 OLED controller + Raspberry Pi Pico,3.3,60,0.0,60.0,0.0,0.0,0.6549999999999999,0.0,4.323,4.3577507193549945,"SSD1306 OLED controller:active=0.00,idle=0.00,sleep=60.00,peak=0.00 | Raspberry Pi Pico:active=0.00,idle=0.00,sleep=60.00,peak=0.00",1,0.1568368746860873,NORMAL
428,4,ESP32-S3 + MPU6050 + Arduino Uno / ATmega328P + DHT22 / AM2302,3.3,60,42.97872384265895,15.991487183165852,0.0,0.0,0.0093061676514653,0.0,,0.0,"ESP32-S3:active=45.21,idle=0.00,sleep=14.79,peak=0.00 | MPU6050:active=6.71,idle=4.12,sleep=49.17,peak=0.00 | Arduino Uno / ATmega328P:active=60.00,idle=0.00,sleep=0.00,peak=0.00 | DHT22 / AM2302:active=60.00,idle=0.00,sleep=0.00,peak=0.00",1,0.20907403543998787,NORMAL
429,3,BME280 + DHT22 / AM2302 + DS18B20,3.3,30,22.462916934286927,6.333720986456181,0.0,0.0,0.00075,0.0,,0.0,"BME280:active=30.00,idle=0.00,sleep=0.00,peak=0.00 | DHT22 / AM2302:active=30.00,idle=0.00,sleep=0.00,peak=0.00 | DS18B20:active=7.39,idle=3.61,sleep=19.00,peak=0.00",1,0.21553658653889063,NORMAL
430,4,MPU6050 + HC-SR501 + Raspberry Pi Pico + BME280,3.3,60,39.584778631850185,19.569404737610142,0.0,0.0,0.9987883795878332,0.0,,0.0,"MPU6050:active=38.34,idle=3.38,sleep=18.28,peak=0.00 | HC-SR501:active=60.00,idle=0.00,sleep=0.00,peak=0.00 | Raspberry Pi Pico:active=0.00,idle=0.00,sleep=60.00,peak=0.00 | BME280:active=60.00,idle=0.00,sleep=0.00,peak=0.00",1,0.1450750929709273,NORMAL
431,4,Raspberry Pi Pico + ESP32 + HC-05 + MPU6050,3.3,60,29.06799066480525,23.90751239389023,0.0,17.279172078860643,0.8188787734586196,0.0,126.70147972546776,129.68770905584913,"Raspberry Pi Pico:active=0.00,idle=0.00,sleep=60.00,peak=0.00 | ESP32:active=34.79,idle=0.00,sleep=25.21,peak=0.00 | HC-05:active=32.97,idle=27.03,sleep=0.00,peak=0.00 | MPU6050:active=48.51,idle=1.06,sleep=10.42,peak=0.00",1,0.14846064144088728,NORMAL
432,1,HC-SR04,5.0,720,416.4990332523295,0.0,0.0,15.0,0.0,0.0,571.207286023357,573.155196386978,"HC-SR04:active=416.50,idle=303.50,sleep=0.00,peak=0.00",1,0.10858117270906825,NORMAL
433,1,nRF24L01+,3.3,30,11.599512782151574,6.893038230224181,0.0,11.3,0.0009,0.0,7.225894051551902,7.103730129161172,"nRF24L01+:active=11.60,idle=11.51,sleep=6.89,peak=0.00",1,0.19242999594739918,NORMAL
434,2,SSD1306 OLED controller + Arduino Uno / ATmega328P,4.15,360,180.0,180.0,0.0,0.0,0.01,0.0,,0.0,"SSD1306 OLED controller:active=0.00,idle=0.00,sleep=360.00,peak=0.00 | Arduino Uno / ATmega328P:active=360.00,idle=0.00,sleep=0.00,peak=0.00",1,0.16537158563853072,NORMAL
435,1,SSD1306 OLED controller,3.3,60,0.0,60.0,0.0,0.0,0.01,0.0,0.033,0.0318612661870749,"SSD1306 OLED controller:active=0.00,idle=0.00,sleep=60.00,peak=0.00",1,0.19152255369310017,NORMAL
436,1,DHT22 / AM2302,3.3,120,119.0693062294788,0.0,0.9306937705211944,2.5,0.0,2.5,16.5,16.134095018270447,"DHT22 / AM2302:active=119.07,idle=0.00,sleep=0.00,peak=0.93",1,0.13914879016523152,NORMAL
437,1,ESP32-S3,3.3,1440,958.929030698008,481.0709693019919,0.0,91.7,0.007,0.0,4836.543778648585,4724.168293656537,"ESP32-S3:active=958.93,idle=0.00,sleep=481.07,peak=0.00",1,0.011832056852518646,NORMAL
438,1,ESP32-S3,3.3,1440,645.5242979417416,790.9010805437775,3.5746215144809543,91.7,0.007,355.00000000000006,3325.8007786554235,3281.563522906772,"ESP32-S3:active=645.52,idle=0.00,sleep=790.90,peak=3.57",-1,-0.11742870776050907,ANOMALY
439,1,ESP32-S3,3.3,30,4.318222177977429,22.66110679593721,3.020671026085356,91.7,0.007,355.0,80.76627986506216,79.70584105244524,"ESP32-S3:active=4.32,idle=0.00,sleep=22.66,peak=3.02",-1,-0.0819555237734052,ANOMALY
440,1,Raspberry Pi Pico,3.3,720,0.0,720.0,0.0,0.0,1.3,0.0,51.48,50.4339093813213,"Raspberry Pi Pico:active=0.00,idle=0.00,sleep=720.00,peak=0.00",1,0.032436619513601994,NORMAL
441,2,ESP32 + ESP32-S3,3.3,720,262.047277452127,456.6846371039709,1.2680854439020517,73.38780564904101,0.0077188609052292,240.0,2149.2834286269363,2114.3371966456707,"ESP32:active=141.51,idle=0.00,sleep=575.95,peak=2.54 | ESP32-S3:active=382.58,idle=0.00,sleep=337.42,peak=0.00",-1,-0.014591531466872532,ANOMALY
442,2,ESP32 + BME280,3.3,30,18.779162204150825,11.220837795849178,0.0,0.0,0.00814,0.0,,0.0,"ESP32:active=7.56,idle=0.00,sleep=22.44,peak=0.00 | BME280:active=30.00,idle=0.00,sleep=0.00,peak=0.00",1,0.20983026446966485,NORMAL
443,3,Raspberry Pi Pico + Arduino Uno / ATmega328P + DHT22 / AM2302,4.15,60,40.0,20.0,0.0,0.0,1.3,0.0,,0.0,"Raspberry Pi Pico:active=0.00,idle=0.00,sleep=60.00,peak=0.00 | Arduino Uno / ATmega328P:active=60.00,idle=0.00,sleep=0.00,peak=0.00 | DHT22 / AM2302:active=60.00,idle=0.00,sleep=0.00,peak=0.00",1,0.10014247383358371,NORMAL
444,3,HC-SR501 + HC-SR04 + Arduino Uno / ATmega328P,5.0,30,25.34102690223509,0.0,0.0,0.0,0.0,0.0,,0.0,"HC-SR501:active=30.00,idle=0.00,sleep=0.00,peak=0.00 | HC-SR04:active=16.02,idle=13.98,sleep=0.00,peak=0.00 | Arduino Uno / ATmega328P:active=30.00,idle=0.00,sleep=0.00,peak=0.00",1,0.13939575278270672,NORMAL
445,2,SSD1306 OLED controller + BME280,3.3,720,360.0,360.0,0.0,0.0,0.01,0.0,,0.0,"SSD1306 OLED controller:active=0.00,idle=0.00,sleep=720.00,peak=0.00 | BME280:active=720.00,idle=0.00,sleep=0.00,peak=0.00",1,0.18520986434514863,NORMAL
446,3,ESP32 + Arduino Uno / ATmega328P + ESP32-S3,3.3,30,18.094614077187057,11.31921527139584,0.5861706514171058,0.0,0.0075934671046252,240.0,,0.0,"ESP32:active=10.56,idle=0.00,sleep=17.68,peak=1.76 | Arduino Uno / ATmega328P:active=30.00,idle=0.00,sleep=0.00,peak=0.00 | ESP32-S3:active=13.72,idle=0.00,sleep=16.28,peak=0.00",1,0.07509089531664492,NORMAL
447,4,Arduino Uno / ATmega328P + DS18B20 + DHT22 / AM2302 + HC-SR501,5.0,30,23.853683186262916,5.316769611680169,0.0,0.0,0.00075,0.0,,0.0,"Arduino Uno / ATmega328P:active=30.00,idle=0.00,sleep=0.00,peak=0.00 | DS18B20:active=5.41,idle=3.32,sleep=21.27,peak=0.00 | DHT22 / AM2302:active=30.00,idle=0.00,sleep=0.00,peak=0.00 | HC-SR501:active=30.00,idle=0.00,sleep=0.00,peak=0.00",1,0.12020047647848653,NORMAL
448,2,nRF24L01+ + SSD1306 OLED controller,3.3,720,112.98948254831132,570.9853611760094,0.0,11.3,0.0066374500692149,0.0,140.96584630525584,148.49839402435168,"nRF24L01+:active=225.98,idle=72.05,sleep=421.97,peak=0.00 | SSD1306 OLED controller:active=0.00,idle=0.00,sleep=720.00,peak=0.00",1,0.14743440035926791,NORMAL
449,1,HC-SR04,5.0,120,110.144796764744,0.0,0.0,14.999999999999998,0.0,0.0,139.32352982847266,139.17983756004358,"HC-SR04:active=110.14,idle=9.86,sleep=0.00,peak=0.00",1,0.1347389501325913,NORMAL
450,1,BMP280,3.3,1440,765.4494865439791,527.6206694836883,0.0,0.00274,0.0001,0.0,0.1190632654461857,0.1198739444640505,"BMP280:active=765.45,idle=146.93,sleep=527.62,peak=0.00",1,0.12373504312618361,NORMAL
451,4,nRF24L01+ + SSD1306 OLED controller + BMP280 + DS18B20,3.3,1440,398.973794561576,843.9021357042822,0.0,2.177230016882717,0.0045981043082475,0.0,192.25006046658868,186.490095718583,"nRF24L01+:active=240.89,idle=189.05,sleep=1010.06,peak=0.00 | SSD1306 OLED controller:active=0.00,idle=0.00,sleep=1440.00,peak=0.00 | BMP280:active=604.09,idle=94.65,sleep=741.25,peak=0.00 | DS18B20:active=750.91,idle=504.79,sleep=184.30,peak=0.00",1,0.09629951876753606,NORMAL
452,3,BME280 + HC-05 + DHT22 / AM2302,3.3,30,29.603415504092755,0.0,0.0,0.0,0.0,0.0,,0.0,"BME280:active=30.00,idle=0.00,sleep=0.00,peak=0.00 | HC-05:active=28.81,idle=1.19,sleep=0.00,peak=0.00 | DHT22 / AM2302:active=30.00,idle=0.00,sleep=0.00,peak=0.00",1,0.21514186701561644,NORMAL
453,1,HC-SR04,5.0,1440,1275.78282627138,0.0,0.0,15.0,0.0,0.0,1622.0980617939952,1595.4361129656634,"HC-SR04:active=1275.78,idle=164.22,sleep=0.00,peak=0.00",1,0.0408057983246235,NORMAL
454,2,nRF24L01+ + INA219,3.3,1440,941.232214481554,391.8616145634112,2.399203047935317,0.0,0.0008999999999999,13.500000000000002,,0.0,"nRF24L01+:active=442.46,idle=209.01,sleep=783.72,peak=4.80 | INA219:active=1440.00,idle=0.00,sleep=0.00,peak=0.00",-1,-0.006190721962617274,ANOMALY
455,3,HC-SR04 + SSD1306 OLED controller + DS18B20,5.0,120,63.69269123924696,45.00829907558753,0.0,8.36863885288375,0.0089707061275214,0.0,136.59539593114022,139.38435379382287,"HC-SR04:active=100.57,idle=19.43,sleep=0.00,peak=0.00 | SSD1306 OLED controller:active=0.00,idle=0.00,sleep=120.00,peak=0.00 | DS18B20:active=90.51,idle=14.47,sleep=15.02,peak=0.00",1,0.12609823159356887,NORMAL
456,3,SSD1306 OLED controller + Raspberry Pi Pico + INA219,3.3,360,120.0,240.0,0.0,0.0,0.655,0.0,,0.0,"SSD1306 OLED controller:active=0.00,idle=0.00,sleep=360.00,peak=0.00 | Raspberry Pi Pico:active=0.00,idle=0.00,sleep=360.00,peak=0.00 | INA219:active=360.00,idle=0.00,sleep=0.00,peak=0.00",1,0.14968326233049595,NORMAL
457,2,DHT22 / AM2302 + DS18B20,4.15,720,399.2388180822144,296.9001595603131,0.0,2.352573886963063,0.00075,0.0,129.96131547399693,125.64268817328224,"DHT22 / AM2302:active=720.00,idle=0.00,sleep=0.00,peak=0.00 | DS18B20:active=78.48,idle=47.72,sleep=593.80,peak=0.00",1,0.15459548303254406,NORMAL
458,3,BMP280 + ESP32-S3 + nRF24L01+,3.3,1440,793.3653162248675,469.0284674041372,0.0425026066003297,50.92993250145754,0.0015070002363806,13.5,6667.244209152888,6783.222413922318,"BMP280:active=510.09,idle=509.49,sleep=420.41,peak=0.00 | ESP32-S3:active=1244.85,idle=0.00,sleep=195.15,peak=0.00 | nRF24L01+:active=625.15,idle=23.20,sleep=791.52,peak=0.13",1,0.04615557529812764,NORMAL
459,4,BME280 + nRF24L01+ + BMP280 + HC-SR04,3.3,120,93.95845527021842,8.57066209320524,0.0,0.0,0.0005937947327123,0.0,,0.0,"BME280:active=120.00,idle=0.00,sleep=0.00,peak=0.00 | nRF24L01+:active=94.61,idle=4.23,sleep=21.16,peak=0.00 | BMP280:active=83.68,idle=23.19,sleep=13.12,peak=0.00 | HC-SR04:active=77.54,idle=42.46,sleep=0.00,peak=0.00",1,0.2084704301114213,NORMAL
460,1,HC-SR501,3.3,360,360.0,0.0,0.0,65.0,0.0,0.0,1287.0,1309.454255022216,"HC-SR501:active=360.00,idle=0.00,sleep=0.00,peak=0.00",1,0.1278759487117207,NORMAL
461,4,INA219 + DHT22 / AM2302 + ESP32-S3 + nRF24L01+,3.3,30,21.619156356629688,6.400114061394062,0.3033425536937836,0.0,0.003472304446264,355.0,,0.0,"INA219:active=30.00,idle=0.00,sleep=0.00,peak=0.00 | DHT22 / AM2302:active=30.00,idle=0.00,sleep=0.00,peak=0.00 | ESP32-S3:active=17.99,idle=0.00,sleep=10.80,peak=1.21 | nRF24L01+:active=8.49,idle=6.71,sleep=14.81,peak=0.00",1,0.0547035621936236,NORMAL
462,4,BMP280 + HC-05 + MPU6050 + Raspberry Pi Pico,3.3,30,8.854367517926415,16.75256417099309,0.6287440665470022,18.768670604840825,0.5850712711772006,0.03685,42.61411612534948,40.98044784234328,"BMP280:active=6.56,idle=4.33,sleep=16.60,peak=2.51 | HC-05:active=21.16,idle=8.84,sleep=0.00,peak=0.00 | MPU6050:active=7.71,idle=1.88,sleep=20.41,peak=0.00 | Raspberry Pi Pico:active=0.00,idle=0.00,sleep=30.00,peak=0.00",1,0.10141329851248532,NORMAL
463,4,Arduino Uno / ATmega328P + DHT22 / AM2302 + ESP32 + SSD1306 OLED controller,3.3,360,215.98005395947007,144.01994604052993,0.0,0.0,0.0093023389995778,0.0,,0.0,"Arduino Uno / ATmega328P:active=360.00,idle=0.00,sleep=0.00,peak=0.00 | DHT22 / AM2302:active=360.00,idle=0.00,sleep=0.00,peak=0.00 | ESP32:active=143.92,idle=0.00,sleep=216.08,peak=0.00 | SSD1306 OLED controller:active=0.00,idle=0.00,sleep=360.00,peak=0.00",1,0.19216888737279353,NORMAL
464,3,SSD1306 OLED controller + Arduino Uno / ATmega328P + HC-SR501,4.15,60,40.0,20.0,0.0,0.0,0.01,0.0,,0.0,"SSD1306 OLED controller:active=0.00,idle=0.00,sleep=60.00,peak=0.00 | Arduino Uno / ATmega328P:active=60.00,idle=0.00,sleep=0.00,peak=0.00 | HC-SR501:active=60.00,idle=0.00,sleep=0.00,peak=0.00",1,0.17699959175134466,NORMAL
465,2,MPU6050 + DS18B20,4.15,120,48.40084244114271,59.51479060986302,0.0,1.813496051548397,0.0079261809272417,0.0,12.20882852869122,12.101053309345758,"MPU6050:active=27.15,idle=0.50,sleep=92.34,peak=0.00 | DS18B20:active=69.65,idle=23.67,sleep=26.69,peak=0.00",1,0.17288688247498624,NORMAL
466,2,HC-SR501 + ESP32,3.3,1440,852.695130549268,587.304869450732,0.0,58.60096759943836,0.00814,0.0,5497.089441706924,5604.391522673818,"HC-SR501:active=1440.00,idle=0.00,sleep=0.00,peak=0.00 | ESP32:active=265.39,idle=0.00,sleep=1174.61,peak=0.00",1,0.08299042796384093,NORMAL
467,1,SSD1306 OLED controller,3.3,120,0.0,120.0,0.0,0.0,0.01,0.0,0.066,0.0669292998981045,"SSD1306 OLED controller:active=0.00,idle=0.00,sleep=120.00,peak=0.00",1,0.18443504334169475,NORMAL
468,4,BMP280 + HC-SR501 + INA219 + BME280,3.3,120,105.5438736293765,6.11145753361741,0.0,0.0,0.0001,0.0,,0.0,"BMP280:active=62.18,idle=33.38,sleep=24.45,peak=0.00 | HC-SR501:active=120.00,idle=0.00,sleep=0.00,peak=0.00 | INA219:active=120.00,idle=0.00,sleep=0.00,peak=0.00 | BME280:active=120.00,idle=0.00,sleep=0.00,peak=0.00",1,0.20520275521738773,NORMAL
469,3,ESP32 + Arduino Uno / ATmega328P + nRF24L01+,3.3,1440,810.9556689778697,516.3386043734448,2.5439664176681087,0.0,0.0048343932069037,116.17973777114678,,0.0,"ESP32:active=594.77,idle=0.00,sleep=841.77,peak=3.46 | Arduino Uno / ATmega328P:active=1440.00,idle=0.00,sleep=0.00,peak=0.00 | nRF24L01+:active=398.10,idle=330.49,sleep=707.24,peak=4.17",-1,-0.019388334863013612,ANOMALY
470,1,SSD1306 OLED controller,3.3,720,0.0,720.0,0.0,0.0,0.01,0.0,0.396,0.3961504101981896,"SSD1306 OLED controller:active=0.00,idle=0.00,sleep=720.00,peak=0.00",1,0.1297644497890389,NORMAL
471,4,DS18B20 + BMP280 + nRF24L01+ + ESP32-S3,3.3,360,198.64411052229087,88.94182196822918,0.3743906128433073,35.02229942131748,0.0020739057067271,1.5000000000000002,1530.8114738849808,1547.3229458362482,"DS18B20:active=179.57,idle=80.68,sleep=98.25,peak=1.50 | BMP280:active=177.36,idle=131.17,sleep=51.47,peak=0.00 | nRF24L01+:active=155.28,idle=76.31,sleep=128.41,peak=0.00 | ESP32-S3:active=282.37,idle=0.00,sleep=77.63,peak=0.00",1,0.12103914808704169,NORMAL
472,3,HC-SR501 + ESP32-S3 + INA219,3.3,1440,1189.4898765278476,250.5101234721523,0.0,0.0,0.007,0.0,,0.0,"HC-SR501:active=1440.00,idle=0.00,sleep=0.00,peak=0.00 | ESP32-S3:active=688.47,idle=0.00,sleep=751.53,peak=0.00 | INA219:active=1440.00,idle=0.00,sleep=0.00,peak=0.00",1,0.12380975045245268,NORMAL
473,4,Arduino Uno / ATmega328P + MPU6050 + BME280 + nRF24L01+,3.3,1440,1185.1029773121172,230.32056827258776,0.0,0.0,0.0057609916742838,0.0,,0.0,"Arduino Uno / ATmega328P:active=1440.00,idle=0.00,sleep=0.00,peak=0.00 | MPU6050:active=944.52,idle=3.36,sleep=492.13,peak=0.00 | BME280:active=1440.00,idle=0.00,sleep=0.00,peak=0.00 | nRF24L01+:active=915.90,idle=94.95,sleep=429.16,peak=0.00",1,0.1123813933610242,NORMAL
474,2,MPU6050 + SSD1306 OLED controller,3.3,1440,307.90632475833866,973.802236102581,0.0,3.9,0.01,0.0,133.2500560725666,132.57004325998022,"MPU6050:active=615.81,idle=316.58,sleep=507.60,peak=0.00 | SSD1306 OLED controller:active=0.00,idle=0.00,sleep=1440.00,peak=0.00",1,0.09387676017718682,NORMAL
475,4,SSD1306 OLED controller + DS18B20 + ESP32 + INA219,3.3,30,11.966595605596034,16.377607353159178,0.9898091122388424,0.0,0.0062736763550677,240.00000000000003,,0.0,"SSD1306 OLED controller:active=0.00,idle=0.00,sleep=30.00,peak=0.00 | DS18B20:active=3.24,idle=2.66,sleep=24.10,peak=0.00 | ESP32:active=14.63,idle=0.00,sleep=11.42,peak=3.96 | INA219:active=30.00,idle=0.00,sleep=0.00,peak=0.00",1,0.06446939325766765,NORMAL
476,1,MPU6050,3.3,30,12.80861835533698,9.484484277012696,0.0,3.9,0.01,0.0,2.7547845003482427,2.7272025981649906,"MPU6050:active=12.81,idle=7.71,sleep=9.48,peak=0.00",1,0.18945233732272815,NORMAL
477,1,DS18B20,5.0,120,16.381438421004166,99.00875672778294,0.0,1.0,0.00075,0.0,1.3715960285157012,1.3428722916018023,"DS18B20:active=16.38,idle=4.61,sleep=99.01,peak=0.00",1,0.1117509598075278,NORMAL
478,2,HC-SR501 + nRF24L01+,3.3,120,80.26551139237618,25.455094024540102,0.0,51.44177377191711,0.0009,0.0,454.2333897835397,449.74247555800144,"HC-SR501:active=120.00,idle=0.00,sleep=0.00,peak=0.00 | nRF24L01+:active=40.53,idle=28.56,sleep=50.91,peak=0.00",1,0.1791117816542806,NORMAL
479,1,INA219,3.3,60,60.0,0.0,0.0,0.0,0.0,0.0,,0.0,"INA219:active=60.00,idle=0.00,sleep=0.00,peak=0.00",1,0.20809052361625596,NORMAL
480,3,DHT22 / AM2302 + DS18B20 + ESP32-S3,3.3,360,212.69024307038575,129.72914913651758,0.0,28.774516063278632,0.0034890581458746,0.0,1009.8865645657552,978.6671278209756,"DHT22 / AM2302:active=360.00,idle=0.00,sleep=0.00,peak=0.00 | DS18B20:active=88.63,idle=52.74,sleep=218.63,peak=0.00 | ESP32-S3:active=189.44,idle=0.00,sleep=170.56,peak=0.00",1,0.1828414216332399,NORMAL
481,4,HC-SR04 + ESP32 + SSD1306 OLED controller + nRF24L01+,3.3,360,154.7465565655444,172.9722339995027,0.0,17.11393976425306,0.0071192129120271,0.0,597.0998342593327,595.7225041336575,"HC-SR04:active=230.93,idle=129.07,sleep=0.00,peak=0.00 | ESP32:active=218.15,idle=0.00,sleep=141.85,peak=0.00 | SSD1306 OLED controller:active=0.00,idle=0.00,sleep=360.00,peak=0.00 | nRF24L01+:active=169.91,idle=0.05,sleep=190.04,peak=0.00",1,0.17438416179273547,NORMAL
482,4,HC-SR501 + nRF24L01+ + DS18B20 + ESP32,3.3,720,319.5272018517033,326.8869088307969,0.0,43.43948575052239,0.0034877891045217,0.0,3054.215919247395,2976.073562315832,"HC-SR501:active=720.00,idle=0.00,sleep=0.00,peak=0.00 | nRF24L01+:active=259.11,idle=238.73,sleep=222.16,peak=0.00 | DS18B20:active=58.90,idle=55.61,sleep=605.49,peak=0.00 | ESP32:active=240.10,idle=0.00,sleep=479.90,peak=0.00",1,0.13759211143639544,NORMAL
483,4,Raspberry Pi Pico + HC-SR04 + ESP32 + SSD1306 OLED controller,3.3,360,124.67572686664668,218.1819574711648,0.0,18.690728173160984,0.5417991593069201,0.0,546.2106216850688,542.6174311478815,"Raspberry Pi Pico:active=0.00,idle=0.00,sleep=360.00,peak=0.00 | HC-SR04:active=291.43,idle=68.57,sleep=0.00,peak=0.00 | ESP32:active=207.27,idle=0.00,sleep=152.73,peak=0.00 | SSD1306 OLED controller:active=0.00,idle=0.00,sleep=360.00,peak=0.00",1,0.1392106711081103,NORMAL
484,4,INA219 + HC-SR04 + DHT22 / AM2302 + HC-05,3.3,30,25.58024494502419,0.0,0.0,0.0,0.0,0.0,,0.0,"INA219:active=30.00,idle=0.00,sleep=0.00,peak=0.00 | HC-SR04:active=22.90,idle=7.10,sleep=0.00,peak=0.00 | DHT22 / AM2302:active=30.00,idle=0.00,sleep=0.00,peak=0.00 | HC-05:active=19.42,idle=10.58,sleep=0.00,peak=0.00",1,0.20090161662568234,NORMAL
485,3,DS18B20 + Raspberry Pi Pico + HC-SR501,5.0,60,25.480607983670392,30.16147137223466,0.0,51.23428015612132,0.8622795878410182,0.0,332.87287438192067,324.1181240167959,"DS18B20:active=16.44,idle=13.07,sleep=30.48,peak=0.00 | Raspberry Pi Pico:active=0.00,idle=0.00,sleep=60.00,peak=0.00 | HC-SR501:active=60.00,idle=0.00,sleep=0.00,peak=0.00",1,0.03118809186333582,NORMAL
486,2,HC-SR04 + DS18B20,5.0,120,40.6300858635172,43.27302507858781,2.1299125890039767,11.361480780449488,0.00075,1.5,87.45119491379835,84.74842837906401,"HC-SR04:active=60.14,idle=59.86,sleep=0.00,peak=0.00 | DS18B20:active=21.12,idle=8.08,sleep=86.55,peak=4.26",1,0.022056126123704445,NORMAL
487,1,HC-SR04,5.0,60,36.02677654680181,0.0,0.0,15.0,0.0,0.0,49.02900792570196,47.7453352917214,"HC-SR04:active=36.03,idle=23.97,sleep=0.00,peak=0.00",1,0.1366997163299573,NORMAL
488,2,HC-SR04 + INA219,4.15,360,313.7112600196785,0.0,0.0,0.0,0.0,0.0,,0.0,"HC-SR04:active=267.42,idle=92.58,sleep=0.00,peak=0.00 | INA219:active=360.00,idle=0.00,sleep=0.00,peak=0.00",1,0.16854243660443868,NORMAL
489,3,ESP32-S3 + BMP280 + INA219,3.3,60,29.69624761527408,29.469023668037007,0.0,0.0,0.0035913237748221,0.0,,0.0,"ESP32-S3:active=15.27,idle=0.00,sleep=44.73,peak=0.00 | BMP280:active=13.82,idle=2.50,sleep=43.67,peak=0.00 | INA219:active=60.00,idle=0.00,sleep=0.00,peak=0.00",1,0.21862085951342597,NORMAL
490,4,Arduino Uno / ATmega328P + nRF24L01+ + ESP32-S3 + DHT22 / AM2302,3.3,60,46.39606735494045,13.055439156322684,0.0,0.0,0.0019883196323507,0.0,,0.0,"Arduino Uno / ATmega328P:active=60.00,idle=0.00,sleep=0.00,peak=0.00 | nRF24L01+:active=14.90,idle=2.19,sleep=42.90,peak=0.00 | ESP32-S3:active=50.68,idle=0.00,sleep=9.32,peak=0.00 | DHT22 / AM2302:active=60.00,idle=0.00,sleep=0.00,peak=0.00",1,0.21078831384415558,NORMAL
491,3,MPU6050 + HC-05 + HC-SR501,3.3,1440,993.8340322727933,188.5607437429056,0.0,41.10349991930328,0.01,0.0,6987.529222709964,7050.097659834678,"MPU6050:active=662.64,idle=211.68,sleep=565.68,peak=0.00 | HC-05:active=878.86,idle=561.14,sleep=0.00,peak=0.00 | HC-SR501:active=1440.00,idle=0.00,sleep=0.00,peak=0.00",1,0.09810299703780762,NORMAL
492,4,HC-05 + DHT22 / AM2302 + ESP32 + MPU6050,3.3,30,17.70992994336879,11.81696691228462,0.0,16.127523850265217,0.0091002943408462,0.0,63.152827627790224,63.71673314613472,"HC-05:active=29.33,idle=0.67,sleep=0.00,peak=0.00 | DHT22 / AM2302:active=30.00,idle=0.00,sleep=0.00,peak=0.00 | ESP32:active=7.14,idle=0.00,sleep=22.86,peak=0.00 | MPU6050:active=4.37,idle=1.23,sleep=24.40,peak=0.00",1,0.19038478261593722,NORMAL
493,2,ESP32-S3 + ESP32,3.3,1440,1185.9390436484173,253.4447667188741,0.616189632708567,60.813393176551614,0.0078064190470598,240.0,7949.792548799106,8199.130867356042,"ESP32-S3:active=1291.68,idle=0.00,sleep=148.32,peak=0.00 | ESP32:active=1080.20,idle=0.00,sleep=358.57,peak=1.23",-1,-0.03383196984519554,ANOMALY
494,1,MPU6050,3.3,360,163.1305573137118,124.42826114455028,0.0,3.9,0.01,0.0,35.079861412344655,35.001167530917705,"MPU6050:active=163.13,idle=72.44,sleep=124.43,peak=0.00",1,0.17887054123821589,NORMAL
495,4,DS18B20 + HC-SR04 + BMP280 + SSD1306 OLED controller,4.15,1440,516.5726410930454,780.3688378929058,0.0,8.357510852956551,0.0048368983978814,0.0,1240.4034003593215,1250.4393850213833,"DS18B20:active=537.80,idle=86.65,sleep=815.56,peak=0.00 | HC-SR04:active=1115.34,idle=324.66,sleep=0.00,peak=0.00 | BMP280:active=413.15,idle=160.93,sleep=865.92,peak=0.00 | SSD1306 OLED controller:active=0.00,idle=0.00,sleep=1440.00,peak=0.00",1,0.04877828847482013,NORMAL
496,2,DS18B20 + SSD1306 OLED controller,4.15,60,9.852734845926884,45.14930885711321,2.4128552926434974,1.0,0.0068962734873355,1.5,1.9069690719332015,1.8617859324240364,"DS18B20:active=19.71,idle=5.17,sleep=30.30,peak=4.83 | SSD1306 OLED controller:active=0.00,idle=0.00,sleep=60.00,peak=0.00",1,0.049596729342746726,NORMAL
497,3,Arduino Uno / ATmega328P + ESP32-S3 + HC-05,3.3,360,296.3311033386173,14.718895341786345,0.0,0.0,0.007,0.0,,0.0,"Arduino Uno / ATmega328P:active=360.00,idle=0.00,sleep=0.00,peak=0.00 | ESP32-S3:active=315.84,idle=0.00,sleep=44.16,peak=0.00 | HC-05:active=213.15,idle=146.85,sleep=0.00,peak=0.00",1,0.20405688737671562,NORMAL
498,3,ESP32 + MPU6050 + HC-05,3.3,120,73.08872210441166,41.187381979328485,0.0,24.497803921421028,0.0094846389755746,0.0,301.04946989902965,304.0034088572927,"ESP32:active=85.76,idle=0.00,sleep=34.24,peak=0.00 | MPU6050:active=26.11,idle=4.56,sleep=89.33,peak=0.00 | HC-05:active=107.39,idle=12.61,sleep=0.00,peak=0.00",1,0.2036908953308384,NORMAL
499,3,HC-05 + Raspberry Pi Pico + DHT22 / AM2302,3.3,360,214.6223691516311,120.0,0.3544578446000511,14.669573715548124,1.3,2.5,578.405881996319,582.3348979090914,"HC-05:active=284.93,idle=75.07,sleep=0.00,peak=0.00 | Raspberry Pi Pico:active=0.00,idle=0.00,sleep=360.00,peak=0.00 | DHT22 / AM2302:active=358.94,idle=0.00,sleep=0.00,peak=1.06",1,0.06448882685355295,NORMAL
500,1,HC-SR04,5.0,1440,950.7954000269224,0.0,0.0,15.0,0.0,0.0,1270.028350029166,1236.053981831472,"HC-SR04:active=950.80,idle=489.20,sleep=0.00,peak=0.00",1,0.05655022330879378,NORMAL
501,2,BME280 + MPU6050,3.3,120,86.2761428326712,23.09992775312512,0.0,0.0,0.01,0.0,,0.0,"BME280:active=120.00,idle=0.00,sleep=0.00,peak=0.00 | MPU6050:active=52.55,idle=21.25,sleep=46.20,peak=0.00",1,0.21142415270046594,NORMAL
502,1,SSD1306 OLED controller,3.3,360,0.0,360.0,0.0,0.0,0.01,0.0,0.198,0.1948333566077013,"SSD1306 OLED controller:active=0.00,idle=0.00,sleep=360.00,peak=0.00",1,0.16413059891875242,NORMAL
503,4,DS18B20 + MPU6050 + SSD1306 OLED controller + HC-05,3.3,60,28.222695026304844,25.19252870036768,0.92232147670051,14.479290061567704,0.0088201772367853,1.5,94.85002707020855,92.21410051875704,"DS18B20:active=34.21,idle=9.25,sleep=12.85,peak=3.69 | MPU6050:active=29.12,idle=2.96,sleep=27.92,peak=0.00 | SSD1306 OLED controller:active=0.00,idle=0.00,sleep=60.00,peak=0.00 | HC-05:active=49.56,idle=10.44,sleep=0.00,peak=0.00",1,0.13967618524198067,NORMAL
504,2,DS18B20 + HC-SR501,5.0,120,95.41736572970734,9.897688402635852,1.5006832034777045,41.24424663826629,0.00075,1.5,656.2809503330374,655.7702320408976,"DS18B20:active=70.83,idle=26.37,sleep=19.80,peak=3.00 | HC-SR501:active=120.00,idle=0.00,sleep=0.00,peak=0.00",1,0.018018753053583247,NORMAL
505,4,DHT22 / AM2302 + HC-SR501 + Arduino Uno / ATmega328P + MPU6050,3.3,30,26.333756486432087,2.122853130711696,0.0,0.0,0.01,0.0,,0.0,"DHT22 / AM2302:active=30.00,idle=0.00,sleep=0.00,peak=0.00 | HC-SR501:active=30.00,idle=0.00,sleep=0.00,peak=0.00 | Arduino Uno / ATmega328P:active=30.00,idle=0.00,sleep=0.00,peak=0.00 | MPU6050:active=15.34,idle=6.17,sleep=8.49,peak=0.00",1,0.19800402043835086,NORMAL
506,2,ESP32 + HC-SR04,4.15,30,17.66868844911786,9.038548209171417,0.0,17.996130247867992,0.00814,0.0,44.90675147621515,44.11331639756987,"ESP32:active=11.92,idle=0.00,sleep=18.08,peak=0.00 | HC-SR04:active=23.41,idle=6.59,sleep=0.00,peak=0.00",1,0.15799754016171097,NORMAL
507,3,nRF24L01+ + Raspberry Pi Pico + BME280,3.3,360,141.0058659717594,206.9129722618501,0.0,0.0,0.7543182042618256,0.0,,0.0,"nRF24L01+:active=63.02,idle=36.24,sleep=260.74,peak=0.00 | Raspberry Pi Pico:active=0.00,idle=0.00,sleep=360.00,peak=0.00 | BME280:active=360.00,idle=0.00,sleep=0.00,peak=0.00",1,0.15182804906067543,NORMAL
508,4,HC-SR04 + DS18B20 + BMP280 + Raspberry Pi Pico,5.0,1440,420.7975028400358,839.4230029346238,0.0,10.198974879053344,0.5577779348330313,0.0,1638.4160922840028,1629.437841948792,"HC-SR04:active=1129.42,idle=310.58,sleep=0.00,peak=0.00 | DS18B20:active=224.59,idle=208.10,sleep=1007.30,peak=0.00 | BMP280:active=329.17,idle=200.44,sleep=910.39,peak=0.00 | Raspberry Pi Pico:active=0.00,idle=0.00,sleep=1440.00,peak=0.00",-1,-0.03292921740499932,ANOMALY
509,2,HC-SR501 + DS18B20,5.0,1440,1045.3775410827866,209.7094298598505,0.0,45.079768494233214,0.0007499999999999,0.0,7854.278917987829,7894.601921831781,"HC-SR501:active=1440.00,idle=0.00,sleep=0.00,peak=0.00 | DS18B20:active=650.76,idle=369.83,sleep=419.42,peak=0.00",1,0.01688882016777815,NORMAL
510,1,nRF24L01+,3.3,120,52.02575297512679,29.00643457977181,0.0,11.3,0.0009,0.0,32.391165264349496,32.24031914379705,"nRF24L01+:active=52.03,idle=38.97,sleep=29.01,peak=0.00",1,0.19710884248912397,NORMAL
511,1,ESP32-S3,3.3,30,7.281118108105218,22.71888189189478,0.0,91.7,0.0069999999999999,0.0,36.731065947757045,37.026707504779566,"ESP32-S3:active=7.28,idle=0.00,sleep=22.72,peak=0.00",1,0.09018252244421149,NORMAL
512,3,SSD1306 OLED controller + Raspberry Pi Pico + HC-SR04,4.15,360,92.12384476841784,240.0,0.0,15.0,0.655,0.0,330.9230712628071,319.4441059975256,"SSD1306 OLED controller:active=0.00,idle=0.00,sleep=360.00,peak=0.00 | Raspberry Pi Pico:active=0.00,idle=0.00,sleep=360.00,peak=0.00 | HC-SR04:active=276.37,idle=83.63,sleep=0.00,peak=0.00",1,0.10224148726691112,NORMAL
513,2,DHT22 / AM2302 + Arduino Uno / ATmega328P,4.15,30,30.0,0.0,0.0,0.0,0.0,0.0,,0.0,"DHT22 / AM2302:active=30.00,idle=0.00,sleep=0.00,peak=0.00 | Arduino Uno / ATmega328P:active=30.00,idle=0.00,sleep=0.00,peak=0.00",1,0.17586018091408756,NORMAL
514,4,INA219 + ESP32-S3 + MPU6050 + DHT22 / AM2302,3.3,30,22.11439669522464,6.278659864169473,0.0,0.0,0.008264067390984,0.0,,0.0,"INA219:active=30.00,idle=0.00,sleep=0.00,peak=0.00 | ESP32-S3:active=15.47,idle=0.00,sleep=14.53,peak=0.00 | MPU6050:active=12.99,idle=6.43,sleep=10.58,peak=0.00 | DHT22 / AM2302:active=30.00,idle=0.00,sleep=0.00,peak=0.00",1,0.20083865266741752,NORMAL
515,2,INA219 + BMP280,3.3,360,241.97484382946828,84.32597691448647,0.0,0.0,0.0001,0.0,,0.0,"INA219:active=360.00,idle=0.00,sleep=0.00,peak=0.00 | BMP280:active=123.95,idle=67.40,sleep=168.65,peak=0.00",1,0.20352971317678137,NORMAL
516,4,SSD1306 OLED controller + BME280 + DS18B20 + ESP32-S3,3.3,1440,747.1980039725424,608.2272644296104,0.0,0.0,0.0069496588185351,0.0,,0.0,"SSD1306 OLED controller:active=0.00,idle=0.00,sleep=1440.00,peak=0.00 | BME280:active=1440.00,idle=0.00,sleep=0.00,peak=0.00 | DS18B20:active=390.90,idle=338.30,sleep=710.80,peak=0.00 | ESP32-S3:active=1157.89,idle=0.00,sleep=282.11,peak=0.00",1,0.1182741167916867,NORMAL
517,3,ESP32 + DS18B20 + Arduino Uno / ATmega328P,5.0,30,17.307145383941084,11.084309941351854,0.0,0.0,0.00422853068275,0.0,,0.0,"ESP32:active=14.35,idle=0.00,sleep=15.65,peak=0.00 | DS18B20:active=7.57,idle=4.83,sleep=17.60,peak=0.00 | Arduino Uno / ATmega328P:active=30.00,idle=0.00,sleep=0.00,peak=0.00",1,0.13195948921644746,NORMAL
518,1,ESP32,3.3,60,39.25477163103331,19.71207923870476,1.0331491302619344,23.88,0.00814,240.0,65.20361067753184,66.20663456296863,"ESP32:active=39.25,idle=0.00,sleep=19.71,peak=1.03",1,0.059583615056675754,NORMAL
519,2,BME280 + ESP32,3.3,120,71.8942362270881,48.10576377291191,0.0,0.0,0.00814,0.0,,0.0,"BME280:active=120.00,idle=0.00,sleep=0.00,peak=0.00 | ESP32:active=23.79,idle=0.00,sleep=96.21,peak=0.00",1,0.21411496380560485,NORMAL
520,3,BME280 + HC-SR04 + SSD1306 OLED controller,3.3,360,236.3042963451492,120.0,0.0,0.0,0.01,0.0,,0.0,"BME280:active=360.00,idle=0.00,sleep=0.00,peak=0.00 | HC-SR04:active=348.91,idle=11.09,sleep=0.00,peak=0.00 | SSD1306 OLED controller:active=0.00,idle=0.00,sleep=360.00,peak=0.00",1,0.20179292555117895,NORMAL
521,4,MPU6050 + ESP32-S3 + Raspberry Pi Pico + Arduino Uno / ATmega328P,3.3,360,161.99919633462733,186.6998856103512,0.9036674983649016,0.0,0.6311252875890205,355.0,,0.0,"MPU6050:active=112.92,idle=41.59,sleep=205.49,peak=0.00 | ESP32-S3:active=175.08,idle=0.00,sleep=181.31,peak=3.61 | Raspberry Pi Pico:active=0.00,idle=0.00,sleep=360.00,peak=0.00 | Arduino Uno / ATmega328P:active=360.00,idle=0.00,sleep=0.00,peak=0.00",-1,-0.005287552480563784,ANOMALY
522,4,BME280 + DS18B20 + SSD1306 OLED controller + HC-SR501,3.3,360,222.11198814809651,130.7373034412036,0.0,0.0,0.0071177311531394,0.0,,0.0,"BME280:active=360.00,idle=0.00,sleep=0.00,peak=0.00 | DS18B20:active=168.45,idle=28.60,sleep=162.95,peak=0.00 | SSD1306 OLED controller:active=0.00,idle=0.00,sleep=360.00,peak=0.00 | HC-SR501:active=360.00,idle=0.00,sleep=0.00,peak=0.00",1,0.19444590109846094,NORMAL
523,4,ESP32 + nRF24L01+ + BMP280 + DS18B20,3.3,1440,704.8796976490194,584.218418407038,0.0,7.600835687427576,0.0032157945727043,0.0,1179.5012418354215,1177.9668128004644,"ESP32:active=639.22,idle=0.00,sleep=800.78,peak=0.00 | nRF24L01+:active=473.47,idle=273.52,sleep=693.01,peak=0.00 | BMP280:active=893.39,idle=147.44,sleep=399.17,peak=0.00 | DS18B20:active=813.43,idle=182.65,sleep=443.91,peak=0.00",1,0.11252283386906942,NORMAL
524,3,HC-SR501 + Arduino Uno / ATmega328P + MPU6050,4.15,720,568.7797645248879,102.75654421887084,0.0,0.0,0.01,0.0,,0.0,"HC-SR501:active=720.00,idle=0.00,sleep=0.00,peak=0.00 | Arduino Uno / ATmega328P:active=720.00,idle=0.00,sleep=0.00,peak=0.00 | MPU6050:active=266.34,idle=145.39,sleep=308.27,peak=0.00",1,0.13952244698105914,NORMAL
525,1,HC-SR04,5.0,720,476.6724029463967,0.0,0.0,15.0,0.0,0.0,636.3951031919297,650.2745238985004,"HC-SR04:active=476.67,idle=243.33,sleep=0.00,peak=0.00",1,0.10259692732783365,NORMAL
526,1,Arduino Uno / ATmega328P,5.0,1440,1440.0,0.0,0.0,0.0,0.0,0.0,,0.0,"Arduino Uno / ATmega328P:active=1440.00,idle=0.00,sleep=0.00,peak=0.00",1,0.03595125313074754,NORMAL
527,2,ESP32 + HC-SR04,4.15,30,22.80276193996028,5.669567941938371,0.0,18.633517592901363,0.00814,0.0,59.20627328737008,60.80683362255014,"ESP32:active=18.66,idle=0.00,sleep=11.34,peak=0.00 | HC-SR04:active=26.94,idle=3.06,sleep=0.00,peak=0.00",1,0.1575938763913443,NORMAL
528,3,HC-05 + ESP32-S3 + HC-SR501,3.3,120,115.36200811563884,4.59939772689438,0.0,61.06930278690884,0.007,0.0,1162.4940282059947,1151.406531627534,"HC-05:active=119.88,idle=0.12,sleep=0.00,peak=0.00 | ESP32-S3:active=106.20,idle=0.00,sleep=13.80,peak=0.00 | HC-SR501:active=120.00,idle=0.00,sleep=0.00,peak=0.00",1,0.1555994633687312,NORMAL
529,2,HC-05 + HC-SR04,4.15,120,76.85796618347655,0.0,0.0,23.99540339962352,0.0,0.0,278.5998205744366,282.0548976628387,"HC-05:active=92.18,idle=27.82,sleep=0.00,peak=0.00 | HC-SR04:active=61.53,idle=58.47,sleep=0.00,peak=0.00",1,0.16291632211533347,NORMAL
530,3,HC-SR04 + INA219 + ESP32-S3,3.3,1440,1144.57796943156,233.17112331941007,1.1055254656211668,0.0,0.007,355.0,,0.0,"HC-SR04:active=1256.56,idle=183.44,sleep=0.00,peak=0.00 | INA219:active=1440.00,idle=0.00,sleep=0.00,peak=0.00 | ESP32-S3:active=737.17,idle=0.00,sleep=699.51,peak=3.32",-1,-0.031012862543536523,ANOMALY
531,4,BME280 + HC-SR501 + nRF24L01+ + SSD1306 OLED controller,3.3,1440,889.709252055317,434.7045189565754,0.0,0.0,0.0084361535414064,0.0,,0.0,"BME280:active=1440.00,idle=0.00,sleep=0.00,peak=0.00 | HC-SR501:active=1440.00,idle=0.00,sleep=0.00,peak=0.00 | nRF24L01+:active=678.84,idle=462.34,sleep=298.82,peak=0.00 | SSD1306 OLED controller:active=0.00,idle=0.00,sleep=1440.00,peak=0.00",1,0.1192005929418708,NORMAL
532,1,ESP32-S3,3.3,120,34.83851870738151,85.16148129261849,0.0,91.7,0.0069999999999999,0.0,175.7408562709763,175.52010212487846,"ESP32-S3:active=34.84,idle=0.00,sleep=85.16,peak=0.00",1,0.08551859612542079,NORMAL
533,3,SSD1306 OLED controller + DS18B20 + HC-SR04,5.0,30,12.517738715370736,13.969345092805264,0.0,9.28351520806654,0.0073716418440146,0.0,30.374825395544025,30.893773127762728,"SSD1306 OLED controller:active=0.00,idle=0.00,sleep=30.00,peak=0.00 | DS18B20:active=15.33,idle=2.76,sleep=11.91,peak=0.00 | HC-SR04:active=22.22,idle=7.78,sleep=0.00,peak=0.00",1,0.11486126266051189,NORMAL
534,2,MPU6050 + DS18B20,4.15,120,36.21622553302011,63.33513202756983,0.0,3.005170079545472,0.0030579571805884,0.0,15.095810806149194,15.527882851120674,"MPU6050:active=50.08,idle=38.31,sleep=31.61,peak=0.00 | DS18B20:active=22.35,idle=2.59,sleep=95.06,peak=0.00",1,0.17505586286854874,NORMAL
535,1,HC-SR501,3.3,720,720.0,0.0,0.0,65.0,0.0,0.0,2574.0,2566.8933365645066,"HC-SR501:active=720.00,idle=0.00,sleep=0.00,peak=0.00",1,0.11107812936405026,NORMAL
536,4,DS18B20 + ESP32-S3 + nRF24L01+ + HC-SR04,4.15,360,223.920452535974,90.7092532282415,0.7126649207104463,26.963284733778384,0.0037203968953779,3.037355199599519,1686.2993460191642,1674.5502454312696,"DS18B20:active=208.07,idle=43.02,sleep=106.42,peak=2.49 | ESP32-S3:active=189.62,idle=0.00,sleep=170.38,peak=0.00 | nRF24L01+:active=247.48,idle=26.11,sleep=86.04,peak=0.37 | HC-SR04:active=250.51,idle=109.49,sleep=0.00,peak=0.00",1,0.06739571719984006,NORMAL
537,1,INA219,3.3,60,60.0,0.0,0.0,0.0,0.0,0.0,,0.0,"INA219:active=60.00,idle=0.00,sleep=0.00,peak=0.00",1,0.20809052361625596,NORMAL
538,1,INA219,3.3,1440,1440.0,0.0,0.0,0.0,0.0,0.0,,0.0,"INA219:active=1440.00,idle=0.00,sleep=0.00,peak=0.00",1,0.09909329927197102,NORMAL
539,1,BMP280,3.3,120,42.15262951408145,76.3425200338426,0.0,0.00274,0.0001,0.0,0.0067805618054446,0.006547885703636,"BMP280:active=42.15,idle=1.50,sleep=76.34,peak=0.00",1,0.19941665579243673,NORMAL
540,4,SSD1306 OLED controller + BME280 + Raspberry Pi Pico + ESP32-S3,3.3,120,50.83841180189467,69.16158819810532,0.0,0.0,0.5691617578912844,0.0,,0.0,"SSD1306 OLED controller:active=0.00,idle=0.00,sleep=120.00,peak=0.00 | BME280:active=120.00,idle=0.00,sleep=0.00,peak=0.00 | Raspberry Pi Pico:active=0.00,idle=0.00,sleep=120.00,peak=0.00 | ESP32-S3:active=83.35,idle=0.00,sleep=36.65,peak=0.00",1,0.1642205343455947,NORMAL
541,2,BMP280 + ESP32-S3,3.3,360,209.04225872916345,81.62025228779314,1.304717884626583,58.96936723022702,0.0038424101535426,355.0,1406.964349168603,1416.073568073242,"BMP280:active=149.23,idle=136.07,sleep=74.70,peak=0.00 | ESP32-S3:active=268.85,idle=0.00,sleep=88.54,peak=2.61",-1,-0.0042082903074187605,ANOMALY
542,1,DS18B20,5.0,60,21.18259949142597,27.879124407019805,0.6969869156049441,1.0,0.00075,1.5,1.854722514585676,1.844999902523827,"DS18B20:active=21.18,idle=10.24,sleep=27.88,peak=0.70",1,0.06510564927526197,NORMAL
543,3,ESP32 + HC-SR501 + MPU6050,3.3,30,16.086366866290188,12.763841240729166,0.3668851337218248,48.4623212195052,0.0093682092906314,240.0,143.18016888319488,141.35749664497968,"ESP32:active=15.89,idle=0.00,sleep=13.01,peak=1.10 | HC-SR501:active=30.00,idle=0.00,sleep=0.00,peak=0.00 | MPU6050:active=2.37,idle=2.35,sleep=25.28,peak=0.00",1,0.055710707761843836,NORMAL
544,2,HC-SR04 + BMP280,4.15,30,25.27901583505202,1.658923967735864,0.0,7.462031096377346,0.0001,0.0,26.765650929327204,28.07519672680266,"HC-SR04:active=25.15,idle=4.85,sleep=0.00,peak=0.00 | BMP280:active=25.41,idle=1.27,sleep=3.32,peak=0.00",1,0.1682997744007012,NORMAL
545,3,DHT22 / AM2302 + Raspberry Pi Pico + ESP32-S3,3.3,60,35.237911742762265,24.762088257237732,0.0,41.07270934148284,1.0513384148928293,0.0,243.10272383580156,232.22667020064043,"DHT22 / AM2302:active=60.00,idle=0.00,sleep=0.00,peak=0.00 | Raspberry Pi Pico:active=0.00,idle=0.00,sleep=60.00,peak=0.00 | ESP32-S3:active=45.71,idle=0.00,sleep=14.29,peak=0.00",1,0.114987706296314,NORMAL
546,2,Raspberry Pi Pico + nRF24L01+,3.3,30,6.186404369996401,18.439131298847784,0.0,11.3,1.0577014123972133,0.0,9.85041207389122,9.788132868777303,"Raspberry Pi Pico:active=0.00,idle=0.00,sleep=30.00,peak=0.00 | nRF24L01+:active=12.37,idle=10.75,sleep=6.88,peak=0.00",1,0.11572611370647318,NORMAL
547,2,HC-SR04 + Arduino Uno / ATmega328P,5.0,360,319.2505429398464,0.0,0.0,0.0,0.0,0.0,,0.0,"HC-SR04:active=278.50,idle=81.50,sleep=0.00,peak=0.00 | Arduino Uno / ATmega328P:active=360.00,idle=0.00,sleep=0.00,peak=0.00",1,0.13417744129413972,NORMAL
548,2,DHT22 / AM2302 + HC-05,3.3,60,55.276822825837456,0.0,0.0,15.075119049454862,0.0,0.0,95.81991123852666,97.26727440126204,"DHT22 / AM2302:active=60.00,idle=0.00,sleep=0.00,peak=0.00 | HC-05:active=50.55,idle=9.45,sleep=0.00,peak=0.00",1,0.20713973668881508,NORMAL
549,3,HC-05 + BME280 + Arduino Uno / ATmega328P,3.3,720,662.396280068854,0.0,0.0,0.0,0.0,0.0,,0.0,"HC-05:active=547.19,idle=172.81,sleep=0.00,peak=0.00 | BME280:active=720.00,idle=0.00,sleep=0.00,peak=0.00 | Arduino Uno / ATmega328P:active=720.00,idle=0.00,sleep=0.00,peak=0.00",1,0.17486064333615808,NORMAL
550,3,MPU6050 + Raspberry Pi Pico + HC-SR04,4.15,360,156.39879626123636,181.1525544060867,0.0,11.082441956488983,0.8645283863510276,0.0,399.95820094169113,409.85357112547626,"MPU6050:active=165.59,idle=10.95,sleep=183.46,peak=0.00 | Raspberry Pi Pico:active=0.00,idle=0.00,sleep=360.00,peak=0.00 | HC-SR04:active=303.60,idle=56.40,sleep=0.00,peak=0.00",1,0.09837643072142693,NORMAL
551,3,ESP32 + DHT22 / AM2302 + SSD1306 OLED controller,3.3,360,183.9180717593425,174.54084454122673,1.5410836994307706,9.930310469995044,0.0094187837745753,240.0,362.6481546519231,362.8364569024736,"ESP32:active=191.75,idle=0.00,sleep=163.62,peak=4.62 | DHT22 / AM2302:active=360.00,idle=0.00,sleep=0.00,peak=0.00 | SSD1306 OLED controller:active=0.00,idle=0.00,sleep=360.00,peak=0.00",1,0.046855341192870714,NORMAL
552,4,DS18B20 + BME280 + BMP280 + ESP32,3.3,360,133.5306188964379,212.5193350796964,0.0,0.0,0.003107915396671,0.0,,0.0,"DS18B20:active=57.74,idle=42.65,sleep=259.61,peak=0.00 | BME280:active=360.00,idle=0.00,sleep=0.00,peak=0.00 | BMP280:active=53.42,idle=13.15,sleep=293.42,peak=0.00 | ESP32:active=62.96,idle=0.00,sleep=297.04,peak=0.00",1,0.18372677927746994,NORMAL
553,4,HC-SR501 + MPU6050 + Arduino Uno / ATmega328P + ESP32-S3,3.3,360,253.05035285780664,91.44490466213,0.0,0.0,0.00883477693251,0.0,,0.0,"HC-SR501:active=360.00,idle=0.00,sleep=0.00,peak=0.00 | MPU6050:active=74.27,idle=62.02,sleep=223.71,peak=0.00 | Arduino Uno / ATmega328P:active=360.00,idle=0.00,sleep=0.00,peak=0.00 | ESP32-S3:active=217.93,idle=0.00,sleep=142.07,peak=0.00",1,0.1932201723688583,NORMAL
554,2,HC-SR501 + BMP280,3.3,60,38.53676478660622,17.01061509013753,1.0164953592549073,50.60163720368303,0.0001,0.03685,214.50691825898383,211.0494194777557,"HC-SR501:active=60.00,idle=0.00,sleep=0.00,peak=0.00 | BMP280:active=17.07,idle=6.87,sleep=34.02,peak=2.03",1,0.120827401777854,NORMAL
555,4,INA219 + BME280 + MPU6050 + Raspberry Pi Pico,3.3,30,16.998336419411437,11.288298481873287,0.0,0.0,0.8670822268330415,0.0,,0.0,"INA219:active=30.00,idle=0.00,sleep=0.00,peak=0.00 | BME280:active=30.00,idle=0.00,sleep=0.00,peak=0.00 | MPU6050:active=7.99,idle=6.85,sleep=15.15,peak=0.00 | Raspberry Pi Pico:active=0.00,idle=0.00,sleep=30.00,peak=0.00",1,0.14578947281940446,NORMAL
556,2,Raspberry Pi Pico + ESP32-S3,3.3,60,8.191775679371048,51.80822432062895,0.0,91.7,0.7557228236184622,0.0,86.93723361054266,84.75805576298619,"Raspberry Pi Pico:active=0.00,idle=0.00,sleep=60.00,peak=0.00 | ESP32-S3:active=16.38,idle=0.00,sleep=43.62,peak=0.00",1,0.04860279245059307,NORMAL
557,1,Arduino Uno / ATmega328P,5.0,60,60.0,0.0,0.0,0.0,0.0,0.0,,0.0,"Arduino Uno / ATmega328P:active=60.00,idle=0.00,sleep=0.00,peak=0.00",1,0.143611958627068,NORMAL
558,2,DS18B20 + Raspberry Pi Pico,5.0,720,163.85885235284186,475.6608379340653,0.0,1.0,0.9840766956167524,0.0,105.33432636892954,107.79133023134072,"DS18B20:active=327.72,idle=160.96,sleep=231.32,peak=0.00 | Raspberry Pi Pico:active=0.00,idle=0.00,sleep=720.00,peak=0.00",1,0.0244009729354544,NORMAL
559,2,HC-05 + SSD1306 OLED controller,3.3,1440,457.9654633118633,720.0,0.0,30.0,0.01,0.0,1742.668421214709,1738.7285835219095,"HC-05:active=915.93,idle=524.07,sleep=0.00,peak=0.00 | SSD1306 OLED controller:active=0.00,idle=0.00,sleep=1440.00,peak=0.00",1,0.107606703969499,NORMAL
560,3,DHT22 / AM2302 + INA219 + DS18B20,3.3,720,598.3280006291852,72.21760837390696,0.0,0.0,0.00075,0.0,,0.0,"DHT22 / AM2302:active=720.00,idle=0.00,sleep=0.00,peak=0.00 | INA219:active=720.00,idle=0.00,sleep=0.00,peak=0.00 | DS18B20:active=354.98,idle=148.36,sleep=216.65,peak=0.00",1,0.17981156091873857,NORMAL
561,4,Arduino Uno / ATmega328P + INA219 + BMP280 + HC-05,3.3,360,259.3434061685916,76.26410502533273,0.0,0.0,0.0001,0.0,,0.0,"Arduino Uno / ATmega328P:active=360.00,idle=0.00,sleep=0.00,peak=0.00 | INA219:active=360.00,idle=0.00,sleep=0.00,peak=0.00 | BMP280:active=50.75,idle=4.19,sleep=305.06,peak=0.00 | HC-05:active=266.62,idle=93.38,sleep=0.00,peak=0.00",1,0.19480899743213892,NORMAL
562,4,BMP280 + HC-05 + INA219 + HC-SR04,3.3,360,281.14462917144294,43.44699940261206,0.0,0.0,0.0001,0.0,,0.0,"BMP280:active=138.79,idle=47.42,sleep=173.79,peak=0.00 | HC-05:active=356.33,idle=3.67,sleep=0.00,peak=0.00 | INA219:active=360.00,idle=0.00,sleep=0.00,peak=0.00 | HC-SR04:active=269.45,idle=90.55,sleep=0.00,peak=0.00",1,0.19418258720978704,NORMAL
563,4,nRF24L01+ + DS18B20 + HC-SR501 + Raspberry Pi Pico,4.15,720,346.8633268152988,338.415097557238,0.8630101359736901,36.74947328403508,0.691845960591274,1.5,3591.9110980718106,3564.0822060512105,"nRF24L01+:active=341.82,idle=50.00,sleep=328.18,peak=0.00 | DS18B20:active=325.64,idle=85.44,sleep=305.48,peak=3.45 | HC-SR501:active=720.00,idle=0.00,sleep=0.00,peak=0.00 | Raspberry Pi Pico:active=0.00,idle=0.00,sleep=720.00,peak=0.00",-1,-0.006229432495060139,ANOMALY
564,1,DHT22 / AM2302,3.3,120,120.0,0.0,0.0,2.5,0.0,0.0,16.5,16.694282755550777,"DHT22 / AM2302:active=120.00,idle=0.00,sleep=0.00,peak=0.00",1,0.202456427886891,NORMAL
565,1,ESP32,3.3,120,87.65794072066186,30.08743554275817,2.2546237365799726,23.88,0.00814,240.0,144.9044428102654,145.4302471228311,"ESP32:active=87.66,idle=0.00,sleep=30.09,peak=2.25",1,0.025597284521242214,NORMAL
566,4,INA219 + HC-SR04 + SSD1306 OLED controller + Arduino Uno / ATmega328P,4.15,360,258.80041223334547,90.0,0.0,0.0,0.01,0.0,,0.0,"INA219:active=360.00,idle=0.00,sleep=0.00,peak=0.00 | HC-SR04:active=315.20,idle=44.80,sleep=0.00,peak=0.00 | SSD1306 OLED controller:active=0.00,idle=0.00,sleep=360.00,peak=0.00 | Arduino Uno / ATmega328P:active=360.00,idle=0.00,sleep=0.00,peak=0.00",1,0.14688001602443035,NORMAL
567,2,DS18B20 + HC-SR04,5.0,1440,530.0009114917514,609.6616923377134,0.0,12.515398065263454,0.00075,0.0,1200.2933664199609,1188.050921984369,"DS18B20:active=188.12,idle=32.56,sleep=1219.32,peak=0.00 | HC-SR04:active=871.88,idle=568.12,sleep=0.00,peak=0.00",1,0.04694510586299938,NORMAL
568,4,DHT22 / AM2302 + INA219 + HC-SR04 + BME280,3.3,1440,1417.070498089545,0.0,0.0,0.0,0.0,0.0,,0.0,"DHT22 / AM2302:active=1440.00,idle=0.00,sleep=0.00,peak=0.00 | INA219:active=1440.00,idle=0.00,sleep=0.00,peak=0.00 | HC-SR04:active=1348.28,idle=91.72,sleep=0.00,peak=0.00 | BME280:active=1440.00,idle=0.00,sleep=0.00,peak=0.00",1,0.0929752380908323,NORMAL
569,2,BMP280 + HC-SR04,4.15,1440,1150.5775769181848,109.53898330637509,0.3347891091338961,9.008598954159323,0.0001,0.03685,1441.8878912291104,1391.0003208570824,"BMP280:active=919.31,idle=300.94,sleep=219.08,peak=0.67 | HC-SR04:active=1381.84,idle=58.16,sleep=0.00,peak=0.00",1,0.05512331879651733,NORMAL
570,4,HC-SR501 + HC-SR04 + nRF24L01+ + SSD1306 OLED controller,3.3,360,240.35950219016,110.81283495456408,0.0,32.71142574103144,0.0082908406037604,0.0,1732.298915232563,1759.175612603734,"HC-SR501:active=360.00,idle=0.00,sleep=0.00,peak=0.00 | HC-SR04:active=338.85,idle=21.15,sleep=0.00,peak=0.00 | nRF24L01+:active=262.58,idle=14.16,sleep=83.25,peak=0.00 | SSD1306 OLED controller:active=0.00,idle=0.00,sleep=360.00,peak=0.00",1,0.1665464902575457,NORMAL
571,4,ESP32-S3 + SSD1306 OLED controller + ESP32 + HC-SR501,3.3,60,34.24709776847557,25.19189425180916,0.561007979715272,63.2822875439069,0.0090829304763369,355.0,520.6566942614272,530.805935286956,"ESP32-S3:active=43.21,idle=0.00,sleep=14.55,peak=2.24 | SSD1306 OLED controller:active=0.00,idle=0.00,sleep=60.00,peak=0.00 | ESP32:active=33.78,idle=0.00,sleep=26.22,peak=0.00 | HC-SR501:active=60.00,idle=0.00,sleep=0.00,peak=0.00",-1,-0.005856925441890981,ANOMALY
572,1,HC-SR501,3.3,360,360.0,0.0,0.0,65.0,0.0,0.0,1287.0,1268.1177449182833,"HC-SR501:active=360.00,idle=0.00,sleep=0.00,peak=0.00",1,0.1278759487117207,NORMAL
573,1,HC-05,3.3,120,61.4463244631206,0.0,0.0,30.0,0.0,0.0,127.15005260037591,128.05717321670872,"HC-05:active=61.45,idle=58.55,sleep=0.00,peak=0.00",1,0.19075417417057694,NORMAL
574,1,HC-SR04,5.0,60,59.57716063614433,0.0,0.0,15.0,0.0,0.0,74.54192402248968,76.0477658494813,"HC-SR04:active=59.58,idle=0.42,sleep=0.00,peak=0.00",1,0.1380127305484598,NORMAL
575,2,SSD1306 OLED controller + Raspberry Pi Pico,3.3,360,0.0,360.0,0.0,0.0,0.655,0.0,25.938,26.119447628157868,"SSD1306 OLED controller:active=0.00,idle=0.00,sleep=360.00,peak=0.00 | Raspberry Pi Pico:active=0.00,idle=0.00,sleep=360.00,peak=0.00",1,0.13419483966463036,NORMAL
576,4,Arduino Uno / ATmega328P + BME280 + DHT22 / AM2302 + HC-05,3.3,720,713.955351243807,0.0,0.0,0.0,0.0,0.0,,0.0,"Arduino Uno / ATmega328P:active=720.00,idle=0.00,sleep=0.00,peak=0.00 | BME280:active=720.00,idle=0.00,sleep=0.00,peak=0.00 | DHT22 / AM2302:active=720.00,idle=0.00,sleep=0.00,peak=0.00 | HC-05:active=695.82,idle=24.18,sleep=0.00,peak=0.00",1,0.15577549946328784,NORMAL
577,2,MPU6050 + SSD1306 OLED controller,3.3,120,14.914902873503433,95.48880825032808,0.0,3.9,0.01,0.0,6.508808980690225,6.269149925901202,"MPU6050:active=29.83,idle=19.19,sleep=70.98,peak=0.00 | SSD1306 OLED controller:active=0.00,idle=0.00,sleep=120.00,peak=0.00",1,0.19547718500011008,NORMAL
578,3,HC-SR04 + MPU6050 + BME280,3.3,60,47.41187687381327,2.3118023671376235,0.0,0.0,0.0099999999999999,0.0,,0.0,"HC-SR04:active=34.37,idle=25.63,sleep=0.00,peak=0.00 | MPU6050:active=47.87,idle=5.19,sleep=6.94,peak=0.00 | BME280:active=60.00,idle=0.00,sleep=0.00,peak=0.00",1,0.21841162046408646,NORMAL
579,2,BME280 + DHT22 / AM2302,3.3,30,30.0,0.0,0.0,0.0,0.0,0.0,,0.0,"BME280:active=30.00,idle=0.00,sleep=0.00,peak=0.00 | DHT22 / AM2302:active=30.00,idle=0.00,sleep=0.00,peak=0.00",1,0.21199258606347476,NORMAL
580,1,HC-05,3.3,30,29.542786363130254,0.0,0.0,30.0,0.0,0.0,48.94677149938761,47.6431772636098,"HC-05:active=29.54,idle=0.46,sleep=0.00,peak=0.00",1,0.18496582407696466,NORMAL
581,3,SSD1306 OLED controller + DHT22 / AM2302 + INA219,3.3,720,480.0,240.0,0.0,0.0,0.01,0.0,,0.0,"SSD1306 OLED controller:active=0.00,idle=0.00,sleep=720.00,peak=0.00 | DHT22 / AM2302:active=720.00,idle=0.00,sleep=0.00,peak=0.00 | INA219:active=720.00,idle=0.00,sleep=0.00,peak=0.00",1,0.18626194685655434,NORMAL
582,4,HC-SR501 + BME280 + DHT22 / AM2302 + BMP280,3.3,720,598.1033388132062,82.59918222708681,0.0,0.0,0.0001,0.0,,0.0,"HC-SR501:active=720.00,idle=0.00,sleep=0.00,peak=0.00 | BME280:active=720.00,idle=0.00,sleep=0.00,peak=0.00 | DHT22 / AM2302:active=720.00,idle=0.00,sleep=0.00,peak=0.00 | BMP280:active=232.41,idle=157.19,sleep=330.40,peak=0.00",1,0.16810085688525123,NORMAL
583,1,Arduino Uno / ATmega328P,5.0,1440,1440.0,0.0,0.0,0.0,0.0,0.0,,0.0,"Arduino Uno / ATmega328P:active=1440.00,idle=0.00,sleep=0.00,peak=0.00",1,0.03595125313074754,NORMAL
584,1,BME280,3.3,1440,1440.0,0.0,0.0,0.0,0.0,0.0,,0.0,"BME280:active=1440.00,idle=0.00,sleep=0.00,peak=0.00",1,0.09909329927197102,NORMAL
585,3,INA219 + DS18B20 + ESP32,3.3,30,15.172305469268307,10.304564987299065,1.4943448535790564,0.0,0.0068150687902708,1.5,,0.0,"INA219:active=30.00,idle=0.00,sleep=0.00,peak=0.00 | DS18B20:active=10.89,idle=9.09,sleep=5.54,peak=4.48 | ESP32:active=4.63,idle=0.00,sleep=25.37,peak=0.00",1,0.1272225567069724,NORMAL
586,3,ESP32-S3 + Arduino Uno / ATmega328P + Raspberry Pi Pico,4.15,30,12.928155982544611,17.071844017455387,0.0,0.0,0.7643874261491324,0.0,,0.0,"ESP32-S3:active=8.78,idle=0.00,sleep=21.22,peak=0.00 | Arduino Uno / ATmega328P:active=30.00,idle=0.00,sleep=0.00,peak=0.00 | Raspberry Pi Pico:active=0.00,idle=0.00,sleep=30.00,peak=0.00",1,0.11359371290219178,NORMAL
587,1,HC-SR501,3.3,1440,1440.0,0.0,0.0,65.0,0.0,0.0,5148.0,5064.695139449613,"HC-SR501:active=1440.00,idle=0.00,sleep=0.00,peak=0.00",1,0.04764237969039886,NORMAL
588,3,BMP280 + HC-05 + Arduino Uno / ATmega328P,3.3,1440,1227.900241369779,52.39756664952629,0.0,0.0,0.0001,0.0,,0.0,"BMP280:active=1202.23,idle=80.58,sleep=157.19,peak=0.00 | HC-05:active=1041.47,idle=398.53,sleep=0.00,peak=0.00 | Arduino Uno / ATmega328P:active=1440.00,idle=0.00,sleep=0.00,peak=0.00",1,0.11963209849837325,NORMAL
589,4,nRF24L01+ + ESP32 + BME280 + HC-SR501,3.3,60,43.92998596328596,11.897861890102083,0.0,0.0,0.0072062753447808,0.0,,0.0,"nRF24L01+:active=37.17,idle=16.69,sleep=6.14,peak=0.00 | ESP32:active=18.55,idle=0.00,sleep=41.45,peak=0.00 | BME280:active=60.00,idle=0.00,sleep=0.00,peak=0.00 | HC-SR501:active=60.00,idle=0.00,sleep=0.00,peak=0.00",1,0.21117921967020753,NORMAL
590,2,HC-05 + MPU6050,3.3,720,413.2197550363568,203.0058638558637,0.0,20.3759616516611,0.01,0.0,1013.6500728220628,999.6749755198696,"HC-05:active=521.70,idle=198.30,sleep=0.00,peak=0.00 | MPU6050:active=304.74,idle=9.25,sleep=406.01,peak=0.00",1,0.17945648292636007,NORMAL
591,4,BMP280 + BME280 + DHT22 / AM2302 + ESP32,3.3,60,52.15781270110037,3.8616442117578966,1.1974391512647298,0.0,0.0038017316747216,4.603664206901243,,0.0,"BMP280:active=35.83,idle=11.13,sleep=8.33,peak=4.70 | BME280:active=60.00,idle=0.00,sleep=0.00,peak=0.00 | DHT22 / AM2302:active=60.00,idle=0.00,sleep=0.00,peak=0.00 | ESP32:active=52.80,idle=0.00,sleep=7.11,peak=0.09",1,0.1323234242469739,NORMAL
592,4,SSD1306 OLED controller + HC-05 + ESP32-S3 + BMP280,3.3,360,113.24771209082742,194.77931383161564,0.0,38.85667595194758,0.006824944417129,0.0,1026.2203302980197,1013.344940542074,"SSD1306 OLED controller:active=0.00,idle=0.00,sleep=360.00,peak=0.00 | HC-05:active=228.56,idle=131.44,sleep=0.00,peak=0.00 | ESP32-S3:active=117.17,idle=0.00,sleep=242.83,peak=0.00 | BMP280:active=107.26,idle=76.45,sleep=176.29,peak=0.00",1,0.1537350168640927,NORMAL
593,4,HC-SR501 + INA219 + DS18B20 + ESP32,3.3,60,48.31431010232326,9.262488469958132,0.0,0.0,0.0041258787398404,0.0,,0.0,"HC-SR501:active=60.00,idle=0.00,sleep=0.00,peak=0.00 | INA219:active=60.00,idle=0.00,sleep=0.00,peak=0.00 | DS18B20:active=30.18,idle=9.69,sleep=20.12,peak=0.00 | ESP32:active=43.07,idle=0.00,sleep=16.93,peak=0.00",1,0.20890024755955222,NORMAL
594,3,SSD1306 OLED controller + DS18B20 + INA219,3.3,720,341.9554276691042,369.9787409381229,0.0,0.0,0.0067503447613528,0.0,,0.0,"SSD1306 OLED controller:active=0.00,idle=0.00,sleep=720.00,peak=0.00 | DS18B20:active=305.87,idle=24.20,sleep=389.94,peak=0.00 | INA219:active=720.00,idle=0.00,sleep=0.00,peak=0.00",1,0.18618101291177153,NORMAL
595,1,DHT22 / AM2302,3.3,1440,1440.0,0.0,0.0,2.5,0.0,0.0,198.0,192.9658533267469,"DHT22 / AM2302:active=1440.00,idle=0.00,sleep=0.00,peak=0.00",1,0.09393371039178217,NORMAL
596,1,BME280,3.3,360,360.0,0.0,0.0,0.0,0.0,0.0,,0.0,"BME280:active=360.00,idle=0.00,sleep=0.00,peak=0.00",1,0.18200890968177708,NORMAL
597,2,BME280 + HC-05,3.3,720,715.2823158212144,0.0,0.0,0.0,0.0,0.0,,0.0,"BME280:active=720.00,idle=0.00,sleep=0.00,peak=0.00 | HC-05:active=710.56,idle=9.44,sleep=0.00,peak=0.00",1,0.17343265903130528,NORMAL
598,4,INA219 + Arduino Uno / ATmega328P + DHT22 / AM2302 + DS18B20,4.15,1440,1260.6868741203111,77.64577796566924,0.0,0.0,0.00075,0.0,,0.0,"INA219:active=1440.00,idle=0.00,sleep=0.00,peak=0.00 | Arduino Uno / ATmega328P:active=1440.00,idle=0.00,sleep=0.00,peak=0.00 | DHT22 / AM2302:active=1440.00,idle=0.00,sleep=0.00,peak=0.00 | DS18B20:active=722.75,idle=406.67,sleep=310.58,peak=0.00",1,0.06790876524066725,NORMAL
599,3,nRF24L01+ + ESP32-S3 + Raspberry Pi Pico,3.3,60,26.029196149787435,32.94163328181252,0.0,59.62436375808752,0.7904348209865337,0.0,260.3764732810608,256.94211959572914,"nRF24L01+:active=31.15,idle=3.09,sleep=25.76,peak=0.00 | ESP32-S3:active=46.93,idle=0.00,sleep=13.07,peak=0.00 | Raspberry Pi Pico:active=0.00,idle=0.00,sleep=60.00,peak=0.00",1,0.11052243786034477,NORMAL
600,3,HC-SR04 + INA219 + HC-05,3.3,60,49.3611787849139,0.0,0.0,0.0,0.0,0.0,,0.0,"HC-SR04:active=45.95,idle=14.05,sleep=0.00,peak=0.00 | INA219:active=60.00,idle=0.00,sleep=0.00,peak=0.00 | HC-05:active=42.13,idle=17.87,sleep=0.00,peak=0.00",1,0.21999752032022013,NORMAL
601,2,MPU6050 + BME280,3.3,720,577.9051068324821,136.2457316273293,0.0,0.0,0.01,0.0,,0.0,"MPU6050:active=435.81,idle=11.70,sleep=272.49,peak=0.00 | BME280:active=720.00,idle=0.00,sleep=0.00,peak=0.00",1,0.17539020055834492,NORMAL
602,1,Arduino Uno / ATmega328P,5.0,30,30.0,0.0,0.0,0.0,0.0,0.0,,0.0,"Arduino Uno / ATmega328P:active=30.00,idle=0.00,sleep=0.00,peak=0.00",1,0.1386194037527141,NORMAL
603,4,SSD1306 OLED controller + HC-SR04 + BME280 + DS18B20,4.15,720,436.0957826005914,228.83892368185263,0.0,0.0,0.0080258601255912,0.0,,0.0,"SSD1306 OLED controller:active=0.00,idle=0.00,sleep=720.00,peak=0.00 | HC-SR04:active=655.09,idle=64.91,sleep=0.00,peak=0.00 | BME280:active=720.00,idle=0.00,sleep=0.00,peak=0.00 | DS18B20:active=369.30,idle=155.35,sleep=195.36,peak=0.00",1,0.12966522703473943,NORMAL
604,3,Raspberry Pi Pico + HC-SR501 + HC-SR04,5.0,60,36.91873037963732,20.0,0.0,42.08652192848848,1.3,0.0,396.4858737338213,400.22877625640336,"Raspberry Pi Pico:active=0.00,idle=0.00,sleep=60.00,peak=0.00 | HC-SR501:active=60.00,idle=0.00,sleep=0.00,peak=0.00 | HC-SR04:active=50.76,idle=9.24,sleep=0.00,peak=0.00",1,0.021392954205966652,NORMAL
605,4,nRF24L01+ + ESP32-S3 + DS18B20 + MPU6050,3.3,720,343.9299732390443,296.5152062267621,0.3933598291114902,16.24766336227267,0.0058181597182497,355.0,1260.6143908643558,1246.4872593983876,"nRF24L01+:active=414.32,idle=73.63,sleep=232.05,peak=0.00 | ESP32-S3:active=173.55,idle=0.00,sleep=544.88,peak=1.57 | DS18B20:active=453.95,idle=134.85,sleep=131.20,peak=0.00 | MPU6050:active=333.91,idle=108.17,sleep=277.93,peak=0.00",1,0.020355750165990782,NORMAL
606,4,HC-SR501 + ESP32 + SSD1306 OLED controller + ESP32-S3,3.3,360,212.69535168623423,146.5745691353957,0.7300791783700633,65.93823621725006,0.0091892477798359,355.0,3142.7618992337416,3095.576601780168,"HC-SR501:active=360.00,idle=0.00,sleep=0.00,peak=0.00 | ESP32:active=181.45,idle=0.00,sleep=178.55,peak=0.00 | SSD1306 OLED controller:active=0.00,idle=0.00,sleep=360.00,peak=0.00 | ESP32-S3:active=309.34,idle=0.00,sleep=47.74,peak=2.92",-1,-0.016598929705497034,ANOMALY
607,3,BMP280 + MPU6050 + DS18B20,3.3,60,22.322993125068567,31.731790520901946,0.0,0.8872715907762296,0.0041250202944147,0.0,3.293100377878629,3.284062351805189,"BMP280:active=43.29,idle=3.91,sleep=12.81,peak=0.00 | MPU6050:active=12.28,idle=12.08,sleep=35.63,peak=0.00 | DS18B20:active=11.40,idle=1.85,sleep=46.75,peak=0.00",1,0.21386315755974672,NORMAL
608,4,INA219 + HC-SR04 + SSD1306 OLED controller + ESP32,3.3,360,219.30167122110495,129.9957364592144,0.0,0.0,0.0094277345408364,0.0,,0.0,"INA219:active=360.00,idle=0.00,sleep=0.00,peak=0.00 | HC-SR04:active=317.19,idle=42.81,sleep=0.00,peak=0.00 | SSD1306 OLED controller:active=0.00,idle=0.00,sleep=360.00,peak=0.00 | ESP32:active=200.02,idle=0.00,sleep=159.98,peak=0.00",1,0.19242571296108074,NORMAL
609,4,Arduino Uno / ATmega328P + DS18B20 + SSD1306 OLED controller + MPU6050,4.15,60,22.566906658256997,35.02933672955763,0.3604833792677121,0.0,0.0080662816277867,1.4999999999999998,,0.0,"Arduino Uno / ATmega328P:active=60.00,idle=0.00,sleep=0.00,peak=0.00 | DS18B20:active=21.59,idle=7.68,sleep=29.29,peak=1.44 | SSD1306 OLED controller:active=0.00,idle=0.00,sleep=60.00,peak=0.00 | MPU6050:active=8.68,idle=0.49,sleep=50.83,peak=0.00",1,0.1236450399160487,NORMAL
610,4,INA219 + HC-SR04 + DHT22 / AM2302 + ESP32,3.3,1440,1140.4237397828367,160.30680851511633,0.5687772007289849,0.0,0.00814,2.5,,0.0,"INA219:active=1440.00,idle=0.00,sleep=0.00,peak=0.00 | HC-SR04:active=885.20,idle=554.80,sleep=0.00,peak=0.00 | DHT22 / AM2302:active=1437.72,idle=0.00,sleep=0.00,peak=2.28 | ESP32:active=798.77,idle=0.00,sleep=641.23,peak=0.00",1,0.0733672603605171,NORMAL
611,2,nRF24L01+ + MPU6050,3.3,1440,542.1215455691196,596.0506649946719,0.0,8.468994175318254,0.0062510520104191,0.0,505.9332770499527,488.7556046850005,"nRF24L01+:active=669.45,idle=279.44,sleep=491.11,peak=0.00 | MPU6050:active=414.80,idle=324.21,sleep=700.99,peak=0.00",1,0.13168415984111437,NORMAL
612,1,HC-SR501,3.3,30,30.0,0.0,0.0,65.0,0.0,0.0,107.25,106.96009551291546,"HC-SR501:active=30.00,idle=0.00,sleep=0.00,peak=0.00",1,0.14920931814686506,NORMAL
613,3,MPU6050 + DHT22 / AM2302 + SSD1306 OLED controller,3.3,1440,798.4146927065998,558.5189073980081,0.0,3.0583321222184154,0.01,0.0,403.88994073381735,413.2306330912696,"MPU6050:active=955.24,idle=249.20,sleep=235.56,peak=0.00 | DHT22 / AM2302:active=1440.00,idle=0.00,sleep=0.00,peak=0.00 | SSD1306 OLED controller:active=0.00,idle=0.00,sleep=1440.00,peak=0.00",1,0.1312979237624637,NORMAL
614,1,ESP32,3.3,360,140.02482546795744,219.97517453204256,0.0,23.88,0.00814,0.0,184.00708865525328,180.3126379903933,"ESP32:active=140.02,idle=0.00,sleep=219.98,peak=0.00",1,0.16387105089972737,NORMAL
615,4,BMP280 + HC-05 + DS18B20 + HC-SR501,3.3,1440,1069.8985772970475,109.39260595907255,0.4576320777705617,27.882738651620915,0.0003916150910104,1.4999999999999998,6837.387582514709,6949.25682846234,"BMP280:active=799.43,idle=399.31,sleep=241.26,peak=0.00 | HC-05:active=816.71,idle=623.29,sleep=0.00,peak=0.00 | DS18B20:active=1223.46,idle=18.40,sleep=196.31,peak=1.83 | HC-SR501:active=1440.00,idle=0.00,sleep=0.00,peak=0.00",1,0.06199266777147505,NORMAL
616,2,HC-SR04 + DS18B20,5.0,120,78.92713720775645,17.351285348475766,0.0,10.180006439487176,0.00075,0.0,136.66600158926994,136.94290619248156,"HC-SR04:active=103.51,idle=16.49,sleep=0.00,peak=0.00 | DS18B20:active=54.35,idle=30.95,sleep=34.70,peak=0.00",1,0.1424913320400763,NORMAL
617,1,ESP32-S3,3.3,120,83.05970634175699,33.561551100440155,3.3787425578028474,91.7,0.007,355.0,484.89449857292567,477.4402852230561,"ESP32-S3:active=83.06,idle=0.00,sleep=33.56,peak=3.38",-1,-0.08885195239313048,ANOMALY
618,3,HC-05 + nRF24L01+ + HC-SR04,3.3,30,18.609434944860197,2.819690263942172,0.0,18.99235526603697,0.0009,0.0,64.30872794087834,64.58154318684996,"HC-05:active=19.44,idle=10.56,sleep=0.00,peak=0.00 | nRF24L01+:active=18.59,idle=2.95,sleep=8.46,peak=0.00 | HC-SR04:active=17.80,idle=12.20,sleep=0.00,peak=0.00",1,0.20548062035428988,NORMAL
619,3,INA219 + nRF24L01+ + HC-SR501,3.3,360,285.33395253908526,39.30986076526148,0.0,0.0,0.0009,0.0,,0.0,"INA219:active=360.00,idle=0.00,sleep=0.00,peak=0.00 | nRF24L01+:active=136.00,idle=106.07,sleep=117.93,peak=0.00 | HC-SR501:active=360.00,idle=0.00,sleep=0.00,peak=0.00",1,0.20868740327802837,NORMAL
620,3,DS18B20 + MPU6050 + BMP280,3.3,60,26.52819988631525,21.06387582090693,0.0,2.1185305168879323,0.0016693943571255,0.0,9.284203165776416,9.356490972667324,"DS18B20:active=38.10,idle=12.34,sleep=9.56,peak=0.00 | MPU6050:active=33.46,idle=17.15,sleep=9.39,peak=0.00 | BMP280:active=8.03,idle=7.73,sleep=44.24,peak=0.00",1,0.21658791729828814,NORMAL
621,3,DS18B20 + HC-SR04 + ESP32,5.0,30,19.20323897586975,5.350938577068944,0.0,14.464747656720098,0.0043201228422639,0.0,71.2731648615354,73.7813349138779,"DS18B20:active=16.31,idle=5.39,sleep=8.30,peak=0.00 | HC-SR04:active=19.05,idle=10.95,sleep=0.00,peak=0.00 | ESP32:active=22.24,idle=0.00,sleep=7.76,peak=0.00",1,0.11972281844738397,NORMAL
622,3,Arduino Uno / ATmega328P + BMP280 + nRF24L01+,3.3,60,30.00622177827748,23.121760245720008,0.0,0.0,0.0005074250838526,0.0,,0.0,"Arduino Uno / ATmega328P:active=60.00,idle=0.00,sleep=0.00,peak=0.00 | BMP280:active=13.98,idle=11.98,sleep=34.04,peak=0.00 | nRF24L01+:active=16.04,idle=8.63,sleep=35.33,peak=0.00",1,0.2187581608785616,NORMAL
623,4,Arduino Uno / ATmega328P + nRF24L01+ + BME280 + HC-05,3.3,30,23.55107638805401,4.547835279643402,0.0,0.0,0.0009,0.0,,0.0,"Arduino Uno / ATmega328P:active=30.00,idle=0.00,sleep=0.00,peak=0.00 | nRF24L01+:active=9.05,idle=2.76,sleep=18.19,peak=0.00 | BME280:active=30.00,idle=0.00,sleep=0.00,peak=0.00 | HC-05:active=25.15,idle=4.85,sleep=0.00,peak=0.00",1,0.20143950322136644,NORMAL
624,4,BMP280 + HC-SR501 + ESP32-S3 + INA219,3.3,360,265.6343948151052,88.7320239844052,0.0,0.0,0.001373419003714,0.0,,0.0,"BMP280:active=48.04,idle=22.53,sleep=289.42,peak=0.00 | HC-SR501:active=360.00,idle=0.00,sleep=0.00,peak=0.00 | ESP32-S3:active=294.50,idle=0.00,sleep=65.50,peak=0.00 | INA219:active=360.00,idle=0.00,sleep=0.00,peak=0.00",1,0.1948739187118143,NORMAL
625,2,BME280 + Raspberry Pi Pico,3.3,120,60.0,60.0,0.0,0.0,1.3,0.0,,0.0,"BME280:active=120.00,idle=0.00,sleep=0.00,peak=0.00 | Raspberry Pi Pico:active=0.00,idle=0.00,sleep=120.00,peak=0.00",1,0.12467219139136332,NORMAL
626,2,HC-SR04 + DHT22 / AM2302,4.15,360,355.22708654953044,0.0,0.0,8.666023551708308,0.0,0.0,427.1667106449055,434.9290713525147,"HC-SR04:active=350.45,idle=9.55,sleep=0.00,peak=0.00 | DHT22 / AM2302:active=360.00,idle=0.00,sleep=0.00,peak=0.00",1,0.1577123516037915,NORMAL
627,1,Raspberry Pi Pico,3.3,1440,0.0,1440.0,0.0,0.0,1.3,0.0,102.96,102.9440900419472,"Raspberry Pi Pico:active=0.00,idle=0.00,sleep=1440.00,peak=0.00",-1,-0.027545080786266718,ANOMALY
628,1,ESP32,3.3,120,18.25766810671485,100.37763283441063,1.3646990588745007,23.88,0.00814,240.0,42.03858793472264,42.61918902568741,"ESP32:active=18.26,idle=0.00,sleep=100.38,peak=1.36",1,0.037577136714948445,NORMAL
629,1,Arduino Uno / ATmega328P,5.0,720,720.0,0.0,0.0,0.0,0.0,0.0,,0.0,"Arduino Uno / ATmega328P:active=720.00,idle=0.00,sleep=0.00,peak=0.00",1,0.1013824304751405,NORMAL
630,2,Raspberry Pi Pico + SSD1306 OLED controller,3.3,720,0.0,720.0,0.0,0.0,0.655,0.0,51.876000000000005,51.56079438284274,"Raspberry Pi Pico:active=0.00,idle=0.00,sleep=720.00,peak=0.00 | SSD1306 OLED controller:active=0.00,idle=0.00,sleep=720.00,peak=0.00",1,0.08851194098235005,NORMAL
631,4,ESP32-S3 + MPU6050 + SSD1306 OLED controller + HC-05,3.3,120,46.32363964548389,66.85205715910125,0.0,29.443153590989784,0.0089400588815604,0.0,310.9781799267045,315.90095787297787,"ESP32-S3:active=25.52,idle=0.00,sleep=94.48,peak=0.00 | MPU6050:active=64.28,idle=2.79,sleep=52.93,peak=0.00 | SSD1306 OLED controller:active=0.00,idle=0.00,sleep=120.00,peak=0.00 | HC-05:active=95.49,idle=24.51,sleep=0.00,peak=0.00",1,0.17680349170554555,NORMAL
632,1,BME280,3.3,120,120.0,0.0,0.0,0.0,0.0,0.0,,0.0,"BME280:active=120.00,idle=0.00,sleep=0.00,peak=0.00",1,0.204854618771439,NORMAL
633,2,BME280 + DHT22 / AM2302,3.3,1440,1440.0,0.0,0.0,0.0,0.0,0.0,,0.0,"BME280:active=1440.00,idle=0.00,sleep=0.00,peak=0.00 | DHT22 / AM2302:active=1440.00,idle=0.00,sleep=0.00,peak=0.00",1,0.10260390554248472,NORMAL
634,2,ESP32-S3 + ESP32,3.3,30,7.006490529222361,18.90674148731144,4.086767983466199,47.68279270428623,0.0075156750349852,301.5297178411315,172.31644422862945,173.38953843740117,"ESP32-S3:active=4.92,idle=0.00,sleep=20.71,peak=4.37 | ESP32:active=9.09,idle=0.00,sleep=17.10,peak=3.80",-1,-0.06135755126881948,ANOMALY
635,2,BMP280 + BME280,3.3,720,524.1946221950923,102.03196768718576,0.0,0.0,0.0001,0.0,,0.0,"BMP280:active=328.39,idle=187.55,sleep=204.06,peak=0.00 | BME280:active=720.00,idle=0.00,sleep=0.00,peak=0.00",1,0.1827681834894796,NORMAL
636,3,INA219 + MPU6050 + BME280,3.3,120,95.9643026028787,18.354803144244546,0.0,0.0,0.01,0.0,,0.0,"INA219:active=120.00,idle=0.00,sleep=0.00,peak=0.00 | MPU6050:active=47.89,idle=17.04,sleep=55.06,peak=0.00 | BME280:active=120.00,idle=0.00,sleep=0.00,peak=0.00",1,0.21479341812239588,NORMAL
637,2,BME280 + INA219,3.3,720,720.0,0.0,0.0,0.0,0.0,0.0,,0.0,"BME280:active=720.00,idle=0.00,sleep=0.00,peak=0.00 | INA219:active=720.00,idle=0.00,sleep=0.00,peak=0.00",1,0.17300933714450945,NORMAL
638,2,nRF24L01+ + DHT22 / AM2302,3.3,30,24.60508717473271,3.3827692797493,0.0,5.935255747618218,0.0009,0.0,16.070212982891633,16.31355405164879,"nRF24L01+:active=19.21,idle=4.02,sleep=6.77,peak=0.00 | DHT22 / AM2302:active=30.00,idle=0.00,sleep=0.00,peak=0.00",1,0.20746534750804918,NORMAL
639,2,HC-SR501 + BMP280,3.3,120,87.12518793096211,21.514478728467942,0.0,44.76402766677926,0.0001,0.0,429.0085371545752,429.3872564243776,"HC-SR501:active=120.00,idle=0.00,sleep=0.00,peak=0.00 | BMP280:active=54.25,idle=22.72,sleep=43.03,peak=0.00",1,0.18070824994916868,NORMAL
640,3,BMP280 + DHT22 / AM2302 + Raspberry Pi Pico,3.3,360,171.02487397006016,187.12009638058663,0.0,1.754948278501412,0.833725051596454,0.0,75.26420643510136,75.41111202172986,"BMP280:active=153.07,idle=5.57,sleep=201.36,peak=0.00 | DHT22 / AM2302:active=360.00,idle=0.00,sleep=0.00,peak=0.00 | Raspberry Pi Pico:active=0.00,idle=0.00,sleep=360.00,peak=0.00",1,0.14184443547794912,NORMAL
641,1,DS18B20,5.0,720,126.9797849091082,566.7111114714145,0.0,1.0,0.00075,0.0,10.618712505868862,10.02144242205316,"DS18B20:active=126.98,idle=26.31,sleep=566.71,peak=0.00",1,0.0658034501614021,NORMAL
642,2,INA219 + SSD1306 OLED controller,3.3,720,360.0,360.0,0.0,0.0,0.01,0.0,,0.0,"INA219:active=720.00,idle=0.00,sleep=0.00,peak=0.00 | SSD1306 OLED controller:active=0.00,idle=0.00,sleep=720.00,peak=0.00",1,0.18520986434514863,NORMAL
643,2,ESP32-S3 + DHT22 / AM2302,3.3,360,236.81630042861255,123.18369957138744,0.0,23.90061300281977,0.007,0.0,622.7008738720849,632.5032372701984,"ESP32-S3:active=113.63,idle=0.00,sleep=246.37,peak=0.00 | DHT22 / AM2302:active=360.00,idle=0.00,sleep=0.00,peak=0.00",1,0.1911431113801374,NORMAL
644,1,Arduino Uno / ATmega328P,5.0,30,30.0,0.0,0.0,0.0,0.0,0.0,,0.0,"Arduino Uno / ATmega328P:active=30.00,idle=0.00,sleep=0.00,peak=0.00",1,0.1386194037527141,NORMAL
645,3,MPU6050 + HC-SR501 + INA219,3.3,1440,1157.347243724461,238.7282199266896,0.0,0.0,0.01,0.0,,0.0,"MPU6050:active=592.04,idle=131.77,sleep=716.18,peak=0.00 | HC-SR501:active=1440.00,idle=0.00,sleep=0.00,peak=0.00 | INA219:active=1440.00,idle=0.00,sleep=0.00,peak=0.00",1,0.1267042912365584,NORMAL
646,1,SSD1306 OLED controller,3.3,1440,0.0,1440.0,0.0,0.0,0.01,0.0,0.792,0.7824096801121081,"SSD1306 OLED controller:active=0.00,idle=0.00,sleep=1440.00,peak=0.00",1,0.0370809297421284,NORMAL
647,3,SSD1306 OLED controller + MPU6050 + ESP32,3.3,60,17.025299901887603,41.916793894806126,0.0,20.22718193185285,0.0097298831645262,0.0,56.88985064368345,56.62104651739172,"SSD1306 OLED controller:active=0.00,idle=0.00,sleep=60.00,peak=0.00 | MPU6050:active=9.34,idle=3.17,sleep=47.49,peak=0.00 | ESP32:active=41.74,idle=0.00,sleep=18.26,peak=0.00",1,0.20293824382841913,NORMAL
648,3,nRF24L01+ + HC-SR04 + ESP32-S3,3.3,720,468.9903291262645,196.9770129903069,0.1249974821650664,36.49994883815659,0.0040419258774755,355.0,2849.629370507323,2757.1436615907783,"nRF24L01+:active=432.49,idle=0.95,sleep=286.56,peak=0.00 | HC-SR04:active=559.23,idle=160.77,sleep=0.00,peak=0.00 | ESP32-S3:active=415.25,idle=0.00,sleep=304.37,peak=0.37",1,0.017647898374101856,NORMAL
649,4,Arduino Uno / ATmega328P + DS18B20 + HC-SR501 + HC-05,5.0,1440,1058.2128607627292,297.07572743143123,0.0,0.0,0.00075,0.0,,0.0,"Arduino Uno / ATmega328P:active=1440.00,idle=0.00,sleep=0.00,peak=0.00 | DS18B20:active=142.46,idle=109.24,sleep=1188.30,peak=0.00 | HC-SR501:active=1440.00,idle=0.00,sleep=0.00,peak=0.00 | HC-05:active=1210.39,idle=229.61,sleep=0.00,peak=0.00",1,0.030111910147400334,NORMAL
650,4,BMP280 + HC-SR501 + ESP32-S3 + HC-SR04,3.3,60,40.83342298149641,11.944253434467337,0.0,45.27683997728639,0.0040809042841154,0.0,409.5293246590829,410.3557674099998,"BMP280:active=36.18,idle=3.61,sleep=20.21,peak=0.00 | HC-SR501:active=60.00,idle=0.00,sleep=0.00,peak=0.00 | ESP32-S3:active=32.44,idle=0.00,sleep=27.56,peak=0.00 | HC-SR04:active=34.72,idle=25.28,sleep=0.00,peak=0.00",1,0.17134852375552512,NORMAL
651,3,Arduino Uno / ATmega328P + MPU6050 + Raspberry Pi Pico,4.15,60,23.67018358466522,34.22163022777287,0.0,0.0,0.7639091454229371,0.0,,0.0,"Arduino Uno / ATmega328P:active=60.00,idle=0.00,sleep=0.00,peak=0.00 | MPU6050:active=11.01,idle=6.32,sleep=42.66,peak=0.00 | Raspberry Pi Pico:active=0.00,idle=0.00,sleep=60.00,peak=0.00",1,0.1241693318035782,NORMAL
652,2,BME280 + BMP280,3.3,360,232.28205429673088,109.93049101689644,0.0,0.0,0.0001,0.0,,0.0,"BME280:active=360.00,idle=0.00,sleep=0.00,peak=0.00 | BMP280:active=104.56,idle=35.57,sleep=219.86,peak=0.00",1,0.20332287801905502,NORMAL
653,3,ESP32 + BME280 + MPU6050,3.3,720,431.9518974259228,276.0486397647844,0.0,0.0,0.009168340667582,0.0,,0.0,"ESP32:active=349.71,idle=0.00,sleep=370.29,peak=0.00 | BME280:active=720.00,idle=0.00,sleep=0.00,peak=0.00 | MPU6050:active=226.14,idle=36.00,sleep=457.86,peak=0.00",1,0.18580498964549985,NORMAL
654,3,BME280 + DHT22 / AM2302 + DS18B20,3.3,120,86.76191869121978,27.60448875121037,0.0,0.0,0.00075,0.0,,0.0,"BME280:active=120.00,idle=0.00,sleep=0.00,peak=0.00 | DHT22 / AM2302:active=120.00,idle=0.00,sleep=0.00,peak=0.00 | DS18B20:active=20.29,idle=16.90,sleep=82.81,peak=0.00",1,0.2157747517015211,NORMAL
655,1,DHT22 / AM2302,3.3,30,30.0,0.0,0.0,2.5,0.0,0.0,4.125,4.196658009863048,"DHT22 / AM2302:active=30.00,idle=0.00,sleep=0.00,peak=0.00",1,0.19990422596356616,NORMAL
656,3,nRF24L01+ + INA219 + HC-SR501,3.3,30,21.847039758397,7.394566022943568,0.2600139130458495,0.0,0.0009,13.500000000000002,,0.0,"nRF24L01+:active=5.54,idle=1.50,sleep=22.18,peak=0.78 | INA219:active=30.00,idle=0.00,sleep=0.00,peak=0.00 | HC-SR501:active=30.00,idle=0.00,sleep=0.00,peak=0.00",1,0.15867027938443878,NORMAL
657,3,Arduino Uno / ATmega328P + BME280 + MPU6050,3.3,360,285.6230129703092,71.03239157764925,0.0,0.0,0.01,0.0,,0.0,"Arduino Uno / ATmega328P:active=360.00,idle=0.00,sleep=0.00,peak=0.00 | BME280:active=360.00,idle=0.00,sleep=0.00,peak=0.00 | MPU6050:active=136.87,idle=10.03,sleep=213.10,peak=0.00",1,0.20192183088326376,NORMAL
658,1,ESP32,3.3,60,17.74862524370399,42.25137475629601,0.0,23.88,0.00814,0.0,23.32996033555921,23.328239039118134,"ESP32:active=17.75,idle=0.00,sleep=42.25,peak=0.00",1,0.18311131582335222,NORMAL
659,4,ESP32-S3 + HC-SR04 + INA219 + SSD1306 OLED controller,3.3,360,187.00583421471825,133.11434168275858,0.0,0.0,0.009028331407321,0.0,,0.0,"ESP32-S3:active=187.54,idle=0.00,sleep=172.46,peak=0.00 | HC-SR04:active=200.48,idle=159.52,sleep=0.00,peak=0.00 | INA219:active=360.00,idle=0.00,sleep=0.00,peak=0.00 | SSD1306 OLED controller:active=0.00,idle=0.00,sleep=360.00,peak=0.00",1,0.1933350457487878,NORMAL
660,1,SSD1306 OLED controller,3.3,360,0.0,360.0,0.0,0.0,0.01,0.0,0.198,0.1938393709590367,"SSD1306 OLED controller:active=0.00,idle=0.00,sleep=360.00,peak=0.00",1,0.16413059891875242,NORMAL
661,2,BME280 + Arduino Uno / ATmega328P,4.15,1440,1440.0,0.0,0.0,0.0,0.0,0.0,,0.0,"BME280:active=1440.00,idle=0.00,sleep=0.00,peak=0.00 | Arduino Uno / ATmega328P:active=1440.00,idle=0.00,sleep=0.00,peak=0.00",1,0.07444209626970211,NORMAL
662,3,Arduino Uno / ATmega328P + BMP280 + HC-SR04,5.0,360,250.8299106790532,61.897763770138056,0.0,0.0,0.0001,0.0,,0.0,"Arduino Uno / ATmega328P:active=360.00,idle=0.00,sleep=0.00,peak=0.00 | BMP280:active=154.97,idle=19.34,sleep=185.69,peak=0.00 | HC-SR04:active=237.52,idle=122.48,sleep=0.00,peak=0.00",1,0.12134821674278296,NORMAL
663,4,DHT22 / AM2302 + HC-SR04 + INA219 + Raspberry Pi Pico,3.3,120,77.31813151926858,30.0,0.0,0.0,1.3,0.0,,0.0,"DHT22 / AM2302:active=120.00,idle=0.00,sleep=0.00,peak=0.00 | HC-SR04:active=69.27,idle=50.73,sleep=0.00,peak=0.00 | INA219:active=120.00,idle=0.00,sleep=0.00,peak=0.00 | Raspberry Pi Pico:active=0.00,idle=0.00,sleep=120.00,peak=0.00",1,0.12526036646565503,NORMAL
664,2,nRF24L01+ + MPU6050,3.3,1440,715.6545253206964,440.5892512113824,0.0,7.899172943115771,0.00538414534668,0.0,622.5092202936729,611.9262626562057,"nRF24L01+:active=773.52,idle=219.51,sleep=446.97,peak=0.00 | MPU6050:active=657.79,idle=348.00,sleep=434.21,peak=0.00",1,0.1381531164910249,NORMAL
665,1,Arduino Uno / ATmega328P,5.0,1440,1440.0,0.0,0.0,0.0,0.0,0.0,,0.0,"Arduino Uno / ATmega328P:active=1440.00,idle=0.00,sleep=0.00,peak=0.00",1,0.03595125313074754,NORMAL
666,3,DS18B20 + HC-05 + nRF24L01+,3.3,60,28.044744445265675,19.001097468414773,0.0,19.678028192150222,0.0007801984213041,0.0,98.6366622062364,95.23244501945425,"DS18B20:active=9.33,idle=5.14,sleep=45.53,peak=0.00 | HC-05:active=42.84,idle=17.16,sleep=0.00,peak=0.00 | nRF24L01+:active=31.97,idle=16.56,sleep=11.48,peak=0.00",1,0.2096286734648538,NORMAL
667,4,ESP32-S3 + ESP32 + BMP280 + Raspberry Pi Pico,3.3,1440,398.4906167515183,1023.9026380410428,0.0,32.55757826993373,0.4609786934580185,0.0,2958.095471255896,2957.247444179263,"ESP32-S3:active=487.27,idle=0.00,sleep=952.73,peak=0.00 | ESP32:active=301.97,idle=0.00,sleep=1138.03,peak=0.00 | BMP280:active=804.73,idle=70.43,sleep=564.84,peak=0.00 | Raspberry Pi Pico:active=0.00,idle=0.00,sleep=1440.00,peak=0.00",1,0.039154672370890986,NORMAL
668,2,HC-SR04 + DS18B20,5.0,120,72.148912538542,38.249941670903794,0.0,11.384535407449798,0.00075,0.0,139.06326641721955,138.88024992183156,"HC-SR04:active=107.03,idle=12.97,sleep=0.00,peak=0.00 | DS18B20:active=37.26,idle=6.24,sleep=76.50,peak=0.00",1,0.14404291703725686,NORMAL
669,4,HC-SR04 + nRF24L01+ + DHT22 / AM2302 + HC-SR501,3.3,360,288.38812713649025,51.63761602664567,0.0,26.257022833426493,0.0008999999999999,0.0,1673.1210165053549,1657.3602077878422,"HC-SR04:active=294.52,idle=65.48,sleep=0.00,peak=0.00 | nRF24L01+:active=139.04,idle=14.41,sleep=206.55,peak=0.00 | DHT22 / AM2302:active=360.00,idle=0.00,sleep=0.00,peak=0.00 | HC-SR501:active=360.00,idle=0.00,sleep=0.00,peak=0.00",1,0.17605511968275078,NORMAL
670,1,Arduino Uno / ATmega328P,5.0,360,360.0,0.0,0.0,0.0,0.0,0.0,,0.0,"Arduino Uno / ATmega328P:active=360.00,idle=0.00,sleep=0.00,peak=0.00",1,0.12190927290759218,NORMAL
671,4,BMP280 + ESP32 + HC-SR04 + nRF24L01+,3.3,720,312.1587242457241,333.06181380623286,0.0,11.395865696390755,0.0040519500497819,0.0,791.9605243436076,775.836386674589,"BMP280:active=330.26,idle=194.72,sleep=195.02,peak=0.00 | ESP32:active=118.45,idle=0.00,sleep=601.55,peak=0.00 | HC-SR04:active=638.00,idle=82.00,sleep=0.00,peak=0.00 | nRF24L01+:active=161.92,idle=22.39,sleep=535.68,peak=0.00",1,0.16371988287327383,NORMAL
672,3,Arduino Uno / ATmega328P + HC-05 + HC-SR501,4.15,30,27.568207883666904,0.0,0.0,0.0,0.0,0.0,,0.0,"Arduino Uno / ATmega328P:active=30.00,idle=0.00,sleep=0.00,peak=0.00 | HC-05:active=22.70,idle=7.30,sleep=0.00,peak=0.00 | HC-SR501:active=30.00,idle=0.00,sleep=0.00,peak=0.00",1,0.17298450434326612,NORMAL
673,1,Arduino Uno / ATmega328P,5.0,120,120.0,0.0,0.0,0.0,0.0,0.0,,0.0,"Arduino Uno / ATmega328P:active=120.00,idle=0.00,sleep=0.00,peak=0.00",1,0.14027254662033634,NORMAL
674,1,ESP32,3.3,60,24.464838721737607,32.42899538719408,3.1061658910683176,23.88,0.00814,240.0,73.14802740046682,72.67791595662483,"ESP32:active=24.46,idle=0.00,sleep=32.43,peak=3.11",-1,-0.008800228198801885,ANOMALY
675,1,DHT22 / AM2302,3.3,720,720.0,0.0,0.0,2.5,0.0,0.0,99.0,98.53533990447391,"DHT22 / AM2302:active=720.00,idle=0.00,sleep=0.00,peak=0.00",1,0.16087865826549363,NORMAL
676,4,BMP280 + ESP32 + HC-SR04 + Arduino Uno / ATmega328P,4.15,1440,1123.7425512337416,215.40659183764544,0.0,0.0,0.0045395680407487,0.0,,0.0,"BMP280:active=890.37,idle=163.78,sleep=385.85,peak=0.00 | ESP32:active=964.22,idle=0.00,sleep=475.78,peak=0.00 | HC-SR04:active=1200.38,idle=239.62,sleep=0.00,peak=0.00 | Arduino Uno / ATmega328P:active=1440.00,idle=0.00,sleep=0.00,peak=0.00",1,0.07585197431283641,NORMAL
677,3,INA219 + BME280 + Raspberry Pi Pico,3.3,120,80.0,40.0,0.0,0.0,1.3,0.0,,0.0,"INA219:active=120.00,idle=0.00,sleep=0.00,peak=0.00 | BME280:active=120.00,idle=0.00,sleep=0.00,peak=0.00 | Raspberry Pi Pico:active=0.00,idle=0.00,sleep=120.00,peak=0.00",1,0.1344509551350524,NORMAL
678,1,HC-SR04,5.0,120,84.27001764539293,0.0,0.0,15.0,0.0,0.0,111.29251911584232,108.9751347856518,"HC-SR04:active=84.27,idle=35.73,sleep=0.00,peak=0.00",1,0.13795511581349823,NORMAL
679,4,Raspberry Pi Pico + BMP280 + BME280 + SSD1306 OLED controller,3.3,120,52.74081917658934,66.74931321814067,0.0,0.0,0.5887802141556857,0.0,,0.0,"Raspberry Pi Pico:active=0.00,idle=0.00,sleep=120.00,peak=0.00 | BMP280:active=90.96,idle=2.04,sleep=27.00,peak=0.00 | BME280:active=120.00,idle=0.00,sleep=0.00,peak=0.00 | SSD1306 OLED controller:active=0.00,idle=0.00,sleep=120.00,peak=0.00",1,0.16399666608861901,NORMAL
680,1,HC-05,3.3,360,233.6612903253736,0.0,0.0,30.0,0.0,0.0,441.130161293702,439.6139192993645,"HC-05:active=233.66,idle=126.34,sleep=0.00,peak=0.00",1,0.17353304893606353,NORMAL
681,1,Arduino Uno / ATmega328P,5.0,360,360.0,0.0,0.0,0.0,0.0,0.0,,0.0,"Arduino Uno / ATmega328P:active=360.00,idle=0.00,sleep=0.00,peak=0.00",1,0.12190927290759218,NORMAL
682,3,HC-05 + nRF24L01+ + SSD1306 OLED controller,3.3,60,21.95609753183773,31.01274064610544,0.0,24.019752499214853,0.0067685558324834,0.0,93.74716409203133,89.84307986111601,"HC-05:active=44.80,idle=15.20,sleep=0.00,peak=0.00 | nRF24L01+:active=21.06,idle=5.90,sleep=33.04,peak=0.00 | SSD1306 OLED controller:active=0.00,idle=0.00,sleep=60.00,peak=0.00",1,0.20308695904411023,NORMAL
683,3,DS18B20 + BMP280 + nRF24L01+,3.3,60,22.277140335615417,32.82185335503993,0.0124273857063383,4.426905941776379,0.0005088857055276,0.03685,16.279148789882885,16.312459292819227,"DS18B20:active=27.81,idle=11.69,sleep=20.49,peak=0.00 | BMP280:active=15.30,idle=0.36,sleep=44.30,peak=0.04 | nRF24L01+:active=23.72,idle=2.61,sleep=33.67,peak=0.00",1,0.20520916311726983,NORMAL
684,3,DS18B20 + Raspberry Pi Pico + HC-SR501,5.0,720,399.0032386323526,291.1339499296968,0.0,39.49592813494161,1.0718033762046593,0.0,4017.7659965508446,3912.094362714872,"DS18B20:active=477.01,idle=89.59,sleep=153.40,peak=0.00 | Raspberry Pi Pico:active=0.00,idle=0.00,sleep=720.00,peak=0.00 | HC-SR501:active=720.00,idle=0.00,sleep=0.00,peak=0.00",1,1.0550647183249495e-05,NORMAL
685,1,BME280,3.3,360,360.0,0.0,0.0,0.0,0.0,0.0,,0.0,"BME280:active=360.00,idle=0.00,sleep=0.00,peak=0.00",1,0.18200890968177708,NORMAL
686,1,BME280,3.3,30,30.0,0.0,0.0,0.0,0.0,0.0,,0.0,"BME280:active=30.00,idle=0.00,sleep=0.00,peak=0.00",1,0.20199916271044493,NORMAL
687,4,nRF24L01+ + Raspberry Pi Pico + HC-SR04 + MPU6050,3.3,360,183.3635510649968,156.45748478174315,0.0,10.48254067811051,0.7493747325307881,0.0,449.8332986029357,445.14045466349177,"nRF24L01+:active=127.41,idle=48.28,sleep=184.30,peak=0.00 | Raspberry Pi Pico:active=0.00,idle=0.00,sleep=360.00,peak=0.00 | HC-SR04:active=350.01,idle=9.99,sleep=0.00,peak=0.00 | MPU6050:active=256.03,idle=22.44,sleep=81.53,peak=0.00",1,0.13898704780108528,NORMAL
688,4,MPU6050 + Raspberry Pi Pico + INA219 + ESP32-S3,3.3,360,196.8184515630101,155.32655182613223,0.0,0.0,0.7568356847957997,0.0,,0.0,"MPU6050:active=196.06,idle=31.42,sleep=132.52,peak=0.00 | Raspberry Pi Pico:active=0.00,idle=0.00,sleep=360.00,peak=0.00 | INA219:active=360.00,idle=0.00,sleep=0.00,peak=0.00 | ESP32-S3:active=231.22,idle=0.00,sleep=128.78,peak=0.00",1,0.14526313428360876,NORMAL
689,4,INA219 + DS18B20 + HC-SR04 + BMP280,4.15,120,74.97724533378609,23.30003091999474,0.0,0.0,0.0006339335945003,0.0,,0.0,"INA219:active=120.00,idle=0.00,sleep=0.00,peak=0.00 | DS18B20:active=39.65,idle=3.79,sleep=76.56,peak=0.00 | HC-SR04:active=85.12,idle=34.88,sleep=0.00,peak=0.00 | BMP280:active=55.14,idle=48.22,sleep=16.64,peak=0.00",1,0.16577360508375782,NORMAL
690,1,HC-SR04,5.0,720,570.1271440565519,0.0,0.0,14.999999999999998,0.0,0.0,737.6377393945977,721.2734359609284,"HC-SR04:active=570.13,idle=149.87,sleep=0.00,peak=0.00",1,0.10354254884389402,NORMAL
691,4,HC-05 + Arduino Uno / ATmega328P + MPU6050 + ESP32,3.3,120,62.95048131527791,37.1296201390558,0.0,0.0,0.0089165354935536,0.0,,0.0,"HC-05:active=60.31,idle=59.69,sleep=0.00,peak=0.00 | Arduino Uno / ATmega328P:active=120.00,idle=0.00,sleep=0.00,peak=0.00 | MPU6050:active=38.00,idle=19.99,sleep=62.01,peak=0.00 | ESP32:active=33.49,idle=0.00,sleep=86.51,peak=0.00",1,0.20782823050825971,NORMAL
692,2,Arduino Uno / ATmega328P + HC-SR501,5.0,60,60.0,0.0,0.0,0.0,0.0,0.0,,0.0,"Arduino Uno / ATmega328P:active=60.00,idle=0.00,sleep=0.00,peak=0.00 | HC-SR501:active=60.00,idle=0.00,sleep=0.00,peak=0.00",1,0.14895552056687938,NORMAL
693,4,Arduino Uno / ATmega328P + HC-SR04 + nRF24L01+ + DS18B20,5.0,720,443.98134102645423,185.5530899644379,0.0,0.0,0.0007832950597,0.0,,0.0,"Arduino Uno / ATmega328P:active=720.00,idle=0.00,sleep=0.00,peak=0.00 | HC-SR04:active=536.40,idle=183.60,sleep=0.00,peak=0.00 | nRF24L01+:active=385.30,idle=169.95,sleep=164.75,peak=0.00 | DS18B20:active=134.22,idle=8.32,sleep=577.47,peak=0.00",1,0.07632771388984849,NORMAL
694,2,Raspberry Pi Pico + DS18B20,5.0,720,131.97382619057854,564.1100120018143,0.0,1.0,0.8298967799697476,0.0,100.02414097015594,99.42502459097368,"Raspberry Pi Pico:active=0.00,idle=0.00,sleep=720.00,peak=0.00 | DS18B20:active=263.95,idle=47.83,sleep=408.22,peak=0.00",1,0.023423065097345153,NORMAL
695,2,HC-SR04 + nRF24L01+,4.15,360,160.01758601181967,141.75383554152222,0.0,14.547471635341658,0.0009,0.0,333.0473418363304,335.0592219129571,"HC-SR04:active=280.89,idle=79.11,sleep=0.00,peak=0.00 | nRF24L01+:active=39.14,idle=37.35,sleep=283.51,peak=0.00",1,0.1635541749942882,NORMAL
696,1,INA219,3.3,60,60.0,0.0,0.0,0.0,0.0,0.0,,0.0,"INA219:active=60.00,idle=0.00,sleep=0.00,peak=0.00",1,0.20809052361625596,NORMAL
697,2,BMP280 + MPU6050,3.3,1440,528.3176610371247,602.363634757917,0.09971400678286,1.6585689822403276,0.0067990017785595,0.03685,96.88934535724869,95.3841671416806,"BMP280:active=607.70,idle=442.57,sleep=389.53,peak=0.20 | MPU6050:active=448.93,idle=175.87,sleep=815.20,peak=0.00",1,0.10943404200168422,NORMAL
698,3,INA219 + Arduino Uno / ATmega328P + DS18B20,5.0,1440,1102.6363498933847,222.00060475780924,0.0,0.0,0.00075,0.0,,0.0,"INA219:active=1440.00,idle=0.00,sleep=0.00,peak=0.00 | Arduino Uno / ATmega328P:active=1440.00,idle=0.00,sleep=0.00,peak=0.00 | DS18B20:active=427.91,idle=346.09,sleep=666.00,peak=0.00",1,0.041420629056857505,NORMAL
699,1,DS18B20,5.0,30,21.4161853327718,7.889965548562827,0.0,1.0,0.00075,0.0,1.785218599481018,1.7833362158603616,"DS18B20:active=21.42,idle=0.69,sleep=7.89,peak=0.00",1,0.12865542086822174,NORMAL
700,1,BMP280,3.3,60,28.45779050586974,26.48536564430208,0.0,0.00274,0.0001,0.0,0.0044620711814522,0.0043146977309432,"BMP280:active=28.46,idle=5.06,sleep=26.49,peak=0.00",1,0.2025735785322199,NORMAL
701,2,HC-SR04 + INA219,4.15,1440,1206.4151037623,0.0,0.0,0.0,0.0,0.0,,0.0,"HC-SR04:active=972.83,idle=467.17,sleep=0.00,peak=0.00 | INA219:active=1440.00,idle=0.00,sleep=0.00,peak=0.00",1,0.08665908968828018,NORMAL
702,2,MPU6050 + HC-SR04,4.15,720,473.32914271711127,69.52050348588314,0.0,9.318146239882878,0.01,0.0,645.9339822955012,645.8952308624533,"MPU6050:active=484.57,idle=96.38,sleep=139.04,peak=0.00 | HC-SR04:active=462.08,idle=257.92,sleep=0.00,peak=0.00",1,0.13621059857374962,NORMAL
703,3,INA219 + HC-05 + ESP32,3.3,1440,1155.2760652740626,237.7761704033287,0.8403505027981105,0.0,0.00814,240.0,,0.0,"INA219:active=1440.00,idle=0.00,sleep=0.00,peak=0.00 | HC-05:active=1301.68,idle=138.32,sleep=0.00,peak=0.00 | ESP32:active=724.15,idle=0.00,sleep=713.33,peak=2.52",-1,-0.0007388503616424513,ANOMALY
704,1,HC-SR501,3.3,120,120.0,0.0,0.0,65.0,0.0,0.0,429.0,429.29521631555576,"HC-SR501:active=120.00,idle=0.00,sleep=0.00,peak=0.00",1,0.1444546867659608,NORMAL
705,1,HC-05,3.3,120,68.02977415093537,0.0,0.0,30.0,0.0,0.0,135.1160267226318,134.52629000412765,"HC-05:active=68.03,idle=51.97,sleep=0.00,peak=0.00",1,0.190738186151154,NORMAL
706,1,HC-05,3.3,360,198.91478117060623,0.0,0.0,30.0,0.0,0.0,399.08688521643353,382.1727533974094,"HC-05:active=198.91,idle=161.09,sleep=0.00,peak=0.00",1,0.17371776741221123,NORMAL
707,3,Raspberry Pi Pico + HC-SR04 + HC-05,4.15,30,12.913635839031684,10.0,0.0,24.04246499620048,1.3,0.0,72.82003463177941,74.62429646188934,"Raspberry Pi Pico:active=0.00,idle=0.00,sleep=30.00,peak=0.00 | HC-SR04:active=15.39,idle=14.61,sleep=0.00,peak=0.00 | HC-05:active=23.35,idle=6.65,sleep=0.00,peak=0.00",1,0.07102780071633241,NORMAL
708,3,DS18B20 + Arduino Uno / ATmega328P + HC-05,5.0,60,50.198951942747605,4.553454508891155,0.0,0.0,0.00075,0.0,,0.0,"DS18B20:active=35.70,idle=10.64,sleep=13.66,peak=0.00 | Arduino Uno / ATmega328P:active=60.00,idle=0.00,sleep=0.00,peak=0.00 | HC-05:active=54.90,idle=5.10,sleep=0.00,peak=0.00",1,0.14595541729523726,NORMAL
709,4,DHT22 / AM2302 + Raspberry Pi Pico + INA219 + ESP32,3.3,1440,934.719322858758,505.2806771412421,0.0,0.0,0.928558335866816,0.0,,0.0,"DHT22 / AM2302:active=1440.00,idle=0.00,sleep=0.00,peak=0.00 | Raspberry Pi Pico:active=0.00,idle=0.00,sleep=1440.00,peak=0.00 | INA219:active=1440.00,idle=0.00,sleep=0.00,peak=0.00 | ESP32:active=858.88,idle=0.00,sleep=581.12,peak=0.00",1,0.04540164769377819,NORMAL
710,2,Arduino Uno / ATmega328P + MPU6050,4.15,30,24.5795026638327,4.794526941615473,0.0,0.0,0.01,0.0,,0.0,"Arduino Uno / ATmega328P:active=30.00,idle=0.00,sleep=0.00,peak=0.00 | MPU6050:active=19.16,idle=1.25,sleep=9.59,peak=0.00",1,0.1662437419874508,NORMAL
711,2,INA219 + HC-SR04,4.15,120,105.58458855541954,0.0,0.0,0.0,0.0,0.0,,0.0,"INA219:active=120.00,idle=0.00,sleep=0.00,peak=0.00 | HC-SR04:active=91.17,idle=28.83,sleep=0.00,peak=0.00",1,0.18180046095583352,NORMAL
712,1,BME280,3.3,30,30.0,0.0,0.0,0.0,0.0,0.0,,0.0,"BME280:active=30.00,idle=0.00,sleep=0.00,peak=0.00",1,0.20199916271044493,NORMAL
713,2,ESP32-S3 + Raspberry Pi Pico,3.3,1440,428.7900253564963,1011.2099746435038,0.0,91.7,0.9276396528359054,0.0,4428.389217451454,4407.578800009981,"ESP32-S3:active=857.58,idle=0.00,sleep=582.42,peak=0.00 | Raspberry Pi Pico:active=0.00,idle=0.00,sleep=1440.00,peak=0.00",-1,-0.027163355173325243,ANOMALY
714,4,HC-05 + Raspberry Pi Pico + HC-SR04 + HC-SR501,4.15,120,77.12847215143188,30.0,0.0,38.63476894381262,1.3,0.0,856.3990654738541,867.6005294362325,"HC-05:active=86.11,idle=33.89,sleep=0.00,peak=0.00 | Raspberry Pi Pico:active=0.00,idle=0.00,sleep=120.00,peak=0.00 | HC-SR04:active=102.40,idle=17.60,sleep=0.00,peak=0.00 | HC-SR501:active=120.00,idle=0.00,sleep=0.00,peak=0.00",1,0.04862094709049114,NORMAL
715,4,BME280 + SSD1306 OLED controller + Arduino Uno / ATmega328P + BMP280,3.3,120,75.71183117481831,43.784355361150176,0.0,0.0,0.0068832447811605,0.0,,0.0,"BME280:active=120.00,idle=0.00,sleep=0.00,peak=0.00 | SSD1306 OLED controller:active=0.00,idle=0.00,sleep=120.00,peak=0.00 | Arduino Uno / ATmega328P:active=120.00,idle=0.00,sleep=0.00,peak=0.00 | BMP280:active=62.85,idle=2.02,sleep=55.14,peak=0.00",1,0.20508062370551344,NORMAL
716,1,ESP32,3.3,720,175.05901823541603,544.940981764584,0.0,23.88,0.00814,0.0,230.1664846279314,223.87320869244743,"ESP32:active=175.06,idle=0.00,sleep=544.94,peak=0.00",1,0.13681307952267846,NORMAL
717,2,SSD1306 OLED controller + MPU6050,3.3,360,76.58762777937517,276.9842820725353,0.0,3.9,0.01,0.0,33.164310477213185,33.04354003432773,"SSD1306 OLED controller:active=0.00,idle=0.00,sleep=360.00,peak=0.00 | MPU6050:active=153.18,idle=12.86,sleep=193.97,peak=0.00",1,0.18465883574889386,NORMAL
718,1,SSD1306 OLED controller,3.3,120,0.0,120.0,0.0,0.0,0.01,0.0,0.066,0.0674242650049879,"SSD1306 OLED controller:active=0.00,idle=0.00,sleep=120.00,peak=0.00",1,0.18443504334169475,NORMAL
719,4,HC-05 + SSD1306 OLED controller + Raspberry Pi Pico + ESP32-S3,3.3,360,94.8942350228948,227.97038270764008,0.0,57.32755458024346,0.5186454103144821,0.0,1288.1821234612278,1305.2242163219903,"HC-05:active=211.46,idle=148.54,sleep=0.00,peak=0.00 | SSD1306 OLED controller:active=0.00,idle=0.00,sleep=360.00,peak=0.00 | Raspberry Pi Pico:active=0.00,idle=0.00,sleep=360.00,peak=0.00 | ESP32-S3:active=168.12,idle=0.00,sleep=191.88,peak=0.00",1,0.0956098016549155,NORMAL
720,4,Raspberry Pi Pico + HC-SR501 + HC-SR04 + HC-05,4.15,60,40.66425366130197,15.0,0.0,38.4242859716274,1.3,0.0,442.57092936161496,456.87731571731337,"Raspberry Pi Pico:active=0.00,idle=0.00,sleep=60.00,peak=0.00 | HC-SR501:active=60.00,idle=0.00,sleep=0.00,peak=0.00 | HC-SR04:active=48.65,idle=11.35,sleep=0.00,peak=0.00 | HC-05:active=54.01,idle=5.99,sleep=0.00,peak=0.00",1,0.04894828876636437,NORMAL
721,1,nRF24L01+,3.3,360,133.19706494980136,200.28159984431463,0.0,11.3,0.0009,0.0,82.82981531483824,84.51345257817087,"nRF24L01+:active=133.20,idle=26.52,sleep=200.28,peak=0.00",1,0.17410476300591565,NORMAL
722,3,HC-SR04 + SSD1306 OLED controller + MPU6050,3.3,720,319.89829191835616,307.4538119323607,0.0,9.798082725380937,0.01,0.0,540.8066501880899,563.6895838167719,"HC-SR04:active=509.94,idle=210.06,sleep=0.00,peak=0.00 | SSD1306 OLED controller:active=0.00,idle=0.00,sleep=720.00,peak=0.00 | MPU6050:active=449.75,idle=67.89,sleep=202.36,peak=0.00",1,0.18525067402507794,NORMAL
723,3,HC-SR04 + ESP32-S3 + DS18B20,5.0,360,215.9446804164534,130.43669504904622,0.0,16.341674426063197,0.005631802734294,0.0,882.778183444474,893.6629751439776,"HC-SR04:active=357.79,idle=2.21,sleep=0.00,peak=0.00 | ESP32-S3:active=54.35,idle=0.00,sleep=305.65,peak=0.00 | DS18B20:active=235.69,idle=38.65,sleep=85.66,peak=0.00",1,0.11144519603814568,NORMAL
724,2,INA219 + Arduino Uno / ATmega328P,4.15,120,120.0,0.0,0.0,0.0,0.0,0.0,,0.0,"INA219:active=120.00,idle=0.00,sleep=0.00,peak=0.00 | Arduino Uno / ATmega328P:active=120.00,idle=0.00,sleep=0.00,peak=0.00",1,0.18078344688833214,NORMAL
725,3,MPU6050 + DHT22 / AM2302 + ESP32-S3,3.3,30,22.60677716309908,5.360293699754404,1.0569720256586397,37.10156487527045,0.009267587333627,2.5,138.83822640223852,138.22836241034062,"MPU6050:active=14.92,idle=2.93,sleep=12.15,peak=0.00 | DHT22 / AM2302:active=26.83,idle=0.00,sleep=0.00,peak=3.17 | ESP32-S3:active=26.07,idle=0.00,sleep=3.93,peak=0.00",1,0.11269683389149521,NORMAL
726,4,BMP280 + DS18B20 + SSD1306 OLED controller + ESP32-S3,3.3,120,37.35830771709406,74.8317169708676,0.0,30.01454275921305,0.0057844328939579,0.0,246.78035435072323,244.62335927406448,"BMP280:active=24.57,idle=14.51,sleep=80.93,peak=0.00 | DS18B20:active=76.79,idle=16.73,sleep=26.47,peak=0.00 | SSD1306 OLED controller:active=0.00,idle=0.00,sleep=120.00,peak=0.00 | ESP32-S3:active=48.07,idle=0.00,sleep=71.93,peak=0.00",1,0.17557244082940915,NORMAL
727,1,DHT22 / AM2302,3.3,1440,1435.6562711209824,0.0,4.343728879017667,2.5,0.0,2.5,198.00000000000003,201.50138344530265,"DHT22 / AM2302:active=1435.66,idle=0.00,sleep=0.00,peak=4.34",-1,-0.05956434684917877,ANOMALY
728,2,DHT22 / AM2302 + nRF24L01+,3.3,30,20.39358785542048,8.994509836294004,0.0,4.82737728467356,0.0008999999999999,0.0,10.831870201363142,10.915743924129488,"DHT22 / AM2302:active=30.00,idle=0.00,sleep=0.00,peak=0.00 | nRF24L01+:active=10.79,idle=1.22,sleep=17.99,peak=0.00",1,0.20693250252248918,NORMAL
729,2,HC-05 + HC-SR04,4.15,360,195.0601650130112,0.0,0.0,22.582876312944894,0.0,0.0,722.5499164531301,699.624034133576,"HC-05:active=197.22,idle=162.78,sleep=0.00,peak=0.00 | HC-SR04:active=192.90,idle=167.10,sleep=0.00,peak=0.00",1,0.15687040643404426,NORMAL
730,3,DS18B20 + DHT22 / AM2302 + MPU6050,3.3,720,457.4876708571581,221.11755210446785,0.0,1.9755724933216667,0.0084142012380515,0.0,149.45807231305463,147.36935564147578,"DS18B20:active=563.17,idle=43.10,sleep=113.72,peak=0.00 | DHT22 / AM2302:active=720.00,idle=0.00,sleep=0.00,peak=0.00 | MPU6050:active=89.29,idle=81.08,sleep=549.63,peak=0.00",1,0.18347385628866847,NORMAL
731,2,HC-05 + ESP32,3.3,30,27.070001123593748,1.8399660422026864,0.0,27.02477264577862,0.00814,0.0,81.43254524716353,83.15001250632997,"HC-05:active=27.82,idle=2.18,sleep=0.00,peak=0.00 | ESP32:active=26.32,idle=0.00,sleep=3.68,peak=0.00",1,0.19634809174208484,NORMAL
732,2,ESP32 + DS18B20,4.15,720,218.359947998692,490.666725013644,0.0,14.534954956286777,0.0042265085529328,0.0,439.3375429640512,428.3043695674186,"ESP32:active=258.35,idle=0.00,sleep=461.65,peak=0.00 | DS18B20:active=178.37,idle=21.95,sleep=519.68,peak=0.00",1,0.12347720829955172,NORMAL
733,4,Raspberry Pi Pico + SSD1306 OLED controller + DHT22 / AM2302 + DS18B20,3.3,360,118.00887185538416,215.16825475405523,0.0,2.1439817860934887,0.5480658674573509,0.0,81.61018034432837,78.34027402539617,"Raspberry Pi Pico:active=0.00,idle=0.00,sleep=360.00,peak=0.00 | SSD1306 OLED controller:active=0.00,idle=0.00,sleep=360.00,peak=0.00 | DHT22 / AM2302:active=360.00,idle=0.00,sleep=0.00,peak=0.00 | DS18B20:active=112.04,idle=107.29,sleep=140.67,peak=0.00",1,0.1448739356115542,NORMAL
734,1,ESP32-S3,3.3,120,79.90379346538833,40.09620653461166,0.0,91.7,0.007,0.0,403.0102193822019,411.9437273924653,"ESP32-S3:active=79.90,idle=0.00,sleep=40.10,peak=0.00",1,0.08995539202963931,NORMAL
735,2,ESP32-S3 + DS18B20,4.15,360,162.0013242711535,185.436297952736,1.3818776101811745,62.65977438581504,0.0031048545108201,1.5,1404.5845680577925,1415.340065823743,"ESP32-S3:active=220.26,idle=0.00,sleep=139.74,peak=0.00 | DS18B20:active=103.74,idle=22.36,sleep=231.14,peak=2.76",1,0.03188470824483047,NORMAL
736,3,DS18B20 + Arduino Uno / ATmega328P + HC-SR04,5.0,60,44.52914113787144,6.967991102093166,0.0,0.0,0.0007499999999999,0.0,,0.0,"DS18B20:active=35.41,idle=3.69,sleep=20.90,peak=0.00 | Arduino Uno / ATmega328P:active=60.00,idle=0.00,sleep=0.00,peak=0.00 | HC-SR04:active=38.18,idle=21.82,sleep=0.00,peak=0.00",1,0.1476962284538771,NORMAL
737,2,ESP32 + ESP32-S3,3.3,120,55.3392604201555,64.6607395798445,0.0,46.74231110847197,0.0074110680599695,0.0,284.5880545434841,284.34851079231174,"ESP32:active=73.37,idle=0.00,sleep=46.63,peak=0.00 | ESP32-S3:active=37.31,idle=0.00,sleep=82.69,peak=0.00",1,0.17680437582867442,NORMAL
738,1,INA219,3.3,1440,1440.0,0.0,0.0,0.0,0.0,0.0,,0.0,"INA219:active=1440.00,idle=0.00,sleep=0.00,peak=0.00",1,0.09909329927197102,NORMAL
739,4,INA219 + Arduino Uno / ATmega328P + nRF24L01+ + DS18B20,4.15,30,21.04435702981232,5.718076836360801,0.0,0.0,0.000866772610966,0.0,,0.0,"INA219:active=30.00,idle=0.00,sleep=0.00,peak=0.00 | Arduino Uno / ATmega328P:active=30.00,idle=0.00,sleep=0.00,peak=0.00 | nRF24L01+:active=9.59,idle=2.60,sleep=17.81,peak=0.00 | DS18B20:active=14.59,idle=10.35,sleep=5.07,peak=0.00",1,0.15688306683553327,NORMAL
740,2,ESP32 + BME280,3.3,30,18.709166543781294,9.261143179750226,2.0296902764684823,0.0,0.00814,240.0,,0.0,"ESP32:active=7.42,idle=0.00,sleep=18.52,peak=4.06 | BME280:active=30.00,idle=0.00,sleep=0.00,peak=0.00",1,0.0386562265065199,NORMAL
741,2,HC-SR04 + INA219,4.15,60,54.71939204934869,0.0,0.0,0.0,0.0,0.0,,0.0,"HC-SR04:active=49.44,idle=10.56,sleep=0.00,peak=0.00 | INA219:active=60.00,idle=0.00,sleep=0.00,peak=0.00",1,0.18056340917688363,NORMAL
742,4,BME280 + ESP32 + MPU6050 + HC-SR04,3.3,720,420.4308710484644,233.3774791770581,0.0,0.0,0.0088541362779976,0.0,,0.0,"BME280:active=720.00,idle=0.00,sleep=0.00,peak=0.00 | ESP32:active=144.91,idle=0.00,sleep=575.09,peak=0.00 | MPU6050:active=329.36,idle=32.23,sleep=358.42,peak=0.00 | HC-SR04:active=487.46,idle=232.54,sleep=0.00,peak=0.00",1,0.17505505801410093,NORMAL
743,1,ESP32,3.3,360,124.03199036280547,235.43692239531237,0.5310872418821766,23.88,0.00814,240.0,170.0193728455098,171.09038365807777,"ESP32:active=124.03,idle=0.00,sleep=235.44,peak=0.53",1,0.048375876363112136,NORMAL
744,3,nRF24L01+ + DHT22 / AM2302 + Raspberry Pi Pico,3.3,30,14.083812960725494,11.724691182267067,1.574134760537912,6.035259953108122,1.1089035966873184,2.5,16.83072812204004,17.000451715270877,"nRF24L01+:active=16.97,idle=7.85,sleep=5.17,peak=0.00 | DHT22 / AM2302:active=25.28,idle=0.00,sleep=0.00,peak=4.72 | Raspberry Pi Pico:active=0.00,idle=0.00,sleep=30.00,peak=0.00",1,0.04310618124958321,NORMAL
745,1,ESP32-S3,3.3,1440,677.0561673511626,762.9438326488374,0.0,91.7,0.007,0.0,3415.0265134111582,3358.5443077831937,"ESP32-S3:active=677.06,idle=0.00,sleep=762.94,peak=0.00",1,0.023793734267690825,NORMAL
746,1,ESP32-S3,3.3,30,18.761481724445552,11.238518275554448,0.0,91.7,0.0069999999999999,0.0,94.62785990677725,94.51890583854194,"ESP32-S3:active=18.76,idle=0.00,sleep=11.24,peak=0.00",1,0.0939216935809492,NORMAL
747,2,SSD1306 OLED controller + nRF24L01+,3.3,720,160.14075009839834,480.4049883017452,0.0,11.3,0.0077192464270215,0.0,199.69011165432656,207.65673435461025,"SSD1306 OLED controller:active=0.00,idle=0.00,sleep=720.00,peak=0.00 | nRF24L01+:active=320.28,idle=158.91,sleep=240.81,peak=0.00",1,0.1616408186737308,NORMAL
748,1,SSD1306 OLED controller,3.3,60,0.0,60.0,0.0,0.0,0.01,0.0,0.033,0.0330035131843738,"SSD1306 OLED controller:active=0.00,idle=0.00,sleep=60.00,peak=0.00",1,0.19152255369310017,NORMAL
749,4,INA219 + Arduino Uno / ATmega328P + DHT22 / AM2302 + nRF24L01+,3.3,1440,1151.7105728567285,271.6309964585745,0.7825610965567621,0.0,0.0009,13.5,,0.0,"INA219:active=1440.00,idle=0.00,sleep=0.00,peak=0.00 | Arduino Uno / ATmega328P:active=1440.00,idle=0.00,sleep=0.00,peak=0.00 | DHT22 / AM2302:active=1440.00,idle=0.00,sleep=0.00,peak=0.00 | nRF24L01+:active=286.84,idle=63.50,sleep=1086.52,peak=3.13",1,0.0548677309447313,NORMAL
750,1,HC-SR04,5.0,120,72.84199071296237,0.0,0.0,15.0,0.0,0.0,98.91215660570924,101.33582383999156,"HC-SR04:active=72.84,idle=47.16,sleep=0.00,peak=0.00",1,0.139771766108232,NORMAL
751,2,ESP32-S3 + DS18B20,4.15,30,22.670053861154475,6.219794054399013,0.0,50.05347330063464,0.0035026099353547,0.0,156.97202827425,156.13218861117403,"ESP32-S3:active=24.52,idle=0.00,sleep=5.48,peak=0.00 | DS18B20:active=20.82,idle=2.22,sleep=6.96,peak=0.00",1,0.12757906305158945,NORMAL
752,2,HC-SR501 + BME280,3.3,120,120.0,0.0,0.0,0.0,0.0,0.0,,0.0,"HC-SR501:active=120.00,idle=0.00,sleep=0.00,peak=0.00 | BME280:active=120.00,idle=0.00,sleep=0.00,peak=0.00",1,0.21399336619511816,NORMAL
753,2,ESP32 + DS18B20,4.15,1440,715.2001409304175,688.7194061081576,0.0,18.30662192302577,0.0026708595382513,0.0,1811.442507221227,1854.4945735905767,"ESP32:active=1081.97,idle=0.00,sleep=358.03,peak=0.00 | DS18B20:active=348.43,idle=72.16,sleep=1019.41,peak=0.00",1,0.07370070608079915,NORMAL
754,4,MPU6050 + DS18B20 + nRF24L01+ + BMP280,3.3,720,288.8834980526266,232.29998032178756,0.0,3.660707656167434,0.0029718588690384,0.0,232.9999742556799,225.34244422223887,"MPU6050:active=339.38,idle=147.77,sleep=232.85,peak=0.00 | DS18B20:active=336.08,idle=311.36,sleep=72.57,peak=0.00 | nRF24L01+:active=227.41,idle=97.44,sleep=395.15,peak=0.00 | BMP280:active=252.67,idle=238.70,sleep=228.63,peak=0.00",1,0.1746648672723492,NORMAL
755,4,INA219 + HC-SR501 + BMP280 + ESP32-S3,3.3,60,43.14692837310847,14.193422553799405,0.0,0.0,0.0026497735772037,0.0,,0.0,"INA219:active=60.00,idle=0.00,sleep=0.00,peak=0.00 | HC-SR501:active=60.00,idle=0.00,sleep=0.00,peak=0.00 | BMP280:active=13.57,idle=10.64,sleep=35.79,peak=0.00 | ESP32-S3:active=39.02,idle=0.00,sleep=20.98,peak=0.00",1,0.20974850541796564,NORMAL
756,2,Raspberry Pi Pico + DHT22 / AM2302,3.3,1440,719.5632899876983,720.0,0.4367100123016038,2.5,1.3,2.5,300.96,294.41992837009053,"Raspberry Pi Pico:active=0.00,idle=0.00,sleep=1440.00,peak=0.00 | DHT22 / AM2302:active=1439.13,idle=0.00,sleep=0.00,peak=0.87",-1,-0.009854847983179149,ANOMALY
757,4,HC-SR501 + INA219 + DS18B20 + Raspberry Pi Pico,4.15,360,206.8137607722856,132.822085454311,0.0234382334203489,0.0,0.8811194024230872,1.5,,0.0,"HC-SR501:active=360.00,idle=0.00,sleep=0.00,peak=0.00 | INA219:active=360.00,idle=0.00,sleep=0.00,peak=0.00 | DS18B20:active=107.26,idle=81.36,sleep=171.29,peak=0.09 | Raspberry Pi Pico:active=0.00,idle=0.00,sleep=360.00,peak=0.00",1,0.07477787046329065,NORMAL
758,4,HC-05 + SSD1306 OLED controller + HC-SR501 + ESP32-S3,3.3,720,362.3687848952189,294.789410445754,0.0,58.48891462459184,0.0088318161401505,0.0,4773.976874809755,4941.807604074761,"HC-05:active=468.63,idle=251.37,sleep=0.00,peak=0.00 | SSD1306 OLED controller:active=0.00,idle=0.00,sleep=720.00,peak=0.00 | HC-SR501:active=720.00,idle=0.00,sleep=0.00,peak=0.00 | ESP32-S3:active=260.84,idle=0.00,sleep=459.16,peak=0.00",1,0.11817363432502942,NORMAL
759,2,INA219 + Arduino Uno / ATmega328P,4.15,30,30.0,0.0,0.0,0.0,0.0,0.0,,0.0,"INA219:active=30.00,idle=0.00,sleep=0.00,peak=0.00 | Arduino Uno / ATmega328P:active=30.00,idle=0.00,sleep=0.00,peak=0.00",1,0.17586018091408756,NORMAL
760,2,DS18B20 + INA219,4.15,120,87.56175645269562,32.3075945497127,0.0,0.0,0.00075,0.0,,0.0,"DS18B20:active=55.12,idle=0.26,sleep=64.62,peak=0.00 | INA219:active=120.00,idle=0.00,sleep=0.00,peak=0.00",1,0.18182324806594158,NORMAL
761,1,DS18B20,5.0,720,257.5633718533815,382.2125360065335,0.0,1.0,0.00075,0.0,21.49251661037429,21.65232105416993,"DS18B20:active=257.56,idle=80.22,sleep=382.21,peak=0.00",1,0.08961456379314009,NORMAL
762,4,DHT22 / AM2302 + BME280 + INA219 + ESP32,3.3,360,321.60013316805106,37.652428690549264,0.747438141399696,0.0,0.00814,240.0,,0.0,"DHT22 / AM2302:active=360.00,idle=0.00,sleep=0.00,peak=0.00 | BME280:active=360.00,idle=0.00,sleep=0.00,peak=0.00 | INA219:active=360.00,idle=0.00,sleep=0.00,peak=0.00 | ESP32:active=206.40,idle=0.00,sleep=150.61,peak=2.99",1,0.06052426495255803,NORMAL
763,3,BMP280 + ESP32 + HC-05,3.3,1440,950.6734902984944,395.6759261617223,0.0,20.0024958110458,0.0055052933519805,0.0,3159.751002300984,3097.448613493461,"BMP280:active=819.55,idle=231.46,sleep=388.99,peak=0.00 | ESP32:active=641.96,idle=0.00,sleep=798.04,peak=0.00 | HC-05:active=1390.51,idle=49.49,sleep=0.00,peak=0.00",1,0.12657233825635422,NORMAL
764,3,HC-SR501 + Arduino Uno / ATmega328P + DHT22 / AM2302,4.15,360,358.9871741509692,0.0,1.0128258490307716,0.0,0.0,2.5,,0.0,"HC-SR501:active=360.00,idle=0.00,sleep=0.00,peak=0.00 | Arduino Uno / ATmega328P:active=360.00,idle=0.00,sleep=0.00,peak=0.00 | DHT22 / AM2302:active=356.96,idle=0.00,sleep=0.00,peak=3.04",1,0.08703277349690286,NORMAL
765,3,ESP32 + DS18B20 + ESP32-S3,3.3,60,35.82532703745302,22.949553127945894,0.1886954716784193,52.20937154688208,0.0041674314280961,1.5,308.6815497647807,301.11681028947567,"ESP32:active=35.07,idle=0.00,sleep=24.93,peak=0.00 | DS18B20:active=20.57,idle=3.11,sleep=35.75,peak=0.57 | ESP32-S3:active=51.84,idle=0.00,sleep=8.16,peak=0.00",1,0.1521128927024578,NORMAL
766,2,MPU6050 + Raspberry Pi Pico,3.3,720,91.23918891379188,607.6669266555017,0.0,3.9,0.7742344508627133,0.0,90.90564729977466,93.27720309333267,"MPU6050:active=182.48,idle=42.19,sleep=495.33,peak=0.00 | Raspberry Pi Pico:active=0.00,idle=0.00,sleep=720.00,peak=0.00",1,0.09482651304589346,NORMAL
767,4,BME280 + ESP32-S3 + BMP280 + HC-05,3.3,1440,941.4309398283832,309.4689916468812,0.0,0.0,0.0044591168424751,0.0,,0.0,"BME280:active=1440.00,idle=0.00,sleep=0.00,peak=0.00 | ESP32-S3:active=657.96,idle=0.00,sleep=782.04,peak=0.00 | BMP280:active=884.31,idle=99.85,sleep=455.84,peak=0.00 | HC-05:active=783.45,idle=656.55,sleep=0.00,peak=0.00",1,0.1284507318273621,NORMAL
768,4,ESP32-S3 + nRF24L01+ + SSD1306 OLED controller + HC-05,3.3,30,13.524402558566422,13.646741633487895,0.0,54.04144204588048,0.0065634191920037,0.0,165.15231816867427,161.33866835374008,"ESP32-S3:active=24.07,idle=0.00,sleep=5.93,peak=0.00 | nRF24L01+:active=9.88,idle=1.46,sleep=18.66,peak=0.00 | SSD1306 OLED controller:active=0.00,idle=0.00,sleep=30.00,peak=0.00 | HC-05:active=20.14,idle=9.86,sleep=0.00,peak=0.00",1,0.151444588002505,NORMAL
769,4,HC-SR04 + INA219 + HC-05 + SSD1306 OLED controller,3.3,60,36.98470412485062,15.0,0.0,0.0,0.01,0.0,,0.0,"HC-SR04:active=32.89,idle=27.11,sleep=0.00,peak=0.00 | INA219:active=60.00,idle=0.00,sleep=0.00,peak=0.00 | HC-05:active=55.05,idle=4.95,sleep=0.00,peak=0.00 | SSD1306 OLED controller:active=0.00,idle=0.00,sleep=60.00,peak=0.00",1,0.20789658497985009,NORMAL
770,3,MPU6050 + INA219 + SSD1306 OLED controller,3.3,120,61.80617724874938,49.19926279687749,0.0,0.0,0.01,0.0,,0.0,"MPU6050:active=65.42,idle=26.98,sleep=27.60,peak=0.00 | INA219:active=120.00,idle=0.00,sleep=0.00,peak=0.00 | SSD1306 OLED controller:active=0.00,idle=0.00,sleep=120.00,peak=0.00",1,0.21587478787522063,NORMAL
771,4,Raspberry Pi Pico + HC-SR501 + ESP32 + BME280,3.3,60,33.87443856828437,26.12556143171563,0.0,0.0,0.7498618592851299,0.0,,0.0,"Raspberry Pi Pico:active=0.00,idle=0.00,sleep=60.00,peak=0.00 | HC-SR501:active=60.00,idle=0.00,sleep=0.00,peak=0.00 | ESP32:active=15.50,idle=0.00,sleep=44.50,peak=0.00 | BME280:active=60.00,idle=0.00,sleep=0.00,peak=0.00",1,0.16352277460038317,NORMAL
772,3,Raspberry Pi Pico + ESP32-S3 + HC-SR501,3.3,1440,877.0034503974217,562.9965496025783,0.0,77.0866025336704,1.1093868626514896,0.0,11257.916567252982,10984.824135875486,"Raspberry Pi Pico:active=0.00,idle=0.00,sleep=1440.00,peak=0.00 | ESP32-S3:active=1191.01,idle=0.00,sleep=248.99,peak=0.00 | HC-SR501:active=1440.00,idle=0.00,sleep=0.00,peak=0.00",-1,-0.017367706551027595,ANOMALY
773,4,DS18B20 + ESP32-S3 + HC-SR04 + HC-SR501,5.0,120,76.79776221835552,38.28902693291704,0.7701090524264654,44.84214363760974,0.0037593590663178,1.5,1149.4005387733473,1158.3082974983547,"DS18B20:active=27.18,idle=10.32,sleep=79.41,peak=3.08 | ESP32-S3:active=46.26,idle=0.00,sleep=73.74,peak=0.00 | HC-SR04:active=113.75,idle=6.25,sleep=0.00,peak=0.00 | HC-SR501:active=120.00,idle=0.00,sleep=0.00,peak=0.00",1,0.021233934551461053,NORMAL
774,4,Arduino Uno / ATmega328P + HC-05 + BME280 + BMP280,3.3,30,20.67515292520495,5.683893926262972,0.0857001450810593,0.0,0.0001,0.03685,,0.0,"Arduino Uno / ATmega328P:active=30.00,idle=0.00,sleep=0.00,peak=0.00 | HC-05:active=18.55,idle=11.45,sleep=0.00,peak=0.00 | BME280:active=30.00,idle=0.00,sleep=0.00,peak=0.00 | BMP280:active=4.15,idle=2.77,sleep=22.74,peak=0.34",1,0.18667252956728514,NORMAL
775,4,SSD1306 OLED controller + DHT22 / AM2302 + HC-SR04 + BMP280,3.3,30,12.60768402327492,13.606669487431676,0.0,6.414428944340922,0.0055568827491976,0.0,19.28614320817459,19.53024373085999,"SSD1306 OLED controller:active=0.00,idle=0.00,sleep=30.00,peak=0.00 | DHT22 / AM2302:active=30.00,idle=0.00,sleep=0.00,peak=0.00 | HC-SR04:active=16.56,idle=13.44,sleep=0.00,peak=0.00 | BMP280:active=3.87,idle=1.71,sleep=24.43,peak=0.00",1,0.1923573754819074,NORMAL
776,2,INA219 + ESP32,3.3,120,85.18467204939822,34.81532795060178,0.0,0.0,0.00814,0.0,,0.0,"INA219:active=120.00,idle=0.00,sleep=0.00,peak=0.00 | ESP32:active=50.37,idle=0.00,sleep=69.63,peak=0.00",1,0.21404004708641355,NORMAL
777,2,SSD1306 OLED controller + MPU6050,3.3,360,17.127077754895918,326.7870546060564,0.0,3.9,0.0099999999999999,0.0,7.715829344118487,7.834804591511919,"SSD1306 OLED controller:active=0.00,idle=0.00,sleep=360.00,peak=0.00 | MPU6050:active=34.25,idle=32.17,sleep=293.57,peak=0.00",1,0.17692042819471587,NORMAL
778,1,Arduino Uno / ATmega328P,5.0,30,30.0,0.0,0.0,0.0,0.0,0.0,,0.0,"Arduino Uno / ATmega328P:active=30.00,idle=0.00,sleep=0.00,peak=0.00",1,0.1386194037527141,NORMAL
779,2,HC-05 + DHT22 / AM2302,3.3,60,49.62464336148773,0.0,1.2330233321694832,14.05848778392868,0.0,2.5,85.12555339865045,82.25430814048308,"HC-05:active=41.72,idle=18.28,sleep=0.00,peak=0.00 | DHT22 / AM2302:active=57.53,idle=0.00,sleep=0.00,peak=2.47",1,0.14050692726438957,NORMAL
780,1,ESP32,3.3,30,8.690045377315922,16.755489874034538,4.554464748649541,23.88,0.00814,240.00000000000003,71.53994171355728,72.93516737845901,"ESP32:active=8.69,idle=0.00,sleep=16.76,peak=4.55",-1,-0.05023353205984926,ANOMALY
781,4,MPU6050 + BME280 + INA219 + HC-SR501,3.3,360,288.3557614407034,59.37344329378541,0.0,0.0,0.01,0.0,,0.0,"MPU6050:active=73.42,idle=49.08,sleep=237.49,peak=0.00 | BME280:active=360.00,idle=0.00,sleep=0.00,peak=0.00 | INA219:active=360.00,idle=0.00,sleep=0.00,peak=0.00 | HC-SR501:active=360.00,idle=0.00,sleep=0.00,peak=0.00",1,0.19225829466757266,NORMAL
782,2,nRF24L01+ + Arduino Uno / ATmega328P,4.15,360,281.3904641446671,23.070036161746053,0.0,0.0,0.0009,0.0,,0.0,"nRF24L01+:active=202.78,idle=111.08,sleep=46.14,peak=0.00 | Arduino Uno / ATmega328P:active=360.00,idle=0.00,sleep=0.00,peak=0.00",1,0.17382388470691934,NORMAL
783,2,INA219 + HC-05,3.3,120,90.16954299158904,0.0,0.0,0.0,0.0,0.0,,0.0,"INA219:active=120.00,idle=0.00,sleep=0.00,peak=0.00 | HC-05:active=60.34,idle=59.66,sleep=0.00,peak=0.00",1,0.21514532212204263,NORMAL
784,4,Arduino Uno / ATmega328P + nRF24L01+ + HC-SR04 + ESP32-S3,4.15,1440,941.1934737351582,326.9408786240477,0.0,0.0,0.0022389193012075,0.0,,0.0,"Arduino Uno / ATmega328P:active=1440.00,idle=0.00,sleep=0.00,peak=0.00 | nRF24L01+:active=322.21,idle=97.07,sleep=1020.72,peak=0.00 | HC-SR04:active=849.61,idle=590.39,sleep=0.00,peak=0.00 | ESP32-S3:active=1152.95,idle=0.00,sleep=287.05,peak=0.00",1,0.08120809602563928,NORMAL
785,4,DS18B20 + BME280 + ESP32-S3 + HC-SR501,3.3,360,259.9087419932606,84.03424527095828,0.0,0.0,0.0042525786263696,0.0,,0.0,"DS18B20:active=148.01,idle=64.23,sleep=147.76,peak=0.00 | BME280:active=360.00,idle=0.00,sleep=0.00,peak=0.00 | ESP32-S3:active=171.62,idle=0.00,sleep=188.38,peak=0.00 | HC-SR501:active=360.00,idle=0.00,sleep=0.00,peak=0.00",1,0.19417281555730836,NORMAL
786,3,DHT22 / AM2302 + HC-05 + INA219,3.3,720,657.0904923323272,0.0,1.2582535534699648,0.0,0.0,2.5000000000000004,,0.0,"DHT22 / AM2302:active=716.23,idle=0.00,sleep=0.00,peak=3.77 | HC-05:active=535.05,idle=184.95,sleep=0.00,peak=0.00 | INA219:active=720.00,idle=0.00,sleep=0.00,peak=0.00",1,0.08728420479155197,NORMAL
787,3,HC-SR501 + HC-05 + HC-SR04,4.15,360,329.87068037035573,0.0,0.0,37.826450334354426,0.0,0.0,2624.0833597271217,2723.556252365373,"HC-SR501:active=360.00,idle=0.00,sleep=0.00,peak=0.00 | HC-05:active=305.96,idle=54.04,sleep=0.00,peak=0.00 | HC-SR04:active=323.66,idle=36.34,sleep=0.00,peak=0.00",1,0.12964484575294283,NORMAL
788,4,HC-05 + Arduino Uno / ATmega328P + HC-SR04 + MPU6050,4.15,720,583.7141613852955,39.38585131545003,0.0,0.0,0.01,0.0,,0.0,"HC-05:active=657.36,idle=62.64,sleep=0.00,peak=0.00 | Arduino Uno / ATmega328P:active=720.00,idle=0.00,sleep=0.00,peak=0.00 | HC-SR04:active=588.16,idle=131.84,sleep=0.00,peak=0.00 | MPU6050:active=369.33,idle=193.13,sleep=157.54,peak=0.00",1,0.11570712943313821,NORMAL
789,2,HC-SR04 + BME280,4.15,120,111.04878028004602,0.0,0.0,0.0,0.0,0.0,,0.0,"HC-SR04:active=102.10,idle=17.90,sleep=0.00,peak=0.00 | BME280:active=120.00,idle=0.00,sleep=0.00,peak=0.00",1,0.18115166920995146,NORMAL
790,3,BME280 + DHT22 / AM2302 + DS18B20,3.3,30,24.90906580659813,4.55020759898099,0.0,0.0,0.00075,0.0,,0.0,"BME280:active=30.00,idle=0.00,sleep=0.00,peak=0.00 | DHT22 / AM2302:active=30.00,idle=0.00,sleep=0.00,peak=0.00 | DS18B20:active=14.73,idle=1.62,sleep=13.65,peak=0.00",1,0.21639294126636144,NORMAL
791,4,HC-SR04 + DS18B20 + Arduino Uno / ATmega328P + INA219,5.0,30,22.7274618663827,1.3130930368155591,0.0,0.0,0.00075,0.0,,0.0,"HC-SR04:active=15.88,idle=14.12,sleep=0.00,peak=0.00 | DS18B20:active=15.03,idle=9.72,sleep=5.25,peak=0.00 | Arduino Uno / ATmega328P:active=30.00,idle=0.00,sleep=0.00,peak=0.00 | INA219:active=30.00,idle=0.00,sleep=0.00,peak=0.00",1,0.11930148629245035,NORMAL
792,4,nRF24L01+ + ESP32-S3 + HC-05 + ESP32,3.3,30,15.496485760597276,10.54609184034436,0.8075146549635495,47.17823457849606,0.0051453700191496,240.0,207.4659422057926,205.2109935218716,"nRF24L01+:active=10.34,idle=3.58,sleep=16.08,peak=0.00 | ESP32-S3:active=21.32,idle=0.00,sleep=8.68,peak=0.00 | HC-05:active=20.98,idle=9.02,sleep=0.00,peak=0.00 | ESP32:active=9.35,idle=0.00,sleep=17.42,peak=3.23",1,0.037175399583283086,NORMAL
793,3,DHT22 / AM2302 + SSD1306 OLED controller + MPU6050,3.3,30,16.42155258731896,13.170621001670195,0.0,3.0474618538315883,0.01,0.0,8.27933707138159,8.354224357857058,"DHT22 / AM2302:active=30.00,idle=0.00,sleep=0.00,peak=0.00 | SSD1306 OLED controller:active=0.00,idle=0.00,sleep=30.00,peak=0.00 | MPU6050:active=19.26,idle=1.22,sleep=9.51,peak=0.00",1,0.20774184542454144,NORMAL
794,1,ESP32-S3,3.3,30,13.333827297836311,16.66617270216369,0.0,91.7,0.007,0.0,67.25557445312778,68.28552030212904,"ESP32-S3:active=13.33,idle=0.00,sleep=16.67,peak=0.00",1,0.09296531440914435,NORMAL
795,1,HC-05,3.3,1440,1215.6781403563482,0.0,0.0,30.0,0.0,0.0,2104.5705498311813,2126.488427192968,"HC-05:active=1215.68,idle=224.32,sleep=0.00,peak=0.00",1,0.09015800256726658,NORMAL
796,2,BMP280 + nRF24L01+,3.3,1440,728.5598510318371,621.7881801933654,0.0,2.867121412858234,0.0007781623074998,0.0,229.85317804734652,235.13288393436915,"BMP280:active=1087.67,idle=162.93,sleep=189.39,peak=0.00 | nRF24L01+:active=369.45,idle=16.37,sleep=1054.18,peak=0.00",1,0.12953579771166218,NORMAL
797,4,INA219 + HC-SR04 + DHT22 / AM2302 + HC-SR501,3.3,720,709.5056358988335,0.0,0.0,0.0,0.0,0.0,,0.0,"INA219:active=720.00,idle=0.00,sleep=0.00,peak=0.00 | HC-SR04:active=678.02,idle=41.98,sleep=0.00,peak=0.00 | DHT22 / AM2302:active=720.00,idle=0.00,sleep=0.00,peak=0.00 | HC-SR501:active=720.00,idle=0.00,sleep=0.00,peak=0.00",1,0.15577549946328784,NORMAL
798,4,SSD1306 OLED controller + ESP32 + nRF24L01+ + Raspberry Pi Pico,3.3,30,4.561031100658775,24.965160705329485,0.0,16.24312170001092,0.3955629733844053,0.0,18.47405900080382,18.88432756754965,"SSD1306 OLED controller:active=0.00,idle=0.00,sleep=30.00,peak=0.00 | ESP32:active=7.17,idle=0.00,sleep=22.83,peak=0.00 | nRF24L01+:active=11.08,idle=1.90,sleep=17.03,peak=0.00 | Raspberry Pi Pico:active=0.00,idle=0.00,sleep=30.00,peak=0.00",1,0.1619241813683544,NORMAL
799,3,BME280 + ESP32-S3 + HC-SR04,3.3,360,229.5551604840251,83.8140705460982,0.0,0.0,0.007,0.0,,0.0,"BME280:active=360.00,idle=0.00,sleep=0.00,peak=0.00 | ESP32-S3:active=108.56,idle=0.00,sleep=251.44,peak=0.00 | HC-SR04:active=220.11,idle=139.89,sleep=0.00,peak=0.00",1,0.2062181919334803,NORMAL
800,2,Arduino Uno / ATmega328P + DHT22 / AM2302,4.15,120,118.1328559421591,0.0,1.8671440578409135,0.0,0.0,2.5,,0.0,"Arduino Uno / ATmega328P:active=120.00,idle=0.00,sleep=0.00,peak=0.00 | DHT22 / AM2302:active=116.27,idle=0.00,sleep=0.00,peak=3.73",1,0.07590935527014431,NORMAL
801,2,BME280 + HC-SR04,4.15,360,286.445500264955,0.0,0.0,0.0,0.0,0.0,,0.0,"BME280:active=360.00,idle=0.00,sleep=0.00,peak=0.00 | HC-SR04:active=212.89,idle=147.11,sleep=0.00,peak=0.00",1,0.17249616242481153,NORMAL
802,4,BME280 + ESP32 + Raspberry Pi Pico + ESP32-S3,3.3,60,34.56032989012196,25.439670109878044,0.0,0.0,0.769594051851467,0.0,,0.0,"BME280:active=60.00,idle=0.00,sleep=0.00,peak=0.00 | ESP32:active=41.96,idle=0.00,sleep=18.04,peak=0.00 | Raspberry Pi Pico:active=0.00,idle=0.00,sleep=60.00,peak=0.00 | ESP32-S3:active=36.28,idle=0.00,sleep=23.72,peak=0.00",1,0.16154844156699139,NORMAL
803,4,Raspberry Pi Pico + HC-05 + BME280 + DS18B20,3.3,120,68.29761233420552,40.97442554800884,0.8342862194805782,0.0,0.952014098976346,1.5,,0.0,"Raspberry Pi Pico:active=0.00,idle=0.00,sleep=120.00,peak=0.00 | HC-05:active=104.15,idle=15.85,sleep=0.00,peak=0.00 | BME280:active=120.00,idle=0.00,sleep=0.00,peak=0.00 | DS18B20:active=49.04,idle=23.72,sleep=43.90,peak=3.34",1,0.09554230154661353,NORMAL
804,4,HC-SR04 + MPU6050 + Raspberry Pi Pico + BMP280,3.3,120,59.14394727320466,48.610958599225256,0.0,6.104628039920386,0.8054396654975086,0.0,92.27677818706032,88.7880289752044,"HC-SR04:active=81.54,idle=38.46,sleep=0.00,peak=0.00 | MPU6050:active=56.64,idle=2.22,sleep=61.14,peak=0.00 | Raspberry Pi Pico:active=0.00,idle=0.00,sleep=120.00,peak=0.00 | BMP280:active=98.40,idle=8.30,sleep=13.30,peak=0.00",1,0.15242339790296583,NORMAL
805,1,DHT22 / AM2302,3.3,1440,1440.0,0.0,0.0,2.5,0.0,0.0,198.0,196.45085788685017,"DHT22 / AM2302:active=1440.00,idle=0.00,sleep=0.00,peak=0.00",1,0.09393371039178217,NORMAL
806,3,ESP32-S3 + MPU6050 + DHT22 / AM2302,3.3,720,507.6595971620991,152.80508331738324,0.0,39.13836602233327,0.0093634068548733,0.0,3278.6647709050435,3228.128792137957,"ESP32-S3:active=622.73,idle=0.00,sleep=97.27,peak=0.00 | MPU6050:active=180.25,idle=178.61,sleep=361.14,peak=0.00 | DHT22 / AM2302:active=720.00,idle=0.00,sleep=0.00,peak=0.00",1,0.15304249980007933,NORMAL
807,3,MPU6050 + DS18B20 + BME280,3.3,30,18.145656457746693,8.28059304060644,0.0,0.0,0.0060633595498731,0.0,,0.0,"MPU6050:active=11.49,idle=4.24,sleep=14.27,peak=0.00 | DS18B20:active=12.95,idle=6.48,sleep=10.57,peak=0.00 | BME280:active=30.00,idle=0.00,sleep=0.00,peak=0.00",1,0.21323858768589676,NORMAL
808,3,HC-SR04 + BMP280 + ESP32,3.3,1440,706.9573382001398,577.3346983547385,1.1463780489603763,17.740436690617948,0.0026548905871167,0.0368499999999999,2107.920664584265,2155.8492422916274,"HC-SR04:active=1092.05,idle=347.95,sleep=0.00,peak=0.00 | BMP280:active=139.20,idle=115.74,sleep=1181.62,peak=3.44 | ESP32:active=889.62,idle=0.00,sleep=550.38,peak=0.00",1,0.052196896981284935,NORMAL
809,4,SSD1306 OLED controller + DS18B20 + ESP32 + MPU6050,3.3,30,8.09579224133585,19.30091921770436,0.0,6.978349806427697,0.0089409439895924,0.0,12.468294450582563,12.512489603317013,"SSD1306 OLED controller:active=0.00,idle=0.00,sleep=30.00,peak=0.00 | DS18B20:active=19.24,idle=6.39,sleep=4.37,peak=0.00 | ESP32:active=7.78,idle=0.00,sleep=22.22,peak=0.00 | MPU6050:active=5.36,idle=4.02,sleep=20.61,peak=0.00",1,0.1875891477381792,NORMAL
810,1,BME280,3.3,720,720.0,0.0,0.0,0.0,0.0,0.0,,0.0,"BME280:active=720.00,idle=0.00,sleep=0.00,peak=0.00",1,0.16551468003168956,NORMAL
811,1,DS18B20,5.0,360,63.743463099915054,257.72777914278413,0.782060760528277,1.0,0.00075,1.4999999999999998,5.428180008151011,5.553920830865922,"DS18B20:active=63.74,idle=37.75,sleep=257.73,peak=0.78",1,0.03565737849376782,NORMAL
812,1,BMP280,3.3,1440,646.2982212841091,287.5601350551591,0.0,0.00274,0.0001,0.0,0.1017625017304526,0.1033551218847483,"BMP280:active=646.30,idle=506.14,sleep=287.56,peak=0.00",1,0.1420903406582516,NORMAL
813,1,INA219,3.3,720,720.0,0.0,0.0,0.0,0.0,0.0,,0.0,"INA219:active=720.00,idle=0.00,sleep=0.00,peak=0.00",1,0.16551468003168956,NORMAL
814,1,HC-SR501,3.3,1440,1440.0,0.0,0.0,65.0,0.0,0.0,5148.0,5123.82505438198,"HC-SR501:active=1440.00,idle=0.00,sleep=0.00,peak=0.00",1,0.04764237969039886,NORMAL
815,2,ESP32 + MPU6050,3.3,60,12.224021152447646,44.36985015359157,2.4852261744177904,14.806156774708926,0.0091262855563369,240.0,85.56400510855549,88.42864435385476,"ESP32:active=13.35,idle=0.00,sleep=41.68,peak=4.97 | MPU6050:active=11.10,idle=1.84,sleep=47.06,peak=0.00",1,0.023589514856570015,NORMAL
816,1,SSD1306 OLED controller,3.3,120,0.0,120.0,0.0,0.0,0.01,0.0,0.066,0.0660678451676985,"SSD1306 OLED controller:active=0.00,idle=0.00,sleep=120.00,peak=0.00",1,0.18443504334169475,NORMAL
817,4,nRF24L01+ + DS18B20 + HC-05 + INA219,3.3,720,473.2836954684605,218.2532232643516,0.3327022729550147,0.0,0.0008088509251439,13.5,,0.0,"nRF24L01+:active=294.93,idle=81.22,sleep=342.52,peak=1.33 | DS18B20:active=168.16,idle=21.34,sleep=530.50,peak=0.00 | HC-05:active=710.04,idle=9.96,sleep=0.00,peak=0.00 | INA219:active=720.00,idle=0.00,sleep=0.00,peak=0.00",1,0.11427430023815688,NORMAL
818,2,INA219 + Raspberry Pi Pico,3.3,360,180.0,180.0,0.0,0.0,1.3,0.0,,0.0,"INA219:active=360.00,idle=0.00,sleep=0.00,peak=0.00 | Raspberry Pi Pico:active=0.00,idle=0.00,sleep=360.00,peak=0.00",1,0.10535718661869342,NORMAL
819,3,SSD1306 OLED controller + BMP280 + HC-SR501,3.3,1440,707.7396167097692,703.2189758678186,0.0,44.08489120843517,0.0068574968296834,0.0,5148.899123377038,5050.333456256254,"SSD1306 OLED controller:active=0.00,idle=0.00,sleep=1440.00,peak=0.00 | BMP280:active=683.22,idle=87.12,sleep=669.66,peak=0.00 | HC-SR501:active=1440.00,idle=0.00,sleep=0.00,peak=0.00",1,0.09311421292844507,NORMAL
820,2,Raspberry Pi Pico + HC-SR501,3.3,1440,720.0,720.0,0.0,65.0,1.3,0.0,5250.96,5269.026572359776,"Raspberry Pi Pico:active=0.00,idle=0.00,sleep=1440.00,peak=0.00 | HC-SR501:active=1440.00,idle=0.00,sleep=0.00,peak=0.00",-1,-0.011571159478301007,ANOMALY
821,1,Raspberry Pi Pico,3.3,30,0.0,30.0,0.0,0.0,1.3,0.0,2.145,2.144137943874678,"Raspberry Pi Pico:active=0.00,idle=0.00,sleep=30.00,peak=0.00",1,0.08850928768301602,NORMAL
822,4,DHT22 / AM2302 + ESP32-S3 + SSD1306 OLED controller + HC-SR04,3.3,60,31.932687988260007,25.42041613514514,0.8355824847412848,20.120815919767885,0.0087702306587257,52.99778656957367,151.94109231826988,146.4003563496803,"DHT22 / AM2302:active=57.14,idle=0.00,sleep=0.00,peak=2.86 | ESP32-S3:active=17.84,idle=0.00,sleep=41.68,peak=0.48 | SSD1306 OLED controller:active=0.00,idle=0.00,sleep=60.00,peak=0.00 | HC-SR04:active=52.75,idle=7.25,sleep=0.00,peak=0.00",1,0.10543347743246301,NORMAL
823,1,HC-05,3.3,720,678.0669782640445,0.0,0.0,30.0,0.0,0.0,1137.2610436994937,1210.2313722858255,"HC-05:active=678.07,idle=41.93,sleep=0.00,peak=0.00",1,0.1470090247453158,NORMAL
824,1,ESP32-S3,3.3,360,222.8716400610286,137.1283599389714,0.0,91.7,0.007,0.0,1124.1059110663743,1110.2584851354366,"ESP32-S3:active=222.87,idle=0.00,sleep=137.13,peak=0.00",1,0.07850661704704853,NORMAL
825,1,HC-SR501,3.3,30,30.0,0.0,0.0,65.0,0.0,0.0,107.25,107.52838308168066,"HC-SR501:active=30.00,idle=0.00,sleep=0.00,peak=0.00",1,0.14920931814686506,NORMAL
826,3,nRF24L01+ + HC-SR04 + BMP280,3.3,1440,594.5953980697599,466.44498502725054,0.612856341387446,8.900885266320458,0.0004475933601002,0.03685,951.4617069743535,949.8444161528598,"nRF24L01+:active=429.84,idle=402.17,sleep=608.00,peak=0.00 | HC-SR04:active=734.56,idle=705.44,sleep=0.00,peak=0.00 | BMP280:active=619.39,idle=27.44,sleep=791.34,peak=1.84",1,0.09171568106375033,NORMAL
827,2,Arduino Uno / ATmega328P + BME280,4.15,360,360.0,0.0,0.0,0.0,0.0,0.0,,0.0,"Arduino Uno / ATmega328P:active=360.00,idle=0.00,sleep=0.00,peak=0.00 | BME280:active=360.00,idle=0.00,sleep=0.00,peak=0.00",1,0.16642858946650763,NORMAL
828,2,BMP280 + MPU6050,3.3,30,19.28986163129659,7.104014881501654,0.0,1.2497148916473952,0.0079030964365133,0.0,2.659706727590561,2.585123444522507,"BMP280:active=26.24,idle=0.75,sleep=3.01,peak=0.00 | MPU6050:active=12.34,idle=6.46,sleep=11.20,peak=0.00",1,0.20642644888057837,NORMAL
829,4,Arduino Uno / ATmega328P + HC-SR04 + DHT22 / AM2302 + ESP32,4.15,1440,1187.2224993638429,231.78123598220384,0.0,0.0,0.00814,0.0,,0.0,"Arduino Uno / ATmega328P:active=1440.00,idle=0.00,sleep=0.00,peak=0.00 | HC-SR04:active=1356.01,idle=83.99,sleep=0.00,peak=0.00 | DHT22 / AM2302:active=1440.00,idle=0.00,sleep=0.00,peak=0.00 | ESP32:active=512.88,idle=0.00,sleep=927.12,peak=0.00",1,0.06704540195087638,NORMAL
830,3,DHT22 / AM2302 + SSD1306 OLED controller + Arduino Uno / ATmega328P,3.3,1440,960.0,480.0,0.0,0.0,0.01,0.0,,0.0,"DHT22 / AM2302:active=1440.00,idle=0.00,sleep=0.00,peak=0.00 | SSD1306 OLED controller:active=0.00,idle=0.00,sleep=1440.00,peak=0.00 | Arduino Uno / ATmega328P:active=1440.00,idle=0.00,sleep=0.00,peak=0.00",1,0.12936301032490305,NORMAL
831,3,HC-05 + Raspberry Pi Pico + BME280,3.3,120,67.75835490196208,40.0,0.0,0.0,1.3,0.0,,0.0,"HC-05:active=83.28,idle=36.72,sleep=0.00,peak=0.00 | Raspberry Pi Pico:active=0.00,idle=0.00,sleep=120.00,peak=0.00 | BME280:active=120.00,idle=0.00,sleep=0.00,peak=0.00",1,0.1353144944599481,NORMAL
832,3,DS18B20 + DHT22 / AM2302 + nRF24L01+,3.3,720,464.50971981755066,195.2386543848125,0.0,5.18396556857425,0.0007818575220362,0.0,397.5396752637662,403.6088248150448,"DS18B20:active=212.32,idle=46.36,sleep=461.32,peak=0.00 | DHT22 / AM2302:active=720.00,idle=0.00,sleep=0.00,peak=0.00 | nRF24L01+:active=461.21,idle=134.39,sleep=124.40,peak=0.00",1,0.18241986758573836,NORMAL
833,2,ESP32 + DHT22 / AM2302,3.3,30,24.6626020564906,5.3373979435094,0.0,10.876505913470735,0.00814,0.0,29.511502188108125,29.413996681185097,"ESP32:active=19.33,idle=0.00,sleep=10.67,peak=0.00 | DHT22 / AM2302:active=30.00,idle=0.00,sleep=0.00,peak=0.00",1,0.20342037304796812,NORMAL
834,3,nRF24L01+ + BME280 + DS18B20,3.3,120,66.71127707500163,40.72256953807737,0.0,0.0,0.000841925977538,0.0,,0.0,"nRF24L01+:active=22.99,idle=22.14,sleep=74.87,peak=0.00 | BME280:active=120.00,idle=0.00,sleep=0.00,peak=0.00 | DS18B20:active=57.14,idle=15.56,sleep=47.30,peak=0.00",1,0.2198790995548488,NORMAL
835,1,BME280,3.3,360,360.0,0.0,0.0,0.0,0.0,0.0,,0.0,"BME280:active=360.00,idle=0.00,sleep=0.00,peak=0.00",1,0.18200890968177708,NORMAL
836,3,BME280 + SSD1306 OLED controller + MPU6050,3.3,30,11.951983261387978,17.085357136420736,0.0,0.0,0.01,0.0,,0.0,"BME280:active=30.00,idle=0.00,sleep=0.00,peak=0.00 | SSD1306 OLED controller:active=0.00,idle=0.00,sleep=30.00,peak=0.00 | MPU6050:active=5.86,idle=2.89,sleep=21.26,peak=0.00",1,0.2093954282603639,NORMAL
837,1,HC-05,3.3,30,26.061911765265044,0.0,0.0,30.0,0.0,0.0,44.73491323597071,43.53208553837533,"HC-05:active=26.06,idle=3.94,sleep=0.00,peak=0.00",1,0.18459967840123537,NORMAL
838,3,HC-SR501 + HC-05 + ESP32,3.3,30,27.694718860750083,1.3310886166923028,0.0,40.7221258979812,0.00814,0.0,187.37271356074592,186.77949464707197,"HC-SR501:active=30.00,idle=0.00,sleep=0.00,peak=0.00 | HC-05:active=27.08,idle=2.92,sleep=0.00,peak=0.00 | ESP32:active=26.01,idle=0.00,sleep=3.99,peak=0.00",1,0.18692832072009585,NORMAL
839,2,DS18B20 + nRF24L01+,4.15,1440,788.6837984687043,517.639167229107,0.0,7.62477542281217,0.0007999698547453,0.0,832.084479690309,814.5786234018321,"DS18B20:active=562.83,idle=186.77,sleep=690.39,peak=0.00 | nRF24L01+:active=1014.53,idle=80.58,sleep=344.88,peak=0.00",1,0.0892289860762317,NORMAL
840,2,BME280 + MPU6050,3.3,60,45.17079441584805,3.706311448197696,0.0,0.0,0.01,0.0,,0.0,"BME280:active=60.00,idle=0.00,sleep=0.00,peak=0.00 | MPU6050:active=30.34,idle=22.25,sleep=7.41,peak=0.00",1,0.2153211489226194,NORMAL
841,2,MPU6050 + HC-05,3.3,360,250.5691896751037,51.43653009317192,0.0,17.64898322697097,0.01,0.0,528.7584608321938,536.3649181759679,"MPU6050:active=237.15,idle=19.98,sleep=102.87,peak=0.00 | HC-05:active=263.99,idle=96.01,sleep=0.00,peak=0.00",1,0.19412988451778068,NORMAL
842,3,HC-SR501 + DHT22 / AM2302 + Raspberry Pi Pico,3.3,120,80.0,40.0,0.0,33.75,1.3,0.0,454.08,456.7141189124535,"HC-SR501:active=120.00,idle=0.00,sleep=0.00,peak=0.00 | DHT22 / AM2302:active=120.00,idle=0.00,sleep=0.00,peak=0.00 | Raspberry Pi Pico:active=0.00,idle=0.00,sleep=120.00,peak=0.00",1,0.09989135361212831,NORMAL
843,3,DS18B20 + BMP280 + ESP32-S3,3.3,30,14.113251524671462,12.955032329649294,0.0,55.0406276653952,0.0011459567548929,0.0,128.1751444339174,130.16789638277464,"DS18B20:active=9.41,idle=7.83,sleep=12.76,peak=0.00 | BMP280:active=7.62,idle=0.97,sleep=21.42,peak=0.00 | ESP32-S3:active=25.31,idle=0.00,sleep=4.69,peak=0.00",1,0.169739658055988,NORMAL
844,2,HC-05 + nRF24L01+,3.3,1440,1058.272412981701,167.724221913152,0.0,20.422661325515456,0.0009,0.0,2556.7291312376988,2530.198192696256,"HC-05:active=1032.54,idle=407.46,sleep=0.00,peak=0.00 | nRF24L01+:active=1084.00,idle=20.55,sleep=335.45,peak=0.00",1,0.12391523686441025,NORMAL
845,1,Raspberry Pi Pico,3.3,360,0.0,360.0,0.0,0.0,1.3,0.0,25.74,25.306120242262374,"Raspberry Pi Pico:active=0.00,idle=0.00,sleep=360.00,peak=0.00",1,0.06029374661773479,NORMAL
846,1,MPU6050,3.3,360,129.37502962184288,138.2320636255692,0.0,3.9,0.01,0.0,27.85237953823632,27.457704921474708,"MPU6050:active=129.38,idle=92.39,sleep=138.23,peak=0.00",1,0.17878496388255372,NORMAL
847,2,DHT22 / AM2302 + BMP280,3.3,60,48.59947277658631,5.491653156135567,0.0,1.5442752414294714,0.0001,0.0,8.25573128689432,8.136673385675548,"DHT22 / AM2302:active=60.00,idle=0.00,sleep=0.00,peak=0.00 | BMP280:active=37.20,idle=11.82,sleep=10.98,peak=0.00",1,0.21270868085614497,NORMAL
848,4,nRF24L01+ + Raspberry Pi Pico + ESP32-S3 + BMP280,3.3,720,227.4933780391657,489.593263187016,0.0350875148924462,42.52461890909582,0.4793564945197051,355.0,2182.6777399768566,2170.1791419838464,"nRF24L01+:active=188.00,idle=7.29,sleep=524.72,peak=0.00 | Raspberry Pi Pico:active=0.00,idle=0.00,sleep=720.00,peak=0.00 | ESP32-S3:active=398.81,idle=0.00,sleep=321.05,peak=0.14 | BMP280:active=323.17,idle=4.23,sleep=392.61,peak=0.00",-1,-0.038331086187688435,ANOMALY
849,2,DS18B20 + HC-05,4.15,360,250.56506466119453,26.009707372870604,0.0,19.036914392802714,0.00075,0.0,686.5916206669057,688.9266573677378,"DS18B20:active=189.45,idle=118.53,sleep=52.02,peak=0.00 | HC-05:active=311.68,idle=48.32,sleep=0.00,peak=0.00",1,0.16316663755067246,NORMAL
850,3,ESP32-S3 + MPU6050 + BME280,3.3,360,184.03115325165336,141.27545137590835,0.0,0.0,0.0078941153891476,0.0,,0.0,"ESP32-S3:active=62.49,idle=0.00,sleep=297.51,peak=0.00 | MPU6050:active=129.60,idle=104.08,sleep=126.32,peak=0.00 | BME280:active=360.00,idle=0.00,sleep=0.00,peak=0.00",1,0.20348595635134858,NORMAL
851,4,INA219 + nRF24L01+ + SSD1306 OLED controller + BME280,3.3,30,17.689623037373536,11.874601096003987,0.0,0.0,0.0066475614926523,0.0,,0.0,"INA219:active=30.00,idle=0.00,sleep=0.00,peak=0.00 | nRF24L01+:active=10.76,idle=1.74,sleep=17.50,peak=0.00 | SSD1306 OLED controller:active=0.00,idle=0.00,sleep=30.00,peak=0.00 | BME280:active=30.00,idle=0.00,sleep=0.00,peak=0.00",1,0.20290003874053253,NORMAL
852,4,BMP280 + HC-SR04 + nRF24L01+ + INA219,3.3,720,360.15826745443985,264.12815730216823,0.8663722235583887,0.0,0.0005004211184342,0.03685,,0.0,"BMP280:active=155.85,idle=32.99,sleep=527.70,peak=3.47 | HC-SR04:active=464.61,idle=255.39,sleep=0.00,peak=0.00 | nRF24L01+:active=100.18,idle=91.01,sleep=528.81,peak=0.00 | INA219:active=720.00,idle=0.00,sleep=0.00,peak=0.00",1,0.11498037515738757,NORMAL
853,1,HC-05,3.3,30,22.02751002251432,0.0,0.0,30.0,0.0,0.0,39.853287127242325,41.139947389105366,"HC-05:active=22.03,idle=7.97,sleep=0.00,peak=0.00",1,0.18407754051323494,NORMAL
854,3,nRF24L01+ + DS18B20 + BMP280,3.3,60,23.99338037995452,27.78864292464995,0.0,2.6023543493852954,0.0006426563326081,0.0,10.30743392194656,10.37758186183884,"nRF24L01+:active=14.24,idle=0.83,sleep=44.94,peak=0.00 | DS18B20:active=26.36,idle=19.35,sleep=14.29,peak=0.00 | BMP280:active=31.38,idle=4.48,sleep=24.14,peak=0.00",1,0.2133721433827882,NORMAL
855,1,BME280,3.3,60,60.0,0.0,0.0,0.0,0.0,0.0,,0.0,"BME280:active=60.00,idle=0.00,sleep=0.00,peak=0.00",1,0.20809052361625596,NORMAL
856,3,BME280 + HC-05 + INA219,3.3,120,113.26104536856762,0.0,0.0,0.0,0.0,0.0,,0.0,"BME280:active=120.00,idle=0.00,sleep=0.00,peak=0.00 | HC-05:active=99.78,idle=20.22,sleep=0.00,peak=0.00 | INA219:active=120.00,idle=0.00,sleep=0.00,peak=0.00",1,0.21373878088606257,NORMAL
857,3,DS18B20 + HC-SR04 + INA219,5.0,30,19.904869264986257,3.130496441523972,0.0,0.0,0.00075,0.0,,0.0,"DS18B20:active=14.04,idle=6.57,sleep=9.39,peak=0.00 | HC-SR04:active=15.68,idle=14.32,sleep=0.00,peak=0.00 | INA219:active=30.00,idle=0.00,sleep=0.00,peak=0.00",1,0.13768291080413414,NORMAL
858,4,BMP280 + SSD1306 OLED controller + HC-05 + BME280,3.3,1440,839.6429715254675,512.9614500216945,0.0,0.0,0.0070478905283219,0.0,,0.0,"BMP280:active=714.86,idle=113.29,sleep=611.85,peak=0.00 | SSD1306 OLED controller:active=0.00,idle=0.00,sleep=1440.00,peak=0.00 | HC-05:active=1203.71,idle=236.29,sleep=0.00,peak=0.00 | BME280:active=1440.00,idle=0.00,sleep=0.00,peak=0.00",1,0.11704821955316913,NORMAL
859,1,HC-SR04,5.0,1440,1189.2987229284986,0.0,0.0,15.0,0.0,0.0,1528.4069498392066,1532.844428160098,"HC-SR04:active=1189.30,idle=250.70,sleep=0.00,peak=0.00",1,0.04137522104005553,NORMAL
860,2,HC-SR04 + SSD1306 OLED controller,4.15,30,8.480941418771291,15.0,0.0,15.0,0.01,0.0,19.422309651423703,19.12151560345933,"HC-SR04:active=16.96,idle=13.04,sleep=0.00,peak=0.00 | SSD1306 OLED controller:active=0.00,idle=0.00,sleep=30.00,peak=0.00",1,0.15480156815356938,NORMAL
861,1,Arduino Uno / ATmega328P,5.0,120,120.0,0.0,0.0,0.0,0.0,0.0,,0.0,"Arduino Uno / ATmega328P:active=120.00,idle=0.00,sleep=0.00,peak=0.00",1,0.14027254662033634,NORMAL
862,3,DHT22 / AM2302 + INA219 + BME280,3.3,60,60.0,0.0,0.0,0.0,0.0,0.0,,0.0,"DHT22 / AM2302:active=60.00,idle=0.00,sleep=0.00,peak=0.00 | INA219:active=60.00,idle=0.00,sleep=0.00,peak=0.00 | BME280:active=60.00,idle=0.00,sleep=0.00,peak=0.00",1,0.219041555426161,NORMAL
863,3,Arduino Uno / ATmega328P + nRF24L01+ + DHT22 / AM2302,3.3,360,270.3796187280765,71.27140461114938,0.0,0.0,0.0009,0.0,,0.0,"Arduino Uno / ATmega328P:active=360.00,idle=0.00,sleep=0.00,peak=0.00 | nRF24L01+:active=91.14,idle=55.05,sleep=213.81,peak=0.00 | DHT22 / AM2302:active=360.00,idle=0.00,sleep=0.00,peak=0.00",1,0.2063822484875294,NORMAL
864,3,Raspberry Pi Pico + Arduino Uno / ATmega328P + BMP280,4.15,1440,775.4159247944266,642.4368782570897,1.0433681668363108,0.0,0.9713269346877492,0.03685,,0.0,"Raspberry Pi Pico:active=0.00,idle=0.00,sleep=1440.00,peak=0.00 | Arduino Uno / ATmega328P:active=1440.00,idle=0.00,sleep=0.00,peak=0.00 | BMP280:active=886.25,idle=63.31,sleep=487.31,peak=3.13",-1,-0.017345352311052387,ANOMALY
865,1,nRF24L01+,3.3,120,34.33331285234537,62.1180361145948,0.0,11.3,0.0009,0.0,21.3749033514976,21.148044281897334,"nRF24L01+:active=34.33,idle=23.55,sleep=62.12,peak=0.00",1,0.19450495753905683,NORMAL
866,4,ESP32-S3 + ESP32 + Raspberry Pi Pico + Arduino Uno / ATmega328P,3.3,60,23.872752741962195,36.127247258037805,0.0,0.0,0.5441301757528322,0.0,,0.0,"ESP32-S3:active=10.70,idle=0.00,sleep=49.30,peak=0.00 | ESP32:active=24.79,idle=0.00,sleep=35.21,peak=0.00 | Raspberry Pi Pico:active=0.00,idle=0.00,sleep=60.00,peak=0.00 | Arduino Uno / ATmega328P:active=60.00,idle=0.00,sleep=0.00,peak=0.00",1,0.17232641387606418,NORMAL
867,2,HC-SR04 + HC-05,4.15,120,99.24693746642733,0.0,0.0,23.35423973904905,0.0,0.0,330.2970907208834,336.4178926256941,"HC-SR04:active=87.94,idle=32.06,sleep=0.00,peak=0.00 | HC-05:active=110.55,idle=9.45,sleep=0.00,peak=0.00",1,0.16400573609932578,NORMAL
868,4,Raspberry Pi Pico + Arduino Uno / ATmega328P + INA219 + ESP32-S3,3.3,120,69.38570137547794,50.614298624522064,0.0,0.0,0.7733842245006766,0.0,,0.0,"Raspberry Pi Pico:active=0.00,idle=0.00,sleep=120.00,peak=0.00 | Arduino Uno / ATmega328P:active=120.00,idle=0.00,sleep=0.00,peak=0.00 | INA219:active=120.00,idle=0.00,sleep=0.00,peak=0.00 | ESP32-S3:active=37.54,idle=0.00,sleep=82.46,peak=0.00",1,0.15865841387072893,NORMAL
869,4,BME280 + ESP32-S3 + ESP32 + Arduino Uno / ATmega328P,3.3,1440,1086.476092042905,352.37808300685015,1.1458249502446676,0.0,0.0076377795096333,240.00000000000003,,0.0,"BME280:active=1440.00,idle=0.00,sleep=0.00,peak=0.00 | ESP32-S3:active=819.05,idle=0.00,sleep=620.95,peak=0.00 | ESP32:active=646.86,idle=0.00,sleep=788.56,peak=4.58 | Arduino Uno / ATmega328P:active=1440.00,idle=0.00,sleep=0.00,peak=0.00",-1,-0.014633416451600323,ANOMALY
870,1,ESP32-S3,3.3,360,93.33062145595989,266.6693785440401,0.0,91.7,0.007,0.0,470.8156570238732,479.99625954896135,"ESP32-S3:active=93.33,idle=0.00,sleep=266.67,peak=0.00",1,0.06273869228318196,NORMAL
871,3,BMP280 + INA219 + DS18B20,3.3,720,421.0062075319568,198.63044839653605,0.0,0.0,0.0005812675407403,0.0,,0.0,"BMP280:active=370.25,idle=195.06,sleep=154.69,peak=0.00 | INA219:active=720.00,idle=0.00,sleep=0.00,peak=0.00 | DS18B20:active=172.77,idle=106.03,sleep=441.20,peak=0.00",1,0.191015536633317,NORMAL
872,4,HC-SR04 + SSD1306 OLED controller + ESP32 + Arduino Uno / ATmega328P,4.15,720,385.8851880461807,266.9090718245548,0.0,0.0,0.0093943597627137,0.0,,0.0,"HC-SR04:active=451.18,idle=268.82,sleep=0.00,peak=0.00 | SSD1306 OLED controller:active=0.00,idle=0.00,sleep=720.00,peak=0.00 | ESP32:active=372.36,idle=0.00,sleep=347.64,peak=0.00 | Arduino Uno / ATmega328P:active=720.00,idle=0.00,sleep=0.00,peak=0.00",1,0.1303232531331866,NORMAL
873,4,SSD1306 OLED controller + Raspberry Pi Pico + DHT22 / AM2302 + HC-05,3.3,30,11.422624810699173,15.0,0.0,11.943729797829585,0.6549999999999999,0.0,38.47200408378399,37.116391497463646,"SSD1306 OLED controller:active=0.00,idle=0.00,sleep=30.00,peak=0.00 | Raspberry Pi Pico:active=0.00,idle=0.00,sleep=30.00,peak=0.00 | DHT22 / AM2302:active=30.00,idle=0.00,sleep=0.00,peak=0.00 | HC-05:active=15.69,idle=14.31,sleep=0.00,peak=0.00",1,0.1500367969062546,NORMAL
874,3,HC-05 + ESP32 + MPU6050,3.3,1440,736.0409985181717,532.9669681291888,0.0757179246312681,20.08609429464199,0.0088397460424201,240.0,2623.2763890369424,2725.501616539865,"HC-05:active=1030.73,idle=409.27,sleep=0.00,peak=0.00 | ESP32:active=442.39,idle=0.00,sleep=997.38,peak=0.23 | MPU6050:active=735.01,idle=103.47,sleep=601.52,peak=0.00",1,0.018639662769038057,NORMAL
875,3,DS18B20 + ESP32-S3 + BMP280,3.3,720,374.0728635272512,282.60952382170507,0.0,52.1752870277679,0.0011992884648656,0.0,3220.4219725310727,3285.81791086406,"DS18B20:active=146.80,idle=21.41,sleep=551.79,peak=0.00 | ESP32-S3:active=636.91,idle=0.00,sleep=83.09,peak=0.00 | BMP280:active=338.51,idle=168.54,sleep=212.94,peak=0.00",1,0.15105591656812395,NORMAL
876,3,Raspberry Pi Pico + HC-SR04 + DHT22 / AM2302,4.15,30,17.639811887344308,10.0,0.0,7.913756631969454,1.3,0.0,32.643392566111274,31.44492390641711,"Raspberry Pi Pico:active=0.00,idle=0.00,sleep=30.00,peak=0.00 | HC-SR04:active=22.92,idle=7.08,sleep=0.00,peak=0.00 | DHT22 / AM2302:active=30.00,idle=0.00,sleep=0.00,peak=0.00",1,0.08476102571846567,NORMAL
877,3,DHT22 / AM2302 + ESP32 + nRF24L01+,3.3,360,256.5560280020586,79.76794257948099,1.5713179402127704,12.207121432286964,0.0023509523692773,240.0,579.0987092202582,576.3777626471297,"DHT22 / AM2302:active=360.00,idle=0.00,sleep=0.00,peak=0.00 | ESP32:active=307.33,idle=0.00,sleep=47.96,peak=4.71 | nRF24L01+:active=102.34,idle=66.31,sleep=191.35,peak=0.00",1,0.05165696245378015,NORMAL
878,4,Raspberry Pi Pico + INA219 + nRF24L01+ + DS18B20,3.3,120,65.40725068198077,50.83368314102953,0.0,0.0,0.7675380503757395,0.0,,0.0,"Raspberry Pi Pico:active=0.00,idle=0.00,sleep=120.00,peak=0.00 | INA219:active=120.00,idle=0.00,sleep=0.00,peak=0.00 | nRF24L01+:active=75.51,idle=13.53,sleep=30.95,peak=0.00 | DS18B20:active=66.12,idle=1.50,sleep=52.38,peak=0.00",1,0.15876657676571426,NORMAL
879,1,MPU6050,3.3,30,19.92298147674822,9.810559818230669,0.0,3.9,0.01,0.0,4.2789486108064,4.281918720362087,"MPU6050:active=19.92,idle=0.27,sleep=9.81,peak=0.00",1,0.1911003006991363,NORMAL
880,4,BME280 + Raspberry Pi Pico + DHT22 / AM2302 + ESP32-S3,3.3,720,505.4024713857136,214.5975286142864,0.0,0.0,1.0915418467904283,0.0,,0.0,"BME280:active=720.00,idle=0.00,sleep=0.00,peak=0.00 | Raspberry Pi Pico:active=0.00,idle=0.00,sleep=720.00,peak=0.00 | DHT22 / AM2302:active=720.00,idle=0.00,sleep=0.00,peak=0.00 | ESP32-S3:active=581.61,idle=0.00,sleep=138.39,peak=0.00",1,0.08358749364253582,NORMAL
881,1,HC-SR04,5.0,1440,797.539515673061,0.0,0.0,15.0,0.0,0.0,1104.0011419791497,1064.8290463834833,"HC-SR04:active=797.54,idle=642.46,sleep=0.00,peak=0.00",1,0.06663113173011093,NORMAL
882,3,Raspberry Pi Pico + HC-05 + SSD1306 OLED controller,3.3,60,19.644700819709776,40.0,0.0,30.0,0.6549999999999999,0.0,102.03326397554648,99.6434613025386,"Raspberry Pi Pico:active=0.00,idle=0.00,sleep=60.00,peak=0.00 | HC-05:active=58.93,idle=1.07,sleep=0.00,peak=0.00 | SSD1306 OLED controller:active=0.00,idle=0.00,sleep=60.00,peak=0.00",1,0.1498485630752855,NORMAL
883,4,INA219 + SSD1306 OLED controller + MPU6050 + Arduino Uno / ATmega328P,3.3,1440,846.7037371364734,498.8658376535152,0.0,0.0,0.01,0.0,,0.0,"INA219:active=1440.00,idle=0.00,sleep=0.00,peak=0.00 | SSD1306 OLED controller:active=0.00,idle=0.00,sleep=1440.00,peak=0.00 | MPU6050:active=506.81,idle=377.72,sleep=555.46,peak=0.00 | Arduino Uno / ATmega328P:active=1440.00,idle=0.00,sleep=0.00,peak=0.00",1,0.11614195296073165,NORMAL
884,1,HC-SR501,3.3,1440,1440.0,0.0,0.0,65.0,0.0,0.0,5148.0,5345.098944069845,"HC-SR501:active=1440.00,idle=0.00,sleep=0.00,peak=0.00",1,0.04764237969039886,NORMAL
885,1,BMP280,3.3,120,43.13146470402444,49.412231194427775,4.721548697595701,0.00274,0.0001,0.03685,0.0164661189800396,0.0161508281292763,"BMP280:active=43.13,idle=22.73,sleep=49.41,peak=4.72",1,0.020766969272583924,NORMAL
886,2,HC-05 + HC-SR04,4.15,360,216.21107862931157,0.0,0.0,21.8786386713169,0.0,0.0,761.2603343250632,754.638001275665,"HC-05:active=198.30,idle=161.70,sleep=0.00,peak=0.00 | HC-SR04:active=234.12,idle=125.88,sleep=0.00,peak=0.00",1,0.15811628931181126,NORMAL
887,4,HC-SR501 + MPU6050 + HC-SR04 + Arduino Uno / ATmega328P,5.0,60,40.36678771377671,10.023161751059014,0.0,0.0,0.01,0.0,,0.0,"HC-SR501:active=60.00,idle=0.00,sleep=0.00,peak=0.00 | MPU6050:active=10.26,idle=9.64,sleep=40.09,peak=0.00 | HC-SR04:active=31.20,idle=28.80,sleep=0.00,peak=0.00 | Arduino Uno / ATmega328P:active=60.00,idle=0.00,sleep=0.00,peak=0.00",1,0.11746849420400796,NORMAL
888,2,INA219 + DS18B20,4.15,720,529.6208983607073,165.33498347475907,0.0,0.0,0.00075,0.0,,0.0,"INA219:active=720.00,idle=0.00,sleep=0.00,peak=0.00 | DS18B20:active=339.24,idle=50.09,sleep=330.67,peak=0.00",1,0.15393460152372018,NORMAL
889,1,BME280,3.3,1440,1440.0,0.0,0.0,0.0,0.0,0.0,,0.0,"BME280:active=1440.00,idle=0.00,sleep=0.00,peak=0.00",1,0.09909329927197102,NORMAL
890,4,HC-05 + HC-SR501 + BME280 + Arduino Uno / ATmega328P,3.3,720,630.0433700837145,0.0,0.0,0.0,0.0,0.0,,0.0,"HC-05:active=360.17,idle=359.83,sleep=0.00,peak=0.00 | HC-SR501:active=720.00,idle=0.00,sleep=0.00,peak=0.00 | BME280:active=720.00,idle=0.00,sleep=0.00,peak=0.00 | Arduino Uno / ATmega328P:active=720.00,idle=0.00,sleep=0.00,peak=0.00",1,0.16289595989186773,NORMAL
891,4,nRF24L01+ + Arduino Uno / ATmega328P + BMP280 + Raspberry Pi Pico,3.3,360,196.07478119888344,133.35351961805063,1.4221123153714936,0.0,0.8775179577706411,3.252032584698413,,0.0,"nRF24L01+:active=177.36,idle=102.42,sleep=78.86,peak=1.36 | Arduino Uno / ATmega328P:active=360.00,idle=0.00,sleep=0.00,peak=0.00 | BMP280:active=246.94,idle=14.18,sleep=94.55,peak=4.33 | Raspberry Pi Pico:active=0.00,idle=0.00,sleep=360.00,peak=0.00",1,0.04958293343107156,NORMAL
892,1,BMP280,3.3,60,24.84872177683525,11.022722100247009,0.0,0.0027399999999999,0.0001,0.0,0.0039380344019964,0.0039373904698179,"BMP280:active=24.85,idle=24.13,sleep=11.02,peak=0.00",1,0.20692173698379213,NORMAL
893,2,MPU6050 + Raspberry Pi Pico,3.3,1440,300.1599637508627,936.1647640869336,0.0,3.9,1.0021330471200582,0.0,232.0784270893049,231.9776657847995,"MPU6050:active=600.32,idle=407.35,sleep=432.33,peak=0.00 | Raspberry Pi Pico:active=0.00,idle=0.00,sleep=1440.00,peak=0.00",1,0.03903422690802616,NORMAL
894,1,ESP32,3.3,120,48.33243224295511,67.11860633789806,4.548961419146834,23.879999999999995,0.00814,240.0,123.5561562406929,125.78962080061667,"ESP32:active=48.33,idle=0.00,sleep=67.12,peak=4.55",-1,-0.04942251881031634,ANOMALY
895,2,Raspberry Pi Pico + MPU6050,3.3,360,30.603497861593887,316.9142816594273,0.0,3.9,0.7426902365654013,0.0,39.02637151371259,39.55145524678143,"Raspberry Pi Pico:active=0.00,idle=0.00,sleep=360.00,peak=0.00 | MPU6050:active=61.21,idle=24.96,sleep=273.83,peak=0.00",1,0.1304094090451538,NORMAL
896,3,HC-SR04 + Arduino Uno / ATmega328P + MPU6050,5.0,720,529.5124170121318,93.48603605147244,0.0,0.0,0.01,0.0,,0.0,"HC-SR04:active=434.20,idle=285.80,sleep=0.00,peak=0.00 | Arduino Uno / ATmega328P:active=720.00,idle=0.00,sleep=0.00,peak=0.00 | MPU6050:active=434.34,idle=5.21,sleep=280.46,peak=0.00",1,0.09028066831194265,NORMAL
897,3,Raspberry Pi Pico + HC-05 + MPU6050,3.3,30,11.665806723071508,17.874798951795913,0.0,25.985541439657148,0.7316864388118846,0.0,52.34639144777969,51.98885113153103,"Raspberry Pi Pico:active=0.00,idle=0.00,sleep=30.00,peak=0.00 | HC-05:active=29.61,idle=0.39,sleep=0.00,peak=0.00 | MPU6050:active=5.38,idle=0.99,sleep=23.62,peak=0.00",1,0.1448262291101704,NORMAL
898,1,HC-SR501,3.3,1440,1440.0,0.0,0.0,65.0,0.0,0.0,5148.0,5216.174478182273,"HC-SR501:active=1440.00,idle=0.00,sleep=0.00,peak=0.00",1,0.04764237969039886,NORMAL
899,3,DHT22 / AM2302 + BMP280 + HC-SR04,3.3,30,20.433510787878703,4.181699627749281,0.0,5.322062792278007,0.0001,0.0,19.401402513762736,19.447193608182893,"DHT22 / AM2302:active=30.00,idle=0.00,sleep=0.00,peak=0.00 | BMP280:active=14.55,idle=2.90,sleep=12.55,peak=0.00 | HC-SR04:active=16.75,idle=13.25,sleep=0.00,peak=0.00",1,0.20954133274069997,NORMAL
900,3,BME280 + nRF24L01+ + HC-05,3.3,720,496.25651907881365,109.85937310742504,0.0,0.0,0.0009,0.0,,0.0,"BME280:active=720.00,idle=0.00,sleep=0.00,peak=0.00 | nRF24L01+:active=352.89,idle=37.54,sleep=329.58,peak=0.00 | HC-05:active=415.88,idle=304.12,sleep=0.00,peak=0.00",1,0.18733930638267404,NORMAL
901,1,DHT22 / AM2302,3.3,360,360.0,0.0,0.0,2.5,0.0,0.0,49.5,48.94635593093896,"DHT22 / AM2302:active=360.00,idle=0.00,sleep=0.00,peak=0.00",1,0.1777065584789198,NORMAL
902,3,ESP32 + MPU6050 + ESP32-S3,3.3,1440,624.7774207158504,781.0824347679815,0.762230555255544,59.54366600795209,0.0088282486736014,240.0,6169.603420400346,6060.651690558783,"ESP32:active=581.70,idle=0.00,sleep=856.01,peak=2.29 | MPU6050:active=237.14,idle=100.13,sleep=1102.73,peak=0.00 | ESP32-S3:active=1055.49,idle=0.00,sleep=384.51,peak=0.00",-1,-0.04645850077438962,ANOMALY
903,1,BME280,3.3,720,720.0,0.0,0.0,0.0,0.0,0.0,,0.0,"BME280:active=720.00,idle=0.00,sleep=0.00,peak=0.00",1,0.16551468003168956,NORMAL
904,4,BMP280 + HC-SR501 + MPU6050 + BME280,3.3,1440,1109.9157665775838,287.77637281168734,0.0,0.0,0.0045236667817449,0.0,,0.0,"BMP280:active=691.02,idle=112.23,sleep=636.75,peak=0.00 | HC-SR501:active=1440.00,idle=0.00,sleep=0.00,peak=0.00 | MPU6050:active=868.64,idle=57.00,sleep=514.35,peak=0.00 | BME280:active=1440.00,idle=0.00,sleep=0.00,peak=0.00",1,0.12232592998289687,NORMAL
905,3,Arduino Uno / ATmega328P + SSD1306 OLED controller + HC-SR04,5.0,120,70.83029978749344,40.0,0.0,0.0,0.01,0.0,,0.0,"Arduino Uno / ATmega328P:active=120.00,idle=0.00,sleep=0.00,peak=0.00 | SSD1306 OLED controller:active=0.00,idle=0.00,sleep=120.00,peak=0.00 | HC-SR04:active=92.49,idle=27.51,sleep=0.00,peak=0.00",1,0.13439053469107415,NORMAL
906,4,HC-SR04 + MPU6050 + Raspberry Pi Pico + BMP280,3.3,30,9.83065704673077,18.5372977005922,0.0,11.206309253813444,0.5289992536807909,0.0,26.64939394081605,26.139354202103085,"HC-SR04:active=27.68,idle=2.32,sleep=0.00,peak=0.00 | MPU6050:active=6.53,idle=1.20,sleep=22.27,peak=0.00 | Raspberry Pi Pico:active=0.00,idle=0.00,sleep=30.00,peak=0.00 | BMP280:active=5.12,idle=3.00,sleep=21.88,peak=0.00",1,0.15593447104919506,NORMAL
907,3,MPU6050 + HC-SR501 + BMP280,3.3,30,21.457122805074174,8.058785038338343,0.0,31.290319898934904,0.0051833577673144,0.0,110.78824577694884,110.42094969039996,"MPU6050:active=16.45,idle=1.14,sleep=12.41,peak=0.00 | HC-SR501:active=30.00,idle=0.00,sleep=0.00,peak=0.00 | BMP280:active=17.92,idle=0.32,sleep=11.76,peak=0.00",1,0.19352580434678995,NORMAL
908,2,nRF24L01+ + Raspberry Pi Pico,3.3,360,50.84264977366154,271.26288599140327,0.0,11.3,0.862934624255272,0.0,89.05482686208634,91.13882808298486,"nRF24L01+:active=101.69,idle=75.79,sleep=182.53,peak=0.00 | Raspberry Pi Pico:active=0.00,idle=0.00,sleep=360.00,peak=0.00",1,0.12627986430597077,NORMAL
909,3,SSD1306 OLED controller + ESP32-S3 + ESP32,3.3,60,29.13354265308475,30.852354815099694,0.0141025318155515,53.13743564793137,0.0090711349131914,240.0,256.0381265364787,247.0265560777677,"SSD1306 OLED controller:active=0.00,idle=0.00,sleep=60.00,peak=0.00 | ESP32-S3:active=37.70,idle=0.00,sleep=22.30,peak=0.00 | ESP32:active=49.70,idle=0.00,sleep=10.26,peak=0.04",1,0.05954269794405198,NORMAL
910,4,ESP32-S3 + DHT22 / AM2302 + HC-SR04 + BME280,3.3,720,557.4943255001498,122.71665148669815,0.3387293517696637,0.0,0.007,355.0,,0.0,"ESP32-S3:active=227.78,idle=0.00,sleep=490.87,peak=1.35 | DHT22 / AM2302:active=720.00,idle=0.00,sleep=0.00,peak=0.00 | HC-SR04:active=562.20,idle=157.80,sleep=0.00,peak=0.00 | BME280:active=720.00,idle=0.00,sleep=0.00,peak=0.00",1,0.02531640220934739,NORMAL
911,2,nRF24L01+ + DHT22 / AM2302,3.3,60,48.32341696894041,3.989362535016269,0.0,5.836810172805362,0.0009,0.0,31.048387689902576,30.72288700802607,"nRF24L01+:active=36.65,idle=15.37,sleep=7.98,peak=0.00 | DHT22 / AM2302:active=60.00,idle=0.00,sleep=0.00,peak=0.00",1,0.21287011741147538,NORMAL
912,2,DS18B20 + DHT22 / AM2302,4.15,360,237.69242995169105,82.2370580121768,0.0,2.135921745824531,0.00075,0.0,70.24347555370977,71.14499527944096,"DS18B20:active=115.38,idle=80.14,sleep=164.47,peak=0.00 | DHT22 / AM2302:active=360.00,idle=0.00,sleep=0.00,peak=0.00",1,0.17111074487289712,NORMAL
913,1,HC-SR501,3.3,1440,1440.0,0.0,0.0,65.0,0.0,0.0,5148.0,5009.590138561801,"HC-SR501:active=1440.00,idle=0.00,sleep=0.00,peak=0.00",1,0.04764237969039886,NORMAL
914,2,ESP32 + HC-SR04,4.15,120,78.69534108216389,30.657297777590248,0.0,18.311037123061084,0.00814,0.0,202.3176992101737,197.9407592478157,"ESP32:active=58.69,idle=0.00,sleep=61.31,peak=0.00 | HC-SR04:active=98.71,idle=21.29,sleep=0.00,peak=0.00",1,0.16970276821714303,NORMAL
915,2,ESP32-S3 + MPU6050,3.3,360,157.55091565151625,164.545430966791,1.6383872952878653,55.71295999120065,0.0084432219411429,355.0,1029.6908567022697,1026.8018780306684,"ESP32-S3:active=185.95,idle=0.00,sleep=170.77,peak=3.28 | MPU6050:active=129.15,idle=72.53,sleep=158.32,peak=0.00",1,0.0005308822932361679,NORMAL
916,3,Arduino Uno / ATmega328P + MPU6050 + nRF24L01+,3.3,60,31.09796678206131,23.04797512900532,0.0,0.0,0.0059202977140662,0.0,,0.0,"Arduino Uno / ATmega328P:active=60.00,idle=0.00,sleep=0.00,peak=0.00 | MPU6050:active=15.50,idle=6.36,sleep=38.15,peak=0.00 | nRF24L01+:active=17.80,idle=11.20,sleep=31.00,peak=0.00",1,0.2176948893973576,NORMAL
917,1,HC-SR501,3.3,1440,1440.0,0.0,0.0,65.0,0.0,0.0,5148.0,5111.134731412468,"HC-SR501:active=1440.00,idle=0.00,sleep=0.00,peak=0.00",1,0.04764237969039886,NORMAL
918,1,DHT22 / AM2302,3.3,360,360.0,0.0,0.0,2.5,0.0,0.0,49.5,49.5768641707619,"DHT22 / AM2302:active=360.00,idle=0.00,sleep=0.00,peak=0.00",1,0.1777065584789198,NORMAL
919,1,INA219,3.3,60,60.0,0.0,0.0,0.0,0.0,0.0,,0.0,"INA219:active=60.00,idle=0.00,sleep=0.00,peak=0.00",1,0.20809052361625596,NORMAL
920,4,ESP32-S3 + SSD1306 OLED controller + DS18B20 + BMP280,3.3,60,23.68117042240432,26.855834693996915,0.0,37.8753126634798,0.0070807845340869,0.0,197.36753901767423,195.4948581944458,"ESP32-S3:active=38.79,idle=0.00,sleep=21.21,peak=0.00 | SSD1306 OLED controller:active=0.00,idle=0.00,sleep=60.00,peak=0.00 | DS18B20:active=30.97,idle=14.38,sleep=14.65,peak=0.00 | BMP280:active=24.97,idle=23.47,sleep=11.56,peak=0.00",1,0.1762991077607869,NORMAL
921,4,BME280 + DHT22 / AM2302 + BMP280 + nRF24L01+,3.3,120,77.51964367738513,28.548623908605084,1.0765525555022897,0.0,0.000346402702303,2.5,,0.0,"BME280:active=120.00,idle=0.00,sleep=0.00,peak=0.00 | DHT22 / AM2302:active=115.69,idle=0.00,sleep=0.00,peak=4.31 | BMP280:active=30.86,idle=10.12,sleep=79.02,peak=0.00 | nRF24L01+:active=43.53,idle=41.30,sleep=35.17,peak=0.00",1,0.14290174290242474,NORMAL
922,3,Raspberry Pi Pico + Arduino Uno / ATmega328P + nRF24L01+,4.15,360,142.61595063258943,195.1894110737772,0.0,0.0,0.7995703742913407,0.0,,0.0,"Raspberry Pi Pico:active=0.00,idle=0.00,sleep=360.00,peak=0.00 | Arduino Uno / ATmega328P:active=360.00,idle=0.00,sleep=0.00,peak=0.00 | nRF24L01+:active=67.85,idle=66.58,sleep=225.57,peak=0.00",1,0.10937105757752463,NORMAL
923,1,MPU6050,3.3,60,44.82293838085616,9.589498911850267,0.0,3.9,0.01,0.0,9.62133108683967,9.544784660754235,"MPU6050:active=44.82,idle=5.59,sleep=9.59,peak=0.00",1,0.1977164746261062,NORMAL
924,3,Raspberry Pi Pico + HC-SR04 + MPU6050,4.15,1440,575.0933907925111,674.7974630387666,0.0,9.879227089276297,0.927608666179036,0.0,1379.450779545797,1331.9438391234785,"Raspberry Pi Pico:active=0.00,idle=0.00,sleep=1440.00,peak=0.00 | HC-SR04:active=929.36,idle=510.64,sleep=0.00,peak=0.00 | MPU6050:active=795.93,idle=59.68,sleep=584.39,peak=0.00",1,0.02127853501730914,NORMAL
925,4,SSD1306 OLED controller + DHT22 / AM2302 + HC-SR501 + Raspberry Pi Pico,3.3,60,29.59405419530596,30.0,0.4059458046940431,34.17866064625579,0.6549999999999999,2.5,227.073,222.13536427641927,"SSD1306 OLED controller:active=0.00,idle=0.00,sleep=60.00,peak=0.00 | DHT22 / AM2302:active=58.38,idle=0.00,sleep=0.00,peak=1.62 | HC-SR501:active=60.00,idle=0.00,sleep=0.00,peak=0.00 | Raspberry Pi Pico:active=0.00,idle=0.00,sleep=60.00,peak=0.00",1,0.09355275898686471,NORMAL
926,1,DHT22 / AM2302,3.3,360,356.7571518331781,0.0,3.242848166821889,2.5,0.0,2.5,49.5,50.44018310378819,"DHT22 / AM2302:active=356.76,idle=0.00,sleep=0.00,peak=3.24",1,0.021913818501309135,NORMAL
927,3,MPU6050 + BME280 + HC-SR501,3.3,30,25.47605479405524,2.6982639257483214,0.0,0.0,0.01,0.0,,0.0,"MPU6050:active=16.43,idle=5.48,sleep=8.09,peak=0.00 | BME280:active=30.00,idle=0.00,sleep=0.00,peak=0.00 | HC-SR501:active=30.00,idle=0.00,sleep=0.00,peak=0.00",1,0.21176811469729984,NORMAL
928,2,SSD1306 OLED controller + DHT22 / AM2302,3.3,720,358.3695534867716,360.0,1.6304465132284132,2.5,0.01,2.5,99.396,99.76228464172245,"SSD1306 OLED controller:active=0.00,idle=0.00,sleep=720.00,peak=0.00 | DHT22 / AM2302:active=716.74,idle=0.00,sleep=0.00,peak=3.26",1,0.0797329826506995,NORMAL
929,1,SSD1306 OLED controller,3.3,720,0.0,720.0,0.0,0.0,0.01,0.0,0.396,0.3925344194086857,"SSD1306 OLED controller:active=0.00,idle=0.00,sleep=720.00,peak=0.00",1,0.1297644497890389,NORMAL
930,4,nRF24L01+ + HC-SR501 + DS18B20 + Arduino Uno / ATmega328P,5.0,360,287.6390451211753,30.666515548541398,0.0,0.0,0.0008150705271052,0.0,,0.0,"nRF24L01+:active=274.57,idle=32.21,sleep=53.21,peak=0.00 | HC-SR501:active=360.00,idle=0.00,sleep=0.00,peak=0.00 | DS18B20:active=155.98,idle=134.56,sleep=69.45,peak=0.00 | Arduino Uno / ATmega328P:active=360.00,idle=0.00,sleep=0.00,peak=0.00",1,0.10599515386573377,NORMAL
931,4,HC-SR04 + BME280 + INA219 + BMP280,3.3,720,543.881709904457,128.3088847949215,0.0,0.0,0.0001,0.0,,0.0,"HC-SR04:active=605.82,idle=114.18,sleep=0.00,peak=0.00 | BME280:active=720.00,idle=0.00,sleep=0.00,peak=0.00 | INA219:active=720.00,idle=0.00,sleep=0.00,peak=0.00 | BMP280:active=129.71,idle=77.06,sleep=513.24,peak=0.00",1,0.17478407181885486,NORMAL
932,3,DS18B20 + HC-05 + INA219,3.3,720,450.5253146340476,143.98885809981533,0.0,0.0,0.00075,0.0,,0.0,"DS18B20:active=181.48,idle=106.55,sleep=431.97,peak=0.00 | HC-05:active=450.10,idle=269.90,sleep=0.00,peak=0.00 | INA219:active=720.00,idle=0.00,sleep=0.00,peak=0.00",1,0.19090947269405129,NORMAL
933,4,DHT22 / AM2302 + ESP32-S3 + DS18B20 + ESP32,3.3,360,257.33127824500764,93.60401257014568,0.0,23.318682328000097,0.0060008227228728,0.0,1320.2628626156218,1288.3357035162696,"DHT22 / AM2302:active=360.00,idle=0.00,sleep=0.00,peak=0.00 | ESP32-S3:active=186.65,idle=0.00,sleep=173.35,peak=0.00 | DS18B20:active=242.10,idle=36.26,sleep=81.64,peak=0.00 | ESP32:active=240.58,idle=0.00,sleep=119.42,peak=0.00",1,0.176587168364994,NORMAL
934,4,MPU6050 + HC-SR501 + Arduino Uno / ATmega328P + HC-05,3.3,720,507.04016232688,104.93432279223944,0.0,0.0,0.0099999999999999,0.0,,0.0,"MPU6050:active=194.16,idle=106.11,sleep=419.74,peak=0.00 | HC-SR501:active=720.00,idle=0.00,sleep=0.00,peak=0.00 | Arduino Uno / ATmega328P:active=720.00,idle=0.00,sleep=0.00,peak=0.00 | HC-05:active=394.00,idle=326.00,sleep=0.00,peak=0.00",1,0.1717136690590052,NORMAL
935,3,DHT22 / AM2302 + SSD1306 OLED controller + ESP32,3.3,1440,633.3976109683722,806.6023890316278,0.0,7.677854898267939,0.0092468650578531,0.0,803.6479264062883,784.8786982635896,"DHT22 / AM2302:active=1440.00,idle=0.00,sleep=0.00,peak=0.00 | SSD1306 OLED controller:active=0.00,idle=0.00,sleep=1440.00,peak=0.00 | ESP32:active=460.19,idle=0.00,sleep=979.81,peak=0.00",1,0.11385065429317898,NORMAL
936,2,SSD1306 OLED controller + HC-05,3.3,720,252.8292997002106,360.0,0.0,30.0,0.01,0.0,929.0429052745096,957.971342924124,"SSD1306 OLED controller:active=0.00,idle=0.00,sleep=720.00,peak=0.00 | HC-05:active=505.66,idle=214.34,sleep=0.00,peak=0.00",1,0.16982509566096743,NORMAL
937,2,ESP32-S3 + INA219,3.3,120,101.03062260943786,18.969377390562144,0.0,0.0,0.007,0.0,,0.0,"ESP32-S3:active=82.06,idle=0.00,sleep=37.94,peak=0.00 | INA219:active=120.00,idle=0.00,sleep=0.00,peak=0.00",1,0.21565951687018703,NORMAL
938,3,MPU6050 + ESP32-S3 + Arduino Uno / ATmega328P,3.3,120,94.9959753886023,16.148154125089103,0.0,0.0,0.0087224030144707,0.0,,0.0,"MPU6050:active=65.62,idle=26.57,sleep=27.81,peak=0.00 | ESP32-S3:active=99.37,idle=0.00,sleep=20.63,peak=0.00 | Arduino Uno / ATmega328P:active=120.00,idle=0.00,sleep=0.00,peak=0.00",1,0.21728000267182562,NORMAL
939,1,HC-SR501,3.3,1440,1440.0,0.0,0.0,65.0,0.0,0.0,5148.0,5345.775948641977,"HC-SR501:active=1440.00,idle=0.00,sleep=0.00,peak=0.00",1,0.04764237969039886,NORMAL
940,1,SSD1306 OLED controller,3.3,360,0.0,360.0,0.0,0.0,0.01,0.0,0.198,0.191800512179225,"SSD1306 OLED controller:active=0.00,idle=0.00,sleep=360.00,peak=0.00",1,0.16413059891875242,NORMAL
941,3,BME280 + nRF24L01+ + Arduino Uno / ATmega328P,3.3,720,589.6109350793071,59.41645096540935,0.0,0.0,0.0009,0.0,,0.0,"BME280:active=720.00,idle=0.00,sleep=0.00,peak=0.00 | nRF24L01+:active=328.83,idle=212.92,sleep=178.25,peak=0.00 | Arduino Uno / ATmega328P:active=720.00,idle=0.00,sleep=0.00,peak=0.00",1,0.17980744812808608,NORMAL
942,1,DS18B20,5.0,1440,616.5510272483626,440.36347462822073,0.0,1.0,0.00075,0.0,51.43071783149386,50.95550519660973,"DS18B20:active=616.55,idle=383.09,sleep=440.36,peak=0.00",1,0.05597838220563878,NORMAL
943,4,Raspberry Pi Pico + HC-SR501 + SSD1306 OLED controller + HC-SR04,4.15,360,139.1870149540847,180.0,0.0,47.33060211460436,0.655,0.0,1877.8282971181916,1872.9925671781552,"Raspberry Pi Pico:active=0.00,idle=0.00,sleep=360.00,peak=0.00 | HC-SR501:active=360.00,idle=0.00,sleep=0.00,peak=0.00 | SSD1306 OLED controller:active=0.00,idle=0.00,sleep=360.00,peak=0.00 | HC-SR04:active=196.75,idle=163.25,sleep=0.00,peak=0.00",1,0.06826365615080277,NORMAL
944,1,nRF24L01+,3.3,720,201.9863113914954,468.86927323889216,0.0,11.3,0.0009,0.0,125.62797807281824,128.57298161585643,"nRF24L01+:active=201.99,idle=49.14,sleep=468.87,peak=0.00",1,0.15210744371572216,NORMAL
945,3,nRF24L01+ + MPU6050 + DS18B20,3.3,360,107.06219479192744,195.64440375822852,0.880487482673928,3.994565849926655,0.0048413503458077,1.5,70.97329894984541,70.82637194486746,"nRF24L01+:active=64.65,idle=19.01,sleep=276.34,peak=0.00 | MPU6050:active=102.05,idle=2.82,sleep=255.12,peak=0.00 | DS18B20:active=154.49,idle=147.41,sleep=55.47,peak=2.64",1,0.13249604183055647,NORMAL
946,3,nRF24L01+ + HC-05 + MPU6050,3.3,1440,802.8508890542785,461.0383459062527,0.0,19.025736393695947,0.0088587055521246,0.0,2696.384850018138,2765.003646734483,"nRF24L01+:active=1249.48,idle=17.06,sleep=173.47,peak=0.00 | HC-05:active=1041.57,idle=398.43,sleep=0.00,peak=0.00 | MPU6050:active=117.51,idle=112.85,sleep=1209.65,peak=0.00",1,0.13329669508077485,NORMAL
947,4,Arduino Uno / ATmega328P + HC-SR04 + MPU6050 + ESP32-S3,4.15,30,19.96219470521559,7.74156927198858,0.0,0.0,0.0092517805592659,0.0,,0.0,"Arduino Uno / ATmega328P:active=30.00,idle=0.00,sleep=0.00,peak=0.00 | HC-SR04:active=20.82,idle=9.18,sleep=0.00,peak=0.00 | MPU6050:active=6.75,idle=0.00,sleep=23.24,peak=0.00 | ESP32-S3:active=22.28,idle=0.00,sleep=7.72,peak=0.00",1,0.1543368512263833,NORMAL
948,2,HC-SR04 + Raspberry Pi Pico,5.0,360,170.75750488644218,180.0,0.0,14.999999999999998,1.3,0.0,468.9745939206247,469.6903130332509,"HC-SR04:active=341.52,idle=18.48,sleep=0.00,peak=0.00 | Raspberry Pi Pico:active=0.00,idle=0.00,sleep=360.00,peak=0.00",1,0.026769315815141415,NORMAL
949,1,INA219,3.3,30,30.0,0.0,0.0,0.0,0.0,0.0,,0.0,"INA219:active=30.00,idle=0.00,sleep=0.00,peak=0.00",1,0.20199916271044493,NORMAL
950,3,ESP32-S3 + BMP280 + MPU6050,3.3,1440,577.225996059805,817.7730904198694,0.0,47.26434949157876,0.0065157203835844,0.0,4502.451869180275,4423.583324418394,"ESP32-S3:active=883.53,idle=0.00,sleep=556.47,peak=0.00 | BMP280:active=636.51,idle=108.68,sleep=694.81,peak=0.00 | MPU6050:active=211.64,idle=26.32,sleep=1202.04,peak=0.00",1,0.08071042040900567,NORMAL
951,4,ESP32-S3 + BME280 + MPU6050 + ESP32,3.3,1440,1157.7547874710826,280.5307627163778,0.0,0.0,0.0080915227239002,0.0,,0.0,"ESP32-S3:active=856.83,idle=0.00,sleep=583.17,peak=0.00 | BME280:active=1440.00,idle=0.00,sleep=0.00,peak=0.00 | MPU6050:active=1104.96,idle=6.86,sleep=328.18,peak=0.00 | ESP32:active=1229.22,idle=0.00,sleep=210.78,peak=0.00",1,0.11828362094447292,NORMAL
952,1,ESP32-S3,3.3,720,136.41279568104596,583.587204318954,0.0,91.7,0.007,0.0,688.2226160910183,669.2052176063803,"ESP32-S3:active=136.41,idle=0.00,sleep=583.59,peak=0.00",1,0.04504073714980872,NORMAL
953,1,HC-05,3.3,30,26.744305452626108,0.0,0.0,30.0,0.0,0.0,45.56060959767759,45.64468313742597,"HC-05:active=26.74,idle=3.26,sleep=0.00,peak=0.00",1,0.18485288593414723,NORMAL
954,3,Arduino Uno / ATmega328P + MPU6050 + nRF24L01+,3.3,60,26.323523889535966,31.03767968066288,0.0,0.0,0.0058555272270915,0.0,,0.0,"Arduino Uno / ATmega328P:active=60.00,idle=0.00,sleep=0.00,peak=0.00 | MPU6050:active=8.76,idle=0.54,sleep=50.71,peak=0.00 | nRF24L01+:active=10.21,idle=7.38,sleep=42.41,peak=0.00",1,0.21750689602750312,NORMAL
955,4,HC-SR501 + SSD1306 OLED controller + Raspberry Pi Pico + HC-05,3.3,60,26.40116639716956,30.0,0.0,49.885485061610176,0.6549999999999999,0.0,300.40464536230064,290.61364032566985,"HC-SR501:active=60.00,idle=0.00,sleep=0.00,peak=0.00 | SSD1306 OLED controller:active=0.00,idle=0.00,sleep=60.00,peak=0.00 | Raspberry Pi Pico:active=0.00,idle=0.00,sleep=60.00,peak=0.00 | HC-05:active=45.60,idle=14.40,sleep=0.00,peak=0.00",1,0.1229205725776954,NORMAL
956,2,SSD1306 OLED controller + HC-SR04,4.15,720,312.5719272703031,360.0,0.0,15.000000000000002,0.01,0.0,662.2065158744285,644.9330937846382,"SSD1306 OLED controller:active=0.00,idle=0.00,sleep=720.00,peak=0.00 | HC-SR04:active=625.14,idle=94.86,sleep=0.00,peak=0.00",1,0.14458231454952503,NORMAL
957,2,ESP32-S3 + DHT22 / AM2302,3.3,720,614.8486077170522,105.1513922829478,0.0,39.47250920477378,0.007,0.0,2669.7388726139634,2597.726636086569,"ESP32-S3:active=509.70,idle=0.00,sleep=210.30,peak=0.00 | DHT22 / AM2302:active=720.00,idle=0.00,sleep=0.00,peak=0.00",1,0.15152713158339204,NORMAL
958,1,nRF24L01+,3.3,60,22.370673778617704,29.881145098243262,3.2070895225671805,11.3,0.0009,13.500000000000002,16.292610601588216,16.33026266931057,"nRF24L01+:active=22.37,idle=4.54,sleep=29.88,peak=3.21",1,0.028730772756724976,NORMAL
959,4,HC-05 + HC-SR04 + nRF24L01+ + HC-SR501,3.3,720,513.1618762859581,49.03481041376359,0.0,34.80515563021094,0.0009,0.0,4086.745178259319,4116.155494393557,"HC-05:active=397.30,idle=322.70,sleep=0.00,peak=0.00 | HC-SR04:active=582.22,idle=137.78,sleep=0.00,peak=0.00 | nRF24L01+:active=353.12,idle=170.74,sleep=196.14,peak=0.00 | HC-SR501:active=720.00,idle=0.00,sleep=0.00,peak=0.00",1,0.1407588362389358,NORMAL
960,4,ESP32 + HC-SR04 + BME280 + DHT22 / AM2302,3.3,60,51.49098226279592,5.06768633876101,0.0,0.0,0.00814,0.0,,0.0,"ESP32:active=39.73,idle=0.00,sleep=20.27,peak=0.00 | HC-SR04:active=46.23,idle=13.77,sleep=0.00,peak=0.00 | BME280:active=60.00,idle=0.00,sleep=0.00,peak=0.00 | DHT22 / AM2302:active=60.00,idle=0.00,sleep=0.00,peak=0.00",1,0.20534146091729938,NORMAL
961,4,SSD1306 OLED controller + BME280 + DS18B20 + MPU6050,3.3,30,12.751841806288647,15.191045902478988,0.2909143488761717,0.0,0.0072189877424689,1.5,,0.0,"SSD1306 OLED controller:active=0.00,idle=0.00,sleep=30.00,peak=0.00 | BME280:active=30.00,idle=0.00,sleep=0.00,peak=0.00 | DS18B20:active=9.74,idle=0.83,sleep=18.27,peak=1.16 | MPU6050:active=11.27,idle=6.24,sleep=12.50,peak=0.00",1,0.16905743830546488,NORMAL
962,2,MPU6050 + ESP32-S3,3.3,1440,468.16489208628445,928.2264298941376,0.0,51.67012239599303,0.0084962245020204,0.0,2661.806591304561,2599.592990457462,"MPU6050:active=426.89,idle=87.22,sleep=925.89,peak=0.00 | ESP32-S3:active=509.44,idle=0.00,sleep=930.56,peak=0.00",1,0.0658461861448213,NORMAL
963,1,HC-SR501,3.3,30,30.0,0.0,0.0,65.0,0.0,0.0,107.25,103.2451559119803,"HC-SR501:active=30.00,idle=0.00,sleep=0.00,peak=0.00",1,0.14920931814686506,NORMAL
964,3,HC-SR501 + HC-05 + INA219,3.3,720,617.302991755941,0.0,0.0,0.0,0.0,0.0,,0.0,"HC-SR501:active=720.00,idle=0.00,sleep=0.00,peak=0.00 | HC-05:active=411.91,idle=308.09,sleep=0.00,peak=0.00 | INA219:active=720.00,idle=0.00,sleep=0.00,peak=0.00",1,0.179310248659923,NORMAL
965,2,ESP32-S3 + Raspberry Pi Pico,3.3,1440,339.8097458236486,1100.1902541763511,0.0,91.7,0.8531809186784297,0.0,3530.913652618859,3583.191253829158,"ESP32-S3:active=679.62,idle=0.00,sleep=760.38,peak=0.00 | Raspberry Pi Pico:active=0.00,idle=0.00,sleep=1440.00,peak=0.00",-1,-0.033859429511126304,ANOMALY
966,3,ESP32 + MPU6050 + BME280,3.3,60,45.26899332338744,11.883330173704252,0.0,0.0,0.0096357625987995,0.0,,0.0,"ESP32:active=53.02,idle=0.00,sleep=6.98,peak=0.00 | MPU6050:active=22.79,idle=8.54,sleep=28.67,peak=0.00 | BME280:active=60.00,idle=0.00,sleep=0.00,peak=0.00",1,0.22071014634158642,NORMAL
967,1,DS18B20,5.0,1440,132.0121476081008,1194.4263575133134,0.5774293681147447,1.0,0.00075,1.5,11.154904123128397,10.994454905706858,"DS18B20:active=132.01,idle=112.98,sleep=1194.43,peak=0.58",-1,-0.05897628842184188,ANOMALY
968,2,BMP280 + Arduino Uno / ATmega328P,4.15,120,96.66609775072745,22.057245269608813,0.0,0.0,0.0001,0.0,,0.0,"BMP280:active=73.33,idle=2.55,sleep=44.11,peak=0.00 | Arduino Uno / ATmega328P:active=120.00,idle=0.00,sleep=0.00,peak=0.00",1,0.18260069716216448,NORMAL
969,4,BME280 + DHT22 / AM2302 + HC-SR501 + Arduino Uno / ATmega328P,3.3,120,120.0,0.0,0.0,0.0,0.0,0.0,,0.0,"BME280:active=120.00,idle=0.00,sleep=0.00,peak=0.00 | DHT22 / AM2302:active=120.00,idle=0.00,sleep=0.00,peak=0.00 | HC-SR501:active=120.00,idle=0.00,sleep=0.00,peak=0.00 | Arduino Uno / ATmega328P:active=120.00,idle=0.00,sleep=0.00,peak=0.00",1,0.20018012454327122,NORMAL
970,3,BMP280 + ESP32 + MPU6050,3.3,1440,643.1872112778846,522.6380193808371,1.4731891315133048,12.769734021523645,0.0036906821457121,0.03685,1355.7018324589646,1390.7031106159418,"BMP280:active=348.55,idle=184.63,sleep=902.40,peak=4.42 | ESP32:active=924.58,idle=0.00,sleep=515.42,peak=0.00 | MPU6050:active=656.43,idle=633.48,sleep=150.09,peak=0.00",1,0.057581584283945886,NORMAL
971,4,HC-SR04 + ESP32 + INA219 + DHT22 / AM2302,3.3,120,94.4643635197256,17.821710535020085,0.0,0.0,0.00814,0.0,,0.0,"HC-SR04:active=89.14,idle=30.86,sleep=0.00,peak=0.00 | ESP32:active=48.71,idle=0.00,sleep=71.29,peak=0.00 | INA219:active=120.00,idle=0.00,sleep=0.00,peak=0.00 | DHT22 / AM2302:active=120.00,idle=0.00,sleep=0.00,peak=0.00",1,0.20728740373388882,NORMAL
972,3,nRF24L01+ + ESP32 + INA219,3.3,720,523.1718180380147,177.49772893037803,0.0,0.0,0.0057245853980557,0.0,,0.0,"nRF24L01+:active=484.36,idle=57.99,sleep=177.65,peak=0.00 | ESP32:active=365.16,idle=0.00,sleep=354.84,peak=0.00 | INA219:active=720.00,idle=0.00,sleep=0.00,peak=0.00",1,0.185518198942362,NORMAL
973,3,DS18B20 + HC-SR501 + ESP32-S3,4.15,60,37.73826220092961,21.781478183639454,0.0,71.08522652810882,0.0021708021463068,0.0,556.6562163669442,536.5525757126584,"DS18B20:active=8.07,idle=1.44,sleep=50.49,peak=0.00 | HC-SR501:active=60.00,idle=0.00,sleep=0.00,peak=0.00 | ESP32-S3:active=45.15,idle=0.00,sleep=14.85,peak=0.00",1,0.09844156415139843,NORMAL
974,2,HC-05 + DS18B20,4.15,720,406.1761539464625,166.15617253543462,0.0,22.017757699055917,0.00075,0.0,1309.776532113679,1326.1682424664175,"HC-05:active=588.75,idle=131.25,sleep=0.00,peak=0.00 | DS18B20:active=223.60,idle=164.09,sleep=332.31,peak=0.00",1,0.14535681503194509,NORMAL
975,1,DHT22 / AM2302,3.3,120,120.0,0.0,0.0,2.5,0.0,0.0,16.5,16.80886107162952,"DHT22 / AM2302:active=120.00,idle=0.00,sleep=0.00,peak=0.00",1,0.202456427886891,NORMAL
976,3,INA219 + DS18B20 + Raspberry Pi Pico,4.15,60,26.582896016307483,31.01426866524649,0.0,0.0,0.8385901657788527,0.0,,0.0,"INA219:active=60.00,idle=0.00,sleep=0.00,peak=0.00 | DS18B20:active=19.75,idle=7.21,sleep=33.04,peak=0.00 | Raspberry Pi Pico:active=0.00,idle=0.00,sleep=60.00,peak=0.00",1,0.12102806580258102,NORMAL
977,2,HC-SR501 + HC-05,3.3,360,319.65274172172985,0.0,0.0,49.70888773256447,0.0,0.0,1783.3596349665863,1795.3632226656848,"HC-SR501:active=360.00,idle=0.00,sleep=0.00,peak=0.00 | HC-05:active=279.31,idle=80.69,sleep=0.00,peak=0.00",1,0.1675229677393295,NORMAL
978,1,INA219,3.3,720,720.0,0.0,0.0,0.0,0.0,0.0,,0.0,"INA219:active=720.00,idle=0.00,sleep=0.00,peak=0.00",1,0.16551468003168956,NORMAL
979,4,BMP280 + INA219 + HC-05 + nRF24L01+,3.3,720,407.2320442475281,244.6525912646628,0.4004736995468505,0.0,0.0005642623588661,0.03685,,0.0,"BMP280:active=167.25,idle=140.45,sleep=410.70,peak=1.60 | INA219:active=720.00,idle=0.00,sleep=0.00,peak=0.00 | HC-05:active=591.19,idle=128.81,sleep=0.00,peak=0.00 | nRF24L01+:active=150.48,idle=1.60,sleep=567.91,peak=0.00",1,0.144596950997109,NORMAL
980,3,DS18B20 + HC-05 + Arduino Uno / ATmega328P,5.0,120,76.73901788020879,22.364758520861056,0.0,0.0,0.00075,0.0,,0.0,"DS18B20:active=33.34,idle=19.57,sleep=67.09,peak=0.00 | HC-05:active=76.88,idle=43.12,sleep=0.00,peak=0.00 | Arduino Uno / ATmega328P:active=120.00,idle=0.00,sleep=0.00,peak=0.00",1,0.1473183153131642,NORMAL
981,3,ESP32-S3 + HC-05 + Raspberry Pi Pico,3.3,60,30.506506890664756,23.75077841013939,0.0,62.86436482838344,1.0958064194544532,0.0,328.3071250563688,335.9683895672259,"ESP32-S3:active=48.75,idle=0.00,sleep=11.25,peak=0.00 | HC-05:active=42.77,idle=17.23,sleep=0.00,peak=0.00 | Raspberry Pi Pico:active=0.00,idle=0.00,sleep=60.00,peak=0.00",1,0.08236450069657442,NORMAL
982,4,ESP32-S3 + Arduino Uno / ATmega328P + Raspberry Pi Pico + SSD1306 OLED controller,3.3,360,124.62381563037977,235.37618436962023,0.0,0.0,0.5025471612915423,0.0,,0.0,"ESP32-S3:active=138.50,idle=0.00,sleep=221.50,peak=0.00 | Arduino Uno / ATmega328P:active=360.00,idle=0.00,sleep=0.00,peak=0.00 | Raspberry Pi Pico:active=0.00,idle=0.00,sleep=360.00,peak=0.00 | SSD1306 OLED controller:active=0.00,idle=0.00,sleep=360.00,peak=0.00",1,0.14901895071863203,NORMAL
983,1,BMP280,3.3,720,286.65028197562816,329.6487030742346,0.0,0.00274,0.0001,0.0,0.0455816209428612,0.0448509663380976,"BMP280:active=286.65,idle=103.70,sleep=329.65,peak=0.00",1,0.17427114437912217,NORMAL
984,3,ESP32 + ESP32-S3 + SSD1306 OLED controller,3.3,30,12.080025213733895,17.919974786266106,0.0,57.459793356111774,0.0089222870422979,0.0,114.55548054663952,112.78966474465436,"ESP32:active=18.30,idle=0.00,sleep=11.70,peak=0.00 | ESP32-S3:active=17.94,idle=0.00,sleep=12.06,peak=0.00 | SSD1306 OLED controller:active=0.00,idle=0.00,sleep=30.00,peak=0.00",1,0.1603973414086899,NORMAL
985,3,INA219 + nRF24L01+ + Raspberry Pi Pico,3.3,30,18.484614187858643,11.356115583336718,0.0,0.0,1.1448651089023971,0.0,,0.0,"INA219:active=30.00,idle=0.00,sleep=0.00,peak=0.00 | nRF24L01+:active=25.45,idle=0.48,sleep=4.07,peak=0.00 | Raspberry Pi Pico:active=0.00,idle=0.00,sleep=30.00,peak=0.00",1,0.13472247090783435,NORMAL
986,2,nRF24L01+ + HC-05,3.3,120,77.11212714666277,25.29410564650788,0.0,22.7484694220738,0.0009,0.0,204.23208215435795,209.17129370277885,"nRF24L01+:active=59.81,idle=9.61,sleep=50.59,peak=0.00 | HC-05:active=94.42,idle=25.58,sleep=0.00,peak=0.00",1,0.20507226841857795,NORMAL
987,1,INA219,3.3,120,120.0,0.0,0.0,0.0,0.0,0.0,,0.0,"INA219:active=120.00,idle=0.00,sleep=0.00,peak=0.00",1,0.204854618771439,NORMAL
988,2,HC-SR04 + MPU6050,4.15,1440,847.6927313280643,335.6560207519017,0.0,10.29977944324829,0.01,0.0,1272.258007957009,1277.8861335015526,"HC-SR04:active=977.49,idle=462.51,sleep=0.00,peak=0.00 | MPU6050:active=717.90,idle=50.79,sleep=671.31,peak=0.00",1,0.09982020435915784,NORMAL
989,1,HC-SR501,3.3,120,120.0,0.0,0.0,65.0,0.0,0.0,429.0,429.1828182672469,"HC-SR501:active=120.00,idle=0.00,sleep=0.00,peak=0.00",1,0.1444546867659608,NORMAL
990,2,ESP32 + Arduino Uno / ATmega328P,4.15,60,49.354177439025904,10.645822560974096,0.0,0.0,0.00814,0.0,,0.0,"ESP32:active=38.71,idle=0.00,sleep=21.29,peak=0.00 | Arduino Uno / ATmega328P:active=60.00,idle=0.00,sleep=0.00,peak=0.00",1,0.1740073833068444,NORMAL
991,3,DHT22 / AM2302 + ESP32-S3 + Arduino Uno / ATmega328P,3.3,360,303.9935887249844,56.00641127501563,0.0,0.0,0.007,0.0,,0.0,"DHT22 / AM2302:active=360.00,idle=0.00,sleep=0.00,peak=0.00 | ESP32-S3:active=191.98,idle=0.00,sleep=168.02,peak=0.00 | Arduino Uno / ATmega328P:active=360.00,idle=0.00,sleep=0.00,peak=0.00",1,0.20240369021715965,NORMAL
992,1,SSD1306 OLED controller,3.3,720,0.0,720.0,0.0,0.0,0.01,0.0,0.396,0.3944934344868811,"SSD1306 OLED controller:active=0.00,idle=0.00,sleep=720.00,peak=0.00",1,0.1297644497890389,NORMAL
993,2,HC-SR501 + DS18B20,5.0,720,452.3234143302631,258.3105996700771,0.0,51.93700496162551,0.00075,0.0,3915.42069529492,3971.030346745601,"HC-SR501:active=720.00,idle=0.00,sleep=0.00,peak=0.00 | DS18B20:active=184.65,idle=18.73,sleep=516.62,peak=0.00",1,0.06032410737038507,NORMAL
994,4,nRF24L01+ + BME280 + INA219 + Raspberry Pi Pico,3.3,1440,791.0714939022009,622.8921720636608,0.0,0.0,0.7517137378746872,0.0,,0.0,"nRF24L01+:active=284.29,idle=104.15,sleep=1051.57,peak=0.00 | BME280:active=1440.00,idle=0.00,sleep=0.00,peak=0.00 | INA219:active=1440.00,idle=0.00,sleep=0.00,peak=0.00 | Raspberry Pi Pico:active=0.00,idle=0.00,sleep=1440.00,peak=0.00",1,0.06738784715097124,NORMAL
995,3,ESP32-S3 + ESP32 + BME280,3.3,120,72.96100262012054,47.038997379879454,0.0,0.0,0.0077840067511677,0.0,,0.0,"ESP32-S3:active=75.93,idle=0.00,sleep=44.07,peak=0.00 | ESP32:active=22.95,idle=0.00,sleep=97.05,peak=0.00 | BME280:active=120.00,idle=0.00,sleep=0.00,peak=0.00",1,0.2174303638694129,NORMAL
996,2,ESP32-S3 + HC-SR04,4.15,720,643.0922507304424,70.70492464945704,0.0,49.50349814382591,0.007,0.0,4405.669966327751,4306.259485891406,"ESP32-S3:active=578.59,idle=0.00,sleep=141.41,peak=0.00 | HC-SR04:active=707.59,idle=12.41,sleep=0.00,peak=0.00",1,0.10055301886791079,NORMAL
997,4,ESP32 + Raspberry Pi Pico + ESP32-S3 + Arduino Uno / ATmega328P,3.3,1440,695.0012894374144,744.9987105625856,0.0,0.0,0.6320226328413628,0.0,,0.0,"ESP32:active=874.89,idle=0.00,sleep=565.11,peak=0.00 | Raspberry Pi Pico:active=0.00,idle=0.00,sleep=1440.00,peak=0.00 | ESP32-S3:active=465.11,idle=0.00,sleep=974.89,peak=0.00 | Arduino Uno / ATmega328P:active=1440.00,idle=0.00,sleep=0.00,peak=0.00",1,0.06440687953358404,NORMAL
998,4,BME280 + DHT22 / AM2302 + Arduino Uno / ATmega328P + Raspberry Pi Pico,3.3,360,268.8007498934106,90.0,1.199250106589343,0.0,1.3,2.5,,0.0,"BME280:active=360.00,idle=0.00,sleep=0.00,peak=0.00 | DHT22 / AM2302:active=355.20,idle=0.00,sleep=0.00,peak=4.80 | Arduino Uno / ATmega328P:active=360.00,idle=0.00,sleep=0.00,peak=0.00 | Raspberry Pi Pico:active=0.00,idle=0.00,sleep=360.00,peak=0.00",1,0.031464970853506746,NORMAL
999,3,BME280 + nRF24L01+ + Raspberry Pi Pico,3.3,720,296.7806801537537,382.4748741593783,0.0,0.0,0.816075116235423,0.0,,0.0,"BME280:active=720.00,idle=0.00,sleep=0.00,peak=0.00 | nRF24L01+:active=170.34,idle=122.23,sleep=427.42,peak=0.00 | Raspberry Pi Pico:active=0.00,idle=0.00,sleep=720.00,peak=0.00",1,0.13039333468663344,NORMAL
1000,1,HC-05,3.3,120,114.20858284166133,0.0,0.0,30.0,0.0,0.0,190.99238523841015,195.189510218767,"HC-05:active=114.21,idle=5.79,sleep=0.00,peak=0.00",1,0.18631104213342242,NORMAL
1001,3,ESP32-S3 + Raspberry Pi Pico + DHT22 / AM2302,3.3,30,11.555111541253476,18.44488845874652,0.0,14.504726132203348,0.7080072209934468,0.0,29.809369021105574,29.51048824865616,"ESP32-S3:active=4.67,idle=0.00,sleep=25.33,peak=0.00 | Raspberry Pi Pico:active=0.00,idle=0.00,sleep=30.00,peak=0.00 | DHT22 / AM2302:active=30.00,idle=0.00,sleep=0.00,peak=0.00",1,0.1587203049432383,NORMAL
1002,3,SSD1306 OLED controller + HC-SR501 + nRF24L01+,3.3,720,403.6367787846143,279.992467943859,0.7235813072672879,43.22969688938381,0.0087002098272083,13.5,2881.267416655068,2961.44923829189,"SSD1306 OLED controller:active=0.00,idle=0.00,sleep=720.00,peak=0.00 | HC-SR501:active=720.00,idle=0.00,sleep=0.00,peak=0.00 | nRF24L01+:active=490.91,idle=106.94,sleep=119.98,peak=2.17",1,0.06087679632677778,NORMAL
1003,2,SSD1306 OLED controller + MPU6050,3.3,720,275.57108455679065,437.5994208580873,0.0,3.9,0.01,0.0,118.70511085982888,119.70503305619296,"SSD1306 OLED controller:active=0.00,idle=0.00,sleep=720.00,peak=0.00 | MPU6050:active=551.14,idle=13.66,sleep=155.20,peak=0.00",1,0.17612438358258076,NORMAL
1004,4,BME280 + DS18B20 + HC-SR501 + MPU6050,3.3,120,82.77261375578065,26.640276940931457,0.0,0.0,0.006503943021697,0.0,,0.0,"BME280:active=120.00,idle=0.00,sleep=0.00,peak=0.00 | DS18B20:active=63.05,idle=16.68,sleep=40.27,peak=0.00 | HC-SR501:active=120.00,idle=0.00,sleep=0.00,peak=0.00 | MPU6050:active=28.04,idle=25.67,sleep=66.29,peak=0.00",1,0.20625000029090113,NORMAL
1005,3,HC-SR501 + DS18B20 + SSD1306 OLED controller,4.15,120,58.465432529828696,61.17292826743677,0.0,44.786557102676085,0.006798427147094,0.0,543.4179285670019,556.9930754029853,"HC-SR501:active=120.00,idle=0.00,sleep=0.00,peak=0.00 | DS18B20:active=55.40,idle=1.08,sleep=63.52,peak=0.00 | SSD1306 OLED controller:active=0.00,idle=0.00,sleep=120.00,peak=0.00",1,0.13657706046438955,NORMAL
1006,3,ESP32 + HC-05 + DHT22 / AM2302,3.3,60,47.25546248035538,10.971200886677304,0.0,17.1918246313821,0.00814,0.0,136.40279770855363,141.2470012985588,"ESP32:active=27.09,idle=0.00,sleep=32.91,peak=0.00 | HC-05:active=54.68,idle=5.32,sleep=0.00,peak=0.00 | DHT22 / AM2302:active=60.00,idle=0.00,sleep=0.00,peak=0.00",1,0.2133814664220185,NORMAL
1007,4,DHT22 / AM2302 + BMP280 + MPU6050 + INA219,3.3,120,77.49943943310628,29.692976646687217,0.0,0.0,0.0052271653129608,0.0,,0.0,"DHT22 / AM2302:active=120.00,idle=0.00,sleep=0.00,peak=0.00 | BMP280:active=33.99,idle=28.75,sleep=57.26,peak=0.00 | MPU6050:active=36.01,idle=22.48,sleep=61.51,peak=0.00 | INA219:active=120.00,idle=0.00,sleep=0.00,peak=0.00",1,0.20641321641442834,NORMAL
1008,2,nRF24L01+ + ESP32,3.3,60,23.62102654273328,23.590662926889383,0.4018223579442326,16.545780646252833,0.0070841123496929,13.499999999999998,43.64163025713578,43.00405548940343,"nRF24L01+:active=27.54,idle=24.77,sleep=6.88,peak=0.80 | ESP32:active=19.70,idle=0.00,sleep=40.30,peak=0.00",1,0.14685180609648185,NORMAL
1009,1,INA219,3.3,720,720.0,0.0,0.0,0.0,0.0,0.0,,0.0,"INA219:active=720.00,idle=0.00,sleep=0.00,peak=0.00",1,0.16551468003168956,NORMAL
1010,3,HC-SR501 + DS18B20 + HC-SR04,5.0,30,20.95802497015593,6.492965749412388,0.0,36.73498270580954,0.00075,0.0,193.5839269570044,192.50990945122345,"HC-SR501:active=30.00,idle=0.00,sleep=0.00,peak=0.00 | DS18B20:active=9.53,idle=0.99,sleep=19.48,peak=0.00 | HC-SR04:active=23.34,idle=6.66,sleep=0.00,peak=0.00",1,0.1037187923702324,NORMAL
1011,3,DS18B20 + MPU6050 + BME280,3.3,720,451.77253768465897,167.25892319968696,0.0,0.0,0.0026682187084157,0.0,,0.0,"DS18B20:active=234.43,idle=87.85,sleep=397.72,peak=0.00 | MPU6050:active=400.89,idle=215.06,sleep=104.06,peak=0.00 | BME280:active=720.00,idle=0.00,sleep=0.00,peak=0.00",1,0.18952682426069634,NORMAL
1012,3,HC-SR04 + HC-05 + ESP32,3.3,720,566.6134725097216,106.91711567953055,0.5863304360696439,23.3674670512438,0.00814,240.0,2225.496463901778,2203.9092337370685,"HC-SR04:active=589.44,idle=130.56,sleep=0.00,peak=0.00 | HC-05:active=712.91,idle=7.09,sleep=0.00,peak=0.00 | ESP32:active=397.49,idle=0.00,sleep=320.75,peak=1.76",1,0.03893581561294712,NORMAL
1013,2,ESP32-S3 + Raspberry Pi Pico,3.3,360,110.30323696913986,249.69676303086013,0.0,91.7,0.9390905772864808,0.0,1138.4224178152476,1096.1326016141288,"ESP32-S3:active=220.61,idle=0.00,sleep=139.39,peak=0.00 | Raspberry Pi Pico:active=0.00,idle=0.00,sleep=360.00,peak=0.00",1,0.03241306262825383,NORMAL
1014,4,ESP32-S3 + MPU6050 + DS18B20 + Arduino Uno / ATmega328P,4.15,120,58.13193876002431,60.22565363225782,0.0,0.0,0.0055499604543793,0.0,,0.0,"ESP32-S3:active=62.32,idle=0.00,sleep=57.68,peak=0.00 | MPU6050:active=31.77,idle=2.20,sleep=86.04,peak=0.00 | DS18B20:active=18.44,idle=4.37,sleep=97.19,peak=0.00 | Arduino Uno / ATmega328P:active=120.00,idle=0.00,sleep=0.00,peak=0.00",1,0.16018126048504155,NORMAL
1015,2,INA219 + HC-SR04,4.15,1440,1248.4985558572575,0.0,0.0,0.0,0.0,0.0,,0.0,"INA219:active=1440.00,idle=0.00,sleep=0.00,peak=0.00 | HC-SR04:active=1057.00,idle=383.00,sleep=0.00,peak=0.00",1,0.08693972038577502,NORMAL
1016,2,Arduino Uno / ATmega328P + ESP32-S3,4.15,30,20.948095174879548,9.05190482512045,0.0,0.0,0.007,0.0,,0.0,"Arduino Uno / ATmega328P:active=30.00,idle=0.00,sleep=0.00,peak=0.00 | ESP32-S3:active=11.90,idle=0.00,sleep=18.10,peak=0.00",1,0.16836587324934188,NORMAL
1017,3,Raspberry Pi Pico + HC-SR501 + HC-05,3.3,30,15.728796374031134,10.0,0.0,52.25217948512983,1.3,0.0,143.390530837733,142.80266581406855,"Raspberry Pi Pico:active=0.00,idle=0.00,sleep=30.00,peak=0.00 | HC-SR501:active=30.00,idle=0.00,sleep=0.00,peak=0.00 | HC-05:active=17.19,idle=12.81,sleep=0.00,peak=0.00",1,0.0830593035606032,NORMAL
1018,2,INA219 + SSD1306 OLED controller,3.3,60,30.0,30.0,0.0,0.0,0.01,0.0,,0.0,"INA219:active=60.00,idle=0.00,sleep=0.00,peak=0.00 | SSD1306 OLED controller:active=0.00,idle=0.00,sleep=60.00,peak=0.00",1,0.2116499529907626,NORMAL
1019,1,DHT22 / AM2302,3.3,1440,1436.8305976518186,0.0,3.169402348181362,2.5,0.0,2.5,198.0,196.2820187820028,"DHT22 / AM2302:active=1436.83,idle=0.00,sleep=0.00,peak=3.17",-1,-0.03888684761743111,ANOMALY
1020,4,DS18B20 + SSD1306 OLED controller + ESP32-S3 + DHT22 / AM2302,3.3,30,15.585169105611,11.104718749035564,0.0226658130747074,28.909055520121598,0.0085764581091824,355.0,100.91324921612616,95.9865501178106,"DS18B20:active=13.65,idle=13.15,sleep=3.20,peak=0.00 | SSD1306 OLED controller:active=0.00,idle=0.00,sleep=30.00,peak=0.00 | ESP32-S3:active=18.69,idle=0.00,sleep=11.22,peak=0.09 | DHT22 / AM2302:active=30.00,idle=0.00,sleep=0.00,peak=0.00",1,0.04424065663273735,NORMAL
1021,3,Raspberry Pi Pico + nRF24L01+ + SSD1306 OLED controller,3.3,1440,163.4942161047371,1230.4750035317531,0.0,11.3,0.5112199969098729,0.0,408.82460351306617,406.5916257363903,"Raspberry Pi Pico:active=0.00,idle=0.00,sleep=1440.00,peak=0.00 | nRF24L01+:active=490.48,idle=138.09,sleep=811.43,peak=0.00 | SSD1306 OLED controller:active=0.00,idle=0.00,sleep=1440.00,peak=0.00",1,0.03787108599466926,NORMAL
1022,2,BME280 + SSD1306 OLED controller,3.3,720,360.0,360.0,0.0,0.0,0.01,0.0,,0.0,"BME280:active=720.00,idle=0.00,sleep=0.00,peak=0.00 | SSD1306 OLED controller:active=0.00,idle=0.00,sleep=720.00,peak=0.00",1,0.18520986434514863,NORMAL
1023,3,HC-05 + Arduino Uno / ATmega328P + HC-SR04,5.0,120,80.34644437423978,0.0,0.0,0.0,0.0,0.0,,0.0,"HC-05:active=60.11,idle=59.89,sleep=0.00,peak=0.00 | Arduino Uno / ATmega328P:active=120.00,idle=0.00,sleep=0.00,peak=0.00 | HC-SR04:active=60.93,idle=59.07,sleep=0.00,peak=0.00",1,0.14258477067331515,NORMAL
1024,3,HC-SR501 + MPU6050 + BMP280,3.3,1440,694.027993159519,699.0612513166994,0.0,45.77990598248023,0.0047493182141587,0.0,5243.0210676414845,5091.36066903976,"HC-SR501:active=1440.00,idle=0.00,sleep=0.00,peak=0.00 | MPU6050:active=440.27,idle=14.83,sleep=984.90,peak=0.00 | BMP280:active=201.81,idle=125.90,sleep=1112.29,peak=0.00",1,0.09200196989068932,NORMAL
1025,1,HC-05,3.3,120,95.8055207793179,0.0,0.0,30.0,0.0,0.0,168.72468014297465,172.26204157521093,"HC-05:active=95.81,idle=24.19,sleep=0.00,peak=0.00",1,0.18817027478837606,NORMAL
1026,2,DHT22 / AM2302 + BME280,3.3,720,720.0,0.0,0.0,0.0,0.0,0.0,,0.0,"DHT22 / AM2302:active=720.00,idle=0.00,sleep=0.00,peak=0.00 | BME280:active=720.00,idle=0.00,sleep=0.00,peak=0.00",1,0.17300933714450945,NORMAL
1027,3,nRF24L01+ + DHT22 / AM2302 + INA219,3.3,720,588.4183053376129,33.94063974394451,0.0,0.0,0.0009,0.0,,0.0,"nRF24L01+:active=325.25,idle=292.92,sleep=101.82,peak=0.00 | DHT22 / AM2302:active=720.00,idle=0.00,sleep=0.00,peak=0.00 | INA219:active=720.00,idle=0.00,sleep=0.00,peak=0.00",1,0.1790708299295754,NORMAL
1028,1,MPU6050,3.3,1440,484.4377642506992,693.5841080172274,0.0,3.9,0.01,0.0,104.36541567631076,104.80606888654586,"MPU6050:active=484.44,idle=261.98,sleep=693.58,peak=0.00",1,0.11753377974828322,NORMAL
1029,3,MPU6050 + HC-SR04 + ESP32-S3,3.3,720,383.57546365439504,277.2233091536478,1.5249656954636672,45.28432370301585,0.009108716446434,355.0,2970.5632179350896,2936.400570737576,"MPU6050:active=96.64,idle=38.77,sleep=584.59,peak=0.00 | HC-SR04:active=585.74,idle=134.26,sleep=0.00,peak=0.00 | ESP32-S3:active=468.34,idle=0.00,sleep=247.08,peak=4.57",-1,-0.008822243988604206,ANOMALY
1030,2,BME280 + HC-05,3.3,60,59.04333740308912,0.0,0.0,0.0,0.0,0.0,,0.0,"BME280:active=60.00,idle=0.00,sleep=0.00,peak=0.00 | HC-05:active=58.09,idle=1.91,sleep=0.00,peak=0.00",1,0.2161644910688988,NORMAL
1031,4,SSD1306 OLED controller + Arduino Uno / ATmega328P + DS18B20 + HC-05,4.15,120,54.302698857474105,50.13963611974687,0.0,0.0,0.0062845435562646,0.0,,0.0,"SSD1306 OLED controller:active=0.00,idle=0.00,sleep=120.00,peak=0.00 | Arduino Uno / ATmega328P:active=120.00,idle=0.00,sleep=0.00,peak=0.00 | DS18B20:active=23.80,idle=15.65,sleep=80.56,peak=0.00 | HC-05:active=73.42,idle=46.58,sleep=0.00,peak=0.00",1,0.16158343854311508,NORMAL
1032,3,nRF24L01+ + MPU6050 + HC-SR04,3.3,1440,645.7533541682442,594.987131218545,0.0,11.646273378725535,0.0041166424150329,0.0,1270.5563493568725,1267.3762589102528,"nRF24L01+:active=265.20,idle=20.78,sleep=1154.02,peak=0.00 | MPU6050:active=496.92,idle=312.14,sleep=630.94,peak=0.00 | HC-SR04:active=1175.14,idle=264.86,sleep=0.00,peak=0.00",1,0.13428960157038894,NORMAL
1033,3,HC-SR04 + BME280 + BMP280,3.3,720,536.6281523514826,119.1483390641962,0.0,0.0,0.0001,0.0,,0.0,"HC-SR04:active=575.43,idle=144.57,sleep=0.00,peak=0.00 | BME280:active=720.00,idle=0.00,sleep=0.00,peak=0.00 | BMP280:active=314.45,idle=48.10,sleep=357.45,peak=0.00",1,0.18602017446680447,NORMAL
1034,4,Raspberry Pi Pico + BME280 + HC-SR04 + nRF24L01+,3.3,720,346.0026939530149,264.64030888478936,1.0430050558918793,0.0,0.8845068888575885,13.5,,0.0,"Raspberry Pi Pico:active=0.00,idle=0.00,sleep=720.00,peak=0.00 | BME280:active=720.00,idle=0.00,sleep=0.00,peak=0.00 | HC-SR04:active=413.74,idle=306.26,sleep=0.00,peak=0.00 | nRF24L01+:active=250.27,idle=126.99,sleep=338.56,peak=4.17",1,0.022702357272583962,NORMAL
1035,2,ESP32 + MPU6050,3.3,30,18.558422245645296,8.311286723338185,0.0,15.711487915091482,0.0090983641816198,0.0,32.08388671446231,31.60342538543555,"ESP32:active=21.94,idle=0.00,sleep=8.06,peak=0.00 | MPU6050:active=15.17,idle=6.26,sleep=8.56,peak=0.00",1,0.2008645640233619,NORMAL
1036,2,SSD1306 OLED controller + DS18B20,4.15,30,5.4694173799314445,22.44270705285741,0.0,1.0,0.0069324092643197,0.0,0.7783415355040153,0.7762690941945704,"SSD1306 OLED controller:active=0.00,idle=0.00,sleep=30.00,peak=0.00 | DS18B20:active=10.94,idle=4.18,sleep=14.89,peak=0.00",1,0.16089635065411378,NORMAL
1037,1,BMP280,3.3,720,323.7439400144003,322.028288857618,0.0,0.00274,0.0001,0.0,0.0509676200900909,0.051352473382066,"BMP280:active=323.74,idle=74.23,sleep=322.03,peak=0.00",1,0.17612510049903957,NORMAL
1038,3,ESP32 + BMP280 + MPU6050,3.3,120,55.0752272350676,57.62002533425473,0.8998646843348501,13.509910942920753,0.0047476409713782,0.03685,122.82266072164587,126.63597764514152,"ESP32:active=83.37,idle=0.00,sleep=36.63,peak=0.00 | BMP280:active=19.99,idle=12.49,sleep=84.83,peak=2.70 | MPU6050:active=61.87,idle=6.73,sleep=51.40,peak=0.00",1,0.1612381649321742,NORMAL
1039,2,HC-SR501 + ESP32,3.3,720,652.1736228956208,67.82637710437918,0.0,46.57825009830124,0.00814,0.0,3341.542404360276,3328.45000230018,"HC-SR501:active=720.00,idle=0.00,sleep=0.00,peak=0.00 | ESP32:active=584.35,idle=0.00,sleep=135.65,peak=0.00",1,0.14076959242124099,NORMAL
1040,4,nRF24L01+ + MPU6050 + HC-SR04 + Raspberry Pi Pico,3.3,120,47.49134748713684,50.345987129697725,0.0,11.346191541221916,0.7771588682602275,0.0,130.11850482609572,131.90112332683927,"nRF24L01+:active=50.78,idle=35.53,sleep=33.68,peak=0.00 | MPU6050:active=45.60,idle=26.70,sleep=47.70,peak=0.00 | HC-SR04:active=93.58,idle=26.42,sleep=0.00,peak=0.00 | Raspberry Pi Pico:active=0.00,idle=0.00,sleep=120.00,peak=0.00",1,0.15181351179446212,NORMAL
1041,3,BMP280 + BME280 + HC-05,3.3,360,241.83399483202027,64.45037119898637,0.0,0.0,0.0001,0.0,,0.0,"BMP280:active=121.53,idle=45.12,sleep=193.35,peak=0.00 | BME280:active=360.00,idle=0.00,sleep=0.00,peak=0.00 | HC-05:active=243.97,idle=116.03,sleep=0.00,peak=0.00",1,0.20578298805892825,NORMAL
1042,4,HC-05 + INA219 + BMP280 + SSD1306 OLED controller,3.3,1440,641.0666125304529,641.4300545650412,0.0,0.0,0.0056563345911765,0.0,,0.0,"HC-05:active=828.91,idle=611.09,sleep=0.00,peak=0.00 | INA219:active=1440.00,idle=0.00,sleep=0.00,peak=0.00 | BMP280:active=295.35,idle=18.93,sleep=1125.72,peak=0.00 | SSD1306 OLED controller:active=0.00,idle=0.00,sleep=1440.00,peak=0.00",1,0.11724799906714822,NORMAL
1043,2,SSD1306 OLED controller + HC-SR04,4.15,720,309.3815891533178,360.0,0.0,15.0,0.01,0.0,656.46922449405,655.1269323130322,"SSD1306 OLED controller:active=0.00,idle=0.00,sleep=720.00,peak=0.00 | HC-SR04:active=618.76,idle=101.24,sleep=0.00,peak=0.00",1,0.14389540937888673,NORMAL
1044,4,nRF24L01+ + HC-05 + ESP32 + Arduino Uno / ATmega328P,3.3,1440,1138.9850169143035,270.7919540009813,0.0,0.0,0.0068005591900501,0.0,,0.0,"nRF24L01+:active=1182.20,idle=57.41,sleep=200.39,peak=0.00 | HC-05:active=1376.52,idle=63.48,sleep=0.00,peak=0.00 | ESP32:active=557.22,idle=0.00,sleep=882.78,peak=0.00 | Arduino Uno / ATmega328P:active=1440.00,idle=0.00,sleep=0.00,peak=0.00",1,0.123400759091153,NORMAL
1045,2,Raspberry Pi Pico + BMP280,3.3,360,91.36572790575852,237.7785719954801,0.0,0.0027399999999999,0.9841331617621444,0.0,25.76851260738384,25.09796720863854,"Raspberry Pi Pico:active=0.00,idle=0.00,sleep=360.00,peak=0.00 | BMP280:active=182.73,idle=61.71,sleep=115.56,peak=0.00",1,0.12770881250588217,NORMAL
1046,1,Arduino Uno / ATmega328P,5.0,120,120.0,0.0,0.0,0.0,0.0,0.0,,0.0,"Arduino Uno / ATmega328P:active=120.00,idle=0.00,sleep=0.00,peak=0.00",1,0.14027254662033634,NORMAL
1047,2,DS18B20 + INA219,4.15,720,458.6044792307627,228.47756130014224,0.0,0.0,0.00075,0.0,,0.0,"DS18B20:active=197.21,idle=65.84,sleep=456.96,peak=0.00 | INA219:active=720.00,idle=0.00,sleep=0.00,peak=0.00",1,0.15563361325531994,NORMAL
1048,3,SSD1306 OLED controller + HC-05 + MPU6050,3.3,720,262.54027620225224,332.31919927344205,0.0,17.308900089851033,0.01,0.0,889.1295851350741,910.1124341030246,"SSD1306 OLED controller:active=0.00,idle=0.00,sleep=720.00,peak=0.00 | HC-05:active=404.64,idle=315.36,sleep=0.00,peak=0.00 | MPU6050:active=382.98,idle=60.06,sleep=276.96,peak=0.00",1,0.1829804143177875,NORMAL
1049,3,SSD1306 OLED controller + HC-05 + MPU6050,3.3,30,9.499225632142863,13.54568936715006,0.0,20.64611662830081,0.01,0.0,37.53983690578261,37.339682481149424,"SSD1306 OLED controller:active=0.00,idle=0.00,sleep=30.00,peak=0.00 | HC-05:active=18.28,idle=11.72,sleep=0.00,peak=0.00 | MPU6050:active=10.21,idle=9.15,sleep=10.64,peak=0.00",1,0.19979172153814312,NORMAL
1050,1,nRF24L01+,3.3,30,9.812221397244292,18.78165439608854,0.0,11.3,0.0008999999999999,0.0,6.101236047895467,6.138882305124191,"nRF24L01+:active=9.81,idle=1.41,sleep=18.78,peak=0.00",1,0.18810721477190917,NORMAL
1051,3,DHT22 / AM2302 + HC-SR501 + ESP32,3.3,120,98.65882256240204,21.34117743759796,0.0,31.883338976608755,0.00814,0.0,519.048155995793,529.0146172647652,"DHT22 / AM2302:active=120.00,idle=0.00,sleep=0.00,peak=0.00 | HC-SR501:active=120.00,idle=0.00,sleep=0.00,peak=0.00 | ESP32:active=55.98,idle=0.00,sleep=64.02,peak=0.00",1,0.19555232301912312,NORMAL
1052,4,BME280 + Arduino Uno / ATmega328P + MPU6050 + HC-SR04,4.15,720,608.3014629225701,37.78929778780274,0.0,0.0,0.01,0.0,,0.0,"BME280:active=720.00,idle=0.00,sleep=0.00,peak=0.00 | Arduino Uno / ATmega328P:active=720.00,idle=0.00,sleep=0.00,peak=0.00 | MPU6050:active=340.07,idle=228.77,sleep=151.16,peak=0.00 | HC-SR04:active=653.14,idle=66.86,sleep=0.00,peak=0.00",1,0.11391101160483608,NORMAL
1053,2,MPU6050 + DS18B20,4.15,120,35.93608133064275,71.50716950383668,0.0,2.8002046805019303,0.005039879527274,0.0,13.974078932726748,13.5466437006824,"MPU6050:active=44.62,idle=9.06,sleep=66.33,peak=0.00 | DS18B20:active=27.26,idle=16.05,sleep=76.69,peak=0.00",1,0.17266194217966646,NORMAL
1054,3,BMP280 + INA219 + SSD1306 OLED controller,3.3,30,17.063067088974705,11.80302929623712,0.0,0.0,0.0084876772238091,0.0,,0.0,"BMP280:active=21.19,idle=3.40,sleep=5.41,peak=0.00 | INA219:active=30.00,idle=0.00,sleep=0.00,peak=0.00 | SSD1306 OLED controller:active=0.00,idle=0.00,sleep=30.00,peak=0.00",1,0.21456475841860562,NORMAL
1055,2,Arduino Uno / ATmega328P + ESP32,4.15,60,43.92210912025176,16.077890879748246,0.0,0.0,0.00814,0.0,,0.0,"Arduino Uno / ATmega328P:active=60.00,idle=0.00,sleep=0.00,peak=0.00 | ESP32:active=27.84,idle=0.00,sleep=32.16,peak=0.00",1,0.17536911599339283,NORMAL
1056,3,Arduino Uno / ATmega328P + ESP32 + nRF24L01+,3.3,60,34.011684148152746,25.816931285988854,0.0,0.0,0.0050010498279028,0.0,,0.0,"Arduino Uno / ATmega328P:active=60.00,idle=0.00,sleep=0.00,peak=0.00 | ESP32:active=16.13,idle=0.00,sleep=43.87,peak=0.00 | nRF24L01+:active=25.91,idle=0.51,sleep=33.58,peak=0.00",1,0.21837020941362445,NORMAL
1057,4,nRF24L01+ + HC-05 + MPU6050 + ESP32-S3,3.3,1440,1019.9443069020448,399.3918724172794,0.0,38.90270725402145,0.0043877427763566,0.0,8743.428582637298,8786.107045751976,"nRF24L01+:active=537.12,idle=9.13,sleep=893.75,peak=0.00 | HC-05:active=1408.80,idle=31.20,sleep=0.00,peak=0.00 | MPU6050:active=971.46,idle=42.33,sleep=426.21,peak=0.00 | ESP32-S3:active=1162.40,idle=0.00,sleep=277.60,peak=0.00",1,0.08525752447802715,NORMAL
1058,1,ESP32,3.3,720,135.8602407156343,584.1397592843657,0.0,23.88,0.00814,0.0,178.70035952614566,179.58261724386946,"ESP32:active=135.86,idle=0.00,sleep=584.14,peak=0.00",1,0.1338042206821895,NORMAL
1059,2,ESP32-S3 + ESP32,3.3,720,376.26702765384425,342.8336907019772,0.8992816441785717,67.66537396800278,0.0077536804383983,355.0,2836.036757904991,2873.103833289445,"ESP32-S3:active=485.84,idle=0.00,sleep=232.36,peak=1.80 | ESP32:active=266.69,idle=0.00,sleep=453.31,peak=0.00",-1,-0.006262638748872118,ANOMALY
1060,3,HC-SR04 + ESP32-S3 + BMP280,3.3,30,17.730323021538926,7.474435544981244,0.0,28.933622730722465,0.0055642114361837,0.0,84.89932497141173,83.36286349595336,"HC-SR04:active=27.75,idle=2.25,sleep=0.00,peak=0.00 | ESP32-S3:active=12.24,idle=0.00,sleep=17.76,peak=0.00 | BMP280:active=13.19,idle=12.14,sleep=4.67,peak=0.00",1,0.1949689436733153,NORMAL
1061,2,MPU6050 + HC-05,3.3,720,402.0512972953017,214.92582455788343,0.0,25.078135678362088,0.01,0.0,1139.0856108460328,1168.8450285948843,"MPU6050:active=151.64,idle=138.51,sleep=429.85,peak=0.00 | HC-05:active=652.47,idle=67.53,sleep=0.00,peak=0.00",1,0.17727165888345725,NORMAL
1062,4,HC-SR04 + ESP32 + HC-05 + nRF24L01+,3.3,1440,703.6479853071191,546.7197631027614,0.0,19.895921649614877,0.004499487606479,0.0,3376.9316303324936,3420.7673183808,"HC-SR04:active=1338.49,idle=101.51,sleep=0.00,peak=0.00 | ESP32:active=352.76,idle=0.00,sleep=1087.24,peak=0.00 | HC-05:active=791.65,idle=648.35,sleep=0.00,peak=0.00 | nRF24L01+:active=331.69,idle=8.67,sleep=1099.64,peak=0.00",1,0.10929985502987066,NORMAL
1063,2,MPU6050 + HC-SR501,3.3,720,434.2726590798324,255.6903806856581,0.0,54.550206823074426,0.01,0.0,2606.1607504921312,2684.6983737892047,"MPU6050:active=148.55,idle=60.07,sleep=511.38,peak=0.00 | HC-SR501:active=720.00,idle=0.00,sleep=0.00,peak=0.00",1,0.14703723367742078,NORMAL
1064,2,Raspberry Pi Pico + ESP32-S3,3.3,60,19.164475163527857,39.10339244923149,1.732132387240645,91.7,0.998985543207322,355.0,265.2488403084386,268.26155951965035,"Raspberry Pi Pico:active=0.00,idle=0.00,sleep=60.00,peak=0.00 | ESP32-S3:active=38.33,idle=0.00,sleep=18.21,peak=3.46",-1,-0.08127379977950644,ANOMALY
1065,4,HC-05 + Arduino Uno / ATmega328P + ESP32 + Raspberry Pi Pico,3.3,30,17.388289031424037,11.753536590546831,0.0,0.0,0.8324833731931082,0.0,,0.0,"HC-05:active=26.57,idle=3.43,sleep=0.00,peak=0.00 | Arduino Uno / ATmega328P:active=30.00,idle=0.00,sleep=0.00,peak=0.00 | ESP32:active=12.99,idle=0.00,sleep=17.01,peak=0.00 | Raspberry Pi Pico:active=0.00,idle=0.00,sleep=30.00,peak=0.00",1,0.14785467746871578,NORMAL
1066,1,HC-SR04,5.0,360,314.8367436965253,0.0,0.0,15.0,0.0,0.0,401.073139004569,403.5712581351334,"HC-SR04:active=314.84,idle=45.16,sleep=0.00,peak=0.00",1,0.12037932234255405,NORMAL
1067,1,BMP280,3.3,1440,407.698964363291,851.712784485538,0.0,0.00274,0.0001,0.0,0.0671178896255498,0.0672969777152193,"BMP280:active=407.70,idle=180.59,sleep=851.71,peak=0.00",1,0.11031569414897602,NORMAL
1068,2,ESP32 + BME280,3.3,1440,1173.6038908187302,266.3961091812698,0.0,0.0,0.00814,0.0,,0.0,"ESP32:active=907.21,idle=0.00,sleep=532.79,peak=0.00 | BME280:active=1440.00,idle=0.00,sleep=0.00,peak=0.00",1,0.11462828234708283,NORMAL
1069,2,ESP32-S3 + DHT22 / AM2302,3.3,720,497.4010615162432,222.59893848375685,0.0,27.140427283946703,0.007,0.0,1485.1359086969776,1477.9586146541817,"ESP32-S3:active=274.80,idle=0.00,sleep=445.20,peak=0.00 | DHT22 / AM2302:active=720.00,idle=0.00,sleep=0.00,peak=0.00",1,0.1695165807997494,NORMAL
1070,1,Raspberry Pi Pico,3.3,720,0.0,720.0,0.0,0.0,1.3,0.0,51.48,50.33833691382663,"Raspberry Pi Pico:active=0.00,idle=0.00,sleep=720.00,peak=0.00",1,0.032436619513601994,NORMAL
1071,4,MPU6050 + BME280 + ESP32-S3 + ESP32,3.3,120,61.08278440938383,48.51196370792069,0.0,0.0,0.0077531492144635,0.0,,0.0,"MPU6050:active=65.11,idle=41.62,sleep=13.27,peak=0.00 | BME280:active=120.00,idle=0.00,sleep=0.00,peak=0.00 | ESP32-S3:active=32.50,idle=0.00,sleep=87.50,peak=0.00 | ESP32:active=26.72,idle=0.00,sleep=93.28,peak=0.00",1,0.20576282923304418,NORMAL
1072,3,MPU6050 + HC-SR501 + Raspberry Pi Pico,3.3,1440,530.3629285175923,878.2209413944933,0.0,59.19798261347971,0.7150617570298382,0.0,5284.051527361694,5407.859444803683,"MPU6050:active=151.09,idle=94.25,sleep=1194.66,peak=0.00 | HC-SR501:active=1440.00,idle=0.00,sleep=0.00,peak=0.00 | Raspberry Pi Pico:active=0.00,idle=0.00,sleep=1440.00,peak=0.00",1,0.024305549341959942,NORMAL
1073,3,SSD1306 OLED controller + DS18B20 + nRF24L01+,3.3,60,20.53253662371944,27.893359001167287,2.238497981579471,4.6631601970024805,0.0074107148669177,5.780862403323119,17.99625064637136,17.542531327858583,"SSD1306 OLED controller:active=0.00,idle=0.00,sleep=60.00,peak=0.00 | DS18B20:active=39.69,idle=8.10,sleep=7.89,peak=4.32 | nRF24L01+:active=21.91,idle=19.90,sleep=15.79,peak=2.40",1,0.09596643505310098,NORMAL
1074,3,SSD1306 OLED controller + BME280 + ESP32,3.3,30,14.908812657443548,15.091187342556452,0.0,0.0,0.0093725073950641,0.0,,0.0,"SSD1306 OLED controller:active=0.00,idle=0.00,sleep=30.00,peak=0.00 | BME280:active=30.00,idle=0.00,sleep=0.00,peak=0.00 | ESP32:active=14.73,idle=0.00,sleep=15.27,peak=0.00",1,0.2104989216081417,NORMAL
1075,2,nRF24L01+ + Raspberry Pi Pico,3.3,60,9.643281844453572,48.22969596365914,0.0,11.3,0.808970613369945,0.0,16.28448735602499,16.608798077930718,"nRF24L01+:active=19.29,idle=4.25,sleep=36.46,peak=0.00 | Raspberry Pi Pico:active=0.00,idle=0.00,sleep=60.00,peak=0.00",1,0.14076352020954808,NORMAL
1076,4,Raspberry Pi Pico + HC-05 + BMP280 + DS18B20,3.3,360,159.6008344841688,162.01326055879986,0.0,14.906499314883671,0.7223484747120903,0.0,570.0291088308404,583.6148569602061,"Raspberry Pi Pico:active=0.00,idle=0.00,sleep=360.00,peak=0.00 | HC-05:active=312.55,idle=47.45,sleep=0.00,peak=0.00 | BMP280:active=186.42,idle=26.02,sleep=147.56,peak=0.00 | DS18B20:active=139.44,idle=80.07,sleep=140.49,peak=0.00",1,0.13676970626390184,NORMAL
1077,4,HC-SR501 + HC-05 + HC-SR04 + ESP32,3.3,720,557.521112270536,84.43194548228955,0.0,37.505282307061975,0.00814,0.0,4634.818669472836,4719.920580420688,"HC-SR501:active=720.00,idle=0.00,sleep=0.00,peak=0.00 | HC-05:active=719.61,idle=0.39,sleep=0.00,peak=0.00 | HC-SR04:active=408.21,idle=311.79,sleep=0.00,peak=0.00 | ESP32:active=382.27,idle=0.00,sleep=337.73,peak=0.00",1,0.1403917123078564,NORMAL
1078,2,Raspberry Pi Pico + SSD1306 OLED controller,3.3,60,0.0,60.0,0.0,0.0,0.6549999999999999,0.0,4.323,4.37406700069653,"Raspberry Pi Pico:active=0.00,idle=0.00,sleep=60.00,peak=0.00 | SSD1306 OLED controller:active=0.00,idle=0.00,sleep=60.00,peak=0.00",1,0.1568368746860873,NORMAL
1079,2,nRF24L01+ + INA219,3.3,720,474.8290772416623,184.39568204948395,0.0,0.0,0.0008999999999999,0.0,,0.0,"nRF24L01+:active=229.66,idle=121.55,sleep=368.79,peak=0.00 | INA219:active=720.00,idle=0.00,sleep=0.00,peak=0.00",1,0.18535408586659652,NORMAL
1080,3,DHT22 / AM2302 + HC-05 + BME280,3.3,720,649.3616817609228,0.0,0.0,0.0,0.0,0.0,,0.0,"DHT22 / AM2302:active=720.00,idle=0.00,sleep=0.00,peak=0.00 | HC-05:active=508.09,idle=211.91,sleep=0.00,peak=0.00 | BME280:active=720.00,idle=0.00,sleep=0.00,peak=0.00",1,0.17795483094550574,NORMAL
1081,2,DHT22 / AM2302 + INA219,3.3,360,360.0,0.0,0.0,0.0,0.0,0.0,,0.0,"DHT22 / AM2302:active=360.00,idle=0.00,sleep=0.00,peak=0.00 | INA219:active=360.00,idle=0.00,sleep=0.00,peak=0.00",1,0.19493334702757764,NORMAL
1082,4,nRF24L01+ + Raspberry Pi Pico + HC-SR501 + HC-SR04,4.15,30,15.867780803815103,8.85631646217816,0.5161794127911324,37.96385169287235,1.101047001477373,13.5,172.41742846223397,169.61479364195392,"nRF24L01+:active=11.48,idle=11.03,sleep=5.43,peak=2.06 | Raspberry Pi Pico:active=0.00,idle=0.00,sleep=30.00,peak=0.00 | HC-SR501:active=30.00,idle=0.00,sleep=0.00,peak=0.00 | HC-SR04:active=22.00,idle=8.00,sleep=0.00,peak=0.00",1,0.0005694850444077915,NORMAL
1083,2,BMP280 + nRF24L01+,3.3,30,7.534209009134981,20.423764260755583,0.6063188256265764,9.48731206318557,0.0004298792869216,0.03685,7.86689309047064,7.964686558127411,"BMP280:active=2.42,idle=2.37,sleep=24.00,peak=1.21 | nRF24L01+:active=12.65,idle=0.51,sleep=16.84,peak=0.00",1,0.1547743306865983,NORMAL
1084,2,HC-05 + ESP32-S3,3.3,720,389.9442167109935,160.93228552060248,0.0,61.49803858350839,0.007,0.0,2786.841089213996,2745.8463386657754,"HC-05:active=381.75,idle=338.25,sleep=0.00,peak=0.00 | ESP32-S3:active=398.14,idle=0.00,sleep=321.86,peak=0.00",1,0.1433723806372127,NORMAL
1085,1,MPU6050,3.3,720,255.04166966772868,214.85512512941065,0.0,3.9,0.01,0.0,54.89338684397977,54.31568265018357,"MPU6050:active=255.04,idle=250.10,sleep=214.86,peak=0.00",1,0.16935265187723525,NORMAL
1086,1,ESP32,3.3,1440,806.2270254235317,631.1279899208815,2.644984655586801,23.88,0.00814,240.0,1094.0949286460998,1110.317435881289,"ESP32:active=806.23,idle=0.00,sleep=631.13,peak=2.64",-1,-0.04897814741747131,ANOMALY
1087,4,BMP280 + DS18B20 + Raspberry Pi Pico + INA219,3.3,60,26.62052755727932,30.54069489396492,0.3249496084061358,0.0,0.6386460107533669,0.03685,,0.0,"BMP280:active=11.09,idle=4.76,sleep=42.85,peak=1.30 | DS18B20:active=35.39,idle=5.29,sleep=19.32,peak=0.00 | Raspberry Pi Pico:active=0.00,idle=0.00,sleep=60.00,peak=0.00 | INA219:active=60.00,idle=0.00,sleep=0.00,peak=0.00",1,0.1435556172251159,NORMAL
1088,3,ESP32-S3 + SSD1306 OLED controller + nRF24L01+,3.3,360,108.30735006512202,231.8295820966385,0.0,64.93900937802859,0.0068665791723541,0.0,1160.8542556928032,1201.1596992640334,"ESP32-S3:active=216.77,idle=0.00,sleep=143.23,peak=0.00 | SSD1306 OLED controller:active=0.00,idle=0.00,sleep=360.00,peak=0.00 | nRF24L01+:active=108.15,idle=59.59,sleep=192.26,peak=0.00",1,0.13139053288079022,NORMAL
1089,4,nRF24L01+ + BMP280 + DHT22 / AM2302 + ESP32,3.3,60,35.07974906668984,21.57965853094179,0.0,11.014692491753046,0.0011706720832831,0.0,85.02793668371788,84.78533818327678,"nRF24L01+:active=13.58,idle=11.18,sleep=35.24,peak=0.00 | BMP280:active=14.72,idle=2.18,sleep=43.09,peak=0.00 | DHT22 / AM2302:active=60.00,idle=0.00,sleep=0.00,peak=0.00 | ESP32:active=52.01,idle=0.00,sleep=7.99,peak=0.00",1,0.19941476724725715,NORMAL
1090,3,INA219 + Raspberry Pi Pico + DHT22 / AM2302,3.3,60,40.0,20.0,0.0,0.0,1.3,0.0,,0.0,"INA219:active=60.00,idle=0.00,sleep=0.00,peak=0.00 | Raspberry Pi Pico:active=0.00,idle=0.00,sleep=60.00,peak=0.00 | DHT22 / AM2302:active=60.00,idle=0.00,sleep=0.00,peak=0.00",1,0.14088384523987835,NORMAL
1091,3,SSD1306 OLED controller + HC-SR04 + Arduino Uno / ATmega328P,5.0,30,17.435885793995364,10.0,0.0,0.0,0.01,0.0,,0.0,"SSD1306 OLED controller:active=0.00,idle=0.00,sleep=30.00,peak=0.00 | HC-SR04:active=22.31,idle=7.69,sleep=0.00,peak=0.00 | Arduino Uno / ATmega328P:active=30.00,idle=0.00,sleep=0.00,peak=0.00",1,0.12542699737593416,NORMAL
1092,4,INA219 + BME280 + HC-SR04 + HC-SR501,3.3,1440,1283.156444997229,0.0,0.0,0.0,0.0,0.0,,0.0,"INA219:active=1440.00,idle=0.00,sleep=0.00,peak=0.00 | BME280:active=1440.00,idle=0.00,sleep=0.00,peak=0.00 | HC-SR04:active=812.63,idle=627.37,sleep=0.00,peak=0.00 | HC-SR501:active=1440.00,idle=0.00,sleep=0.00,peak=0.00",1,0.10547620489683435,NORMAL
1093,4,Raspberry Pi Pico + DHT22 / AM2302 + HC-05 + Arduino Uno / ATmega328P,3.3,60,39.95982665090436,15.0,0.0,0.0,1.3,0.0,,0.0,"Raspberry Pi Pico:active=0.00,idle=0.00,sleep=60.00,peak=0.00 | DHT22 / AM2302:active=60.00,idle=0.00,sleep=0.00,peak=0.00 | HC-05:active=39.84,idle=20.16,sleep=0.00,peak=0.00 | Arduino Uno / ATmega328P:active=60.00,idle=0.00,sleep=0.00,peak=0.00",1,0.12782021679762917,NORMAL
1094,1,HC-SR501,3.3,1440,1440.0,0.0,0.0,65.0,0.0,0.0,5148.0,5310.552500494942,"HC-SR501:active=1440.00,idle=0.00,sleep=0.00,peak=0.00",1,0.04764237969039886,NORMAL
1095,1,MPU6050,3.3,1440,387.67984835547,889.2094420787963,0.0,3.9,0.01,0.0,83.69124811052221,84.50993989590081,"MPU6050:active=387.68,idle=163.11,sleep=889.21,peak=0.00",1,0.10372895878001465,NORMAL
1096,4,BME280 + Raspberry Pi Pico + ESP32 + INA219,3.3,360,243.81013333313973,116.18986666686028,0.0,0.0,1.0088072985808825,0.0,,0.0,"BME280:active=360.00,idle=0.00,sleep=0.00,peak=0.00 | Raspberry Pi Pico:active=0.00,idle=0.00,sleep=360.00,peak=0.00 | ESP32:active=255.24,idle=0.00,sleep=104.76,peak=0.00 | INA219:active=360.00,idle=0.00,sleep=0.00,peak=0.00",1,0.12362014722893155,NORMAL
1097,4,ESP32 + HC-SR501 + BMP280 + Raspberry Pi Pico,3.3,1440,598.0479808692949,780.9540050051319,0.0,45.33799164656436,0.6014259830876236,0.0,6068.477027999015,6120.171021619841,"ESP32:active=622.12,idle=0.00,sleep=817.88,peak=0.00 | HC-SR501:active=1440.00,idle=0.00,sleep=0.00,peak=0.00 | BMP280:active=330.07,idle=243.99,sleep=865.94,peak=0.00 | Raspberry Pi Pico:active=0.00,idle=0.00,sleep=1440.00,peak=0.00",1,0.035950997987101996,NORMAL
1098,2,INA219 + nRF24L01+,3.3,360,283.42120733727205,46.72976177718923,0.0,0.0,0.0009,0.0,,0.0,"INA219:active=360.00,idle=0.00,sleep=0.00,peak=0.00 | nRF24L01+:active=206.84,idle=59.70,sleep=93.46,peak=0.00",1,0.20563221476336263,NORMAL
1099,2,ESP32 + Raspberry Pi Pico,3.3,1440,485.86479288955394,954.135207110446,0.0,23.88,0.9829905170633868,0.0,1379.4392826267267,1390.6092173616707,"ESP32:active=971.73,idle=0.00,sleep=468.27,peak=0.00 | Raspberry Pi Pico:active=0.00,idle=0.00,sleep=1440.00,peak=0.00",1,0.02682635770571351,NORMAL
1100,2,DS18B20 + MPU6050,4.15,360,103.49276551929486,184.0183047923872,0.0,2.402095372783326,0.0061864798179343,0.0,34.56742227764196,35.64573720618331,"DS18B20:active=106.91,idle=101.36,sleep=151.73,peak=0.00 | MPU6050:active=100.07,idle=43.62,sleep=216.31,peak=0.00",1,0.1656563150424592,NORMAL
1101,1,ESP32,3.3,720,424.2165142905638,295.7834857094362,0.0,23.88,0.00814,0.0,557.2983921357785,551.7996658332484,"ESP32:active=424.22,idle=0.00,sleep=295.78,peak=0.00",1,0.15434509984086153,NORMAL
1102,4,BME280 + INA219 + nRF24L01+ + DHT22 / AM2302,3.3,1440,1266.7322418565875,73.13961174513422,0.0,0.0,0.0009,0.0,,0.0,"BME280:active=1440.00,idle=0.00,sleep=0.00,peak=0.00 | INA219:active=1440.00,idle=0.00,sleep=0.00,peak=0.00 | nRF24L01+:active=746.93,idle=400.51,sleep=292.56,peak=0.00 | DHT22 / AM2302:active=1440.00,idle=0.00,sleep=0.00,peak=0.00",1,0.10666690316517774,NORMAL
1103,2,Raspberry Pi Pico + DS18B20,5.0,360,39.066973329627,318.6543609007763,0.0,1.0,0.7346643244075097,0.0,45.5287788499383,45.0970888260706,"Raspberry Pi Pico:active=0.00,idle=0.00,sleep=360.00,peak=0.00 | DS18B20:active=78.13,idle=4.56,sleep=277.31,peak=0.00",1,0.05144443613423788,NORMAL
1104,1,DHT22 / AM2302,3.3,360,360.0,0.0,0.0,2.5,0.0,0.0,49.5,47.45295429755114,"DHT22 / AM2302:active=360.00,idle=0.00,sleep=0.00,peak=0.00",1,0.1777065584789198,NORMAL
1105,4,SSD1306 OLED controller + INA219 + ESP32 + Raspberry Pi Pico,3.3,30,13.83874589994841,16.16125410005159,0.0,0.0,0.6085203875572396,0.0,,0.0,"SSD1306 OLED controller:active=0.00,idle=0.00,sleep=30.00,peak=0.00 | INA219:active=30.00,idle=0.00,sleep=0.00,peak=0.00 | ESP32:active=25.35,idle=0.00,sleep=4.65,peak=0.00 | Raspberry Pi Pico:active=0.00,idle=0.00,sleep=30.00,peak=0.00",1,0.16126209070603498,NORMAL
1106,4,BMP280 + MPU6050 + ESP32-S3 + Raspberry Pi Pico,3.3,1440,550.5601392494177,688.510853755373,0.0,38.60181375011827,0.6826148752287964,0.0,4779.083172533826,4810.489810480501,"BMP280:active=665.57,idle=413.89,sleep=360.53,peak=0.00 | MPU6050:active=636.72,idle=389.82,sleep=413.46,peak=0.00 | ESP32-S3:active=899.95,idle=0.00,sleep=540.05,peak=0.00 | Raspberry Pi Pico:active=0.00,idle=0.00,sleep=1440.00,peak=0.00",1,0.04807671812397207,NORMAL
1107,2,INA219 + BME280,3.3,360,360.0,0.0,0.0,0.0,0.0,0.0,,0.0,"INA219:active=360.00,idle=0.00,sleep=0.00,peak=0.00 | BME280:active=360.00,idle=0.00,sleep=0.00,peak=0.00",1,0.19493334702757764,NORMAL
1108,4,nRF24L01+ + DS18B20 + Raspberry Pi Pico + HC-05,3.3,120,34.04611424061389,66.29065016007793,0.0,15.702595153728556,0.5887852626869434,0.0,150.65110886717054,147.66895273457948,"nRF24L01+:active=12.91,idle=7.36,sleep=99.73,peak=0.00 | DS18B20:active=58.82,idle=15.75,sleep=45.43,peak=0.00 | Raspberry Pi Pico:active=0.00,idle=0.00,sleep=120.00,peak=0.00 | HC-05:active=64.46,idle=55.54,sleep=0.00,peak=0.00",1,0.1537669388561107,NORMAL
1109,3,HC-SR501 + BMP280 + ESP32,3.3,30,20.286412664155407,6.769691752754274,0.2794573128669435,40.43054726186139,0.0035126378574745,0.03685,135.33714313566134,138.13460652271485,"HC-SR501:active=30.00,idle=0.00,sleep=0.00,peak=0.00 | BMP280:active=9.48,idle=7.99,sleep=11.69,peak=0.84 | ESP32:active=21.38,idle=0.00,sleep=8.62,peak=0.00",1,0.1589111277245136,NORMAL
1110,3,SSD1306 OLED controller + ESP32-S3 + INA219,3.3,30,13.947658475378384,16.052341524621614,0.0,0.0,0.0088688862278431,0.0,,0.0,"SSD1306 OLED controller:active=0.00,idle=0.00,sleep=30.00,peak=0.00 | ESP32-S3:active=11.84,idle=0.00,sleep=18.16,peak=0.00 | INA219:active=30.00,idle=0.00,sleep=0.00,peak=0.00",1,0.21131264596706134,NORMAL
1111,4,ESP32-S3 + BME280 + ESP32 + DHT22 / AM2302,3.3,1440,984.3375755435256,454.79773441441614,0.8646900420583098,0.0,0.0075405843590618,240.0,,0.0,"ESP32-S3:active=483.46,idle=0.00,sleep=956.54,peak=0.00 | BME280:active=1440.00,idle=0.00,sleep=0.00,peak=0.00 | ESP32:active=573.89,idle=0.00,sleep=862.65,peak=3.46 | DHT22 / AM2302:active=1440.00,idle=0.00,sleep=0.00,peak=0.00",-1,-0.008566050513554746,ANOMALY
1112,1,SSD1306 OLED controller,3.3,1440,0.0,1440.0,0.0,0.0,0.01,0.0,0.792,0.7838305740995531,"SSD1306 OLED controller:active=0.00,idle=0.00,sleep=1440.00,peak=0.00",1,0.0370809297421284,NORMAL
1113,1,DHT22 / AM2302,3.3,1440,1440.0,0.0,0.0,2.5,0.0,0.0,198.0,200.14653641617284,"DHT22 / AM2302:active=1440.00,idle=0.00,sleep=0.00,peak=0.00",1,0.09393371039178217,NORMAL
1114,1,ESP32-S3,3.3,1440,833.114663759912,606.885336240088,0.0,91.7,0.007,0.0,4202.047457527568,4223.26947047004,"ESP32-S3:active=833.11,idle=0.00,sleep=606.89,peak=0.00",1,0.020451582566930027,NORMAL
1115,1,HC-SR501,3.3,1440,1440.0,0.0,0.0,65.0,0.0,0.0,5148.0,5066.135958056686,"HC-SR501:active=1440.00,idle=0.00,sleep=0.00,peak=0.00",1,0.04764237969039886,NORMAL
1116,1,HC-SR04,5.0,1440,1285.7849089649978,0.0,0.0,15.0,0.0,0.0,1632.9336513787478,1673.804697486735,"HC-SR04:active=1285.78,idle=154.22,sleep=0.00,peak=0.00",1,0.04047328736500322,NORMAL
1117,1,HC-SR501,3.3,360,360.0,0.0,0.0,65.0,0.0,0.0,1287.0,1269.295834512151,"HC-SR501:active=360.00,idle=0.00,sleep=0.00,peak=0.00",1,0.1278759487117207,NORMAL
1118,4,ESP32-S3 + Raspberry Pi Pico + Arduino Uno / ATmega328P + DS18B20,5.0,360,153.5160812058458,203.42062783928696,0.5003356901857404,0.0,0.5772780974949457,1.5,,0.0,"ESP32-S3:active=139.07,idle=0.00,sleep=220.93,peak=0.00 | Raspberry Pi Pico:active=0.00,idle=0.00,sleep=360.00,peak=0.00 | Arduino Uno / ATmega328P:active=360.00,idle=0.00,sleep=0.00,peak=0.00 | DS18B20:active=115.00,idle=10.25,sleep=232.75,peak=2.00",1,0.01450679947827438,NORMAL
1119,2,INA219 + DS18B20,4.15,360,251.9070399469213,102.64430339196883,0.0,0.0,0.00075,0.0,,0.0,"INA219:active=360.00,idle=0.00,sleep=0.00,peak=0.00 | DS18B20:active=143.81,idle=10.90,sleep=205.29,peak=0.00",1,0.17202806355377093,NORMAL
1120,4,ESP32 + INA219 + DS18B20 + SSD1306 OLED controller,3.3,720,337.88638059750144,378.0172574827124,0.0,0.0,0.0068932217131611,0.0,,0.0,"ESP32:active=364.25,idle=0.00,sleep=355.75,peak=0.00 | INA219:active=720.00,idle=0.00,sleep=0.00,peak=0.00 | DS18B20:active=267.29,idle=16.39,sleep=436.32,peak=0.00 | SSD1306 OLED controller:active=0.00,idle=0.00,sleep=720.00,peak=0.00",1,0.16807963898955813,NORMAL
1121,4,SSD1306 OLED controller + Raspberry Pi Pico + HC-SR04 + DS18B20,5.0,120,37.871662032174285,65.63360859407153,0.0,7.892772266817768,0.5988429715869039,0.0,120.30964994284317,118.65659358669,"SSD1306 OLED controller:active=0.00,idle=0.00,sleep=120.00,peak=0.00 | Raspberry Pi Pico:active=0.00,idle=0.00,sleep=120.00,peak=0.00 | HC-SR04:active=74.58,idle=45.42,sleep=0.00,peak=0.00 | DS18B20:active=76.90,idle=20.56,sleep=22.53,peak=0.00",1,0.06621120318967277,NORMAL
1122,3,INA219 + Arduino Uno / ATmega328P + Raspberry Pi Pico,4.15,360,240.0,120.0,0.0,0.0,1.3,0.0,,0.0,"INA219:active=360.00,idle=0.00,sleep=0.00,peak=0.00 | Arduino Uno / ATmega328P:active=360.00,idle=0.00,sleep=0.00,peak=0.00 | Raspberry Pi Pico:active=0.00,idle=0.00,sleep=360.00,peak=0.00",1,0.07804593305481888,NORMAL
1123,1,SSD1306 OLED controller,3.3,120,0.0,120.0,0.0,0.0,0.01,0.0,0.066,0.0684240792937857,"SSD1306 OLED controller:active=0.00,idle=0.00,sleep=120.00,peak=0.00",1,0.18443504334169475,NORMAL
1124,2,HC-SR501 + ESP32-S3,3.3,30,26.566217302008475,3.433782697991523,0.0,76.62446269459217,0.007,0.0,223.92107793803697,223.3607018787405,"HC-SR501:active=30.00,idle=0.00,sleep=0.00,peak=0.00 | ESP32-S3:active=23.13,idle=0.00,sleep=6.87,peak=0.00",1,0.13956686028412896,NORMAL
1125,1,BME280,3.3,60,60.0,0.0,0.0,0.0,0.0,0.0,,0.0,"BME280:active=60.00,idle=0.00,sleep=0.00,peak=0.00",1,0.20809052361625596,NORMAL
1126,3,INA219 + HC-SR04 + ESP32-S3,3.3,120,105.2199264187712,5.825877496171038,0.0,0.0,0.007,0.0,,0.0,"INA219:active=120.00,idle=0.00,sleep=0.00,peak=0.00 | HC-SR04:active=93.14,idle=26.86,sleep=0.00,peak=0.00 | ESP32-S3:active=102.52,idle=0.00,sleep=17.48,peak=0.00",1,0.2148855627598904,NORMAL
1127,3,HC-SR04 + HC-05 + nRF24L01+,3.3,1440,868.6970956400256,348.34759921656695,0.0,22.286717798172887,0.0009,0.0,3288.3650222822844,3372.526648485622,"HC-SR04:active=1077.27,idle=362.73,sleep=0.00,peak=0.00 | HC-05:active=1317.99,idle=122.01,sleep=0.00,peak=0.00 | nRF24L01+:active=210.83,idle=184.13,sleep=1045.04,peak=0.00",1,0.12480940223363723,NORMAL
1128,4,Arduino Uno / ATmega328P + Raspberry Pi Pico + DHT22 / AM2302 + HC-05,3.3,720,482.67214000870456,180.0,0.0,0.0,1.3,0.0,,0.0,"Arduino Uno / ATmega328P:active=720.00,idle=0.00,sleep=0.00,peak=0.00 | Raspberry Pi Pico:active=0.00,idle=0.00,sleep=720.00,peak=0.00 | DHT22 / AM2302:active=720.00,idle=0.00,sleep=0.00,peak=0.00 | HC-05:active=490.69,idle=229.31,sleep=0.00,peak=0.00",1,0.07438464122265853,NORMAL
1129,2,ESP32-S3 + DHT22 / AM2302,3.3,360,296.2213242705131,63.07832976040841,0.7003459690785163,37.7081775714678,0.007,2.5,1228.937458020676,1198.1198962068097,"ESP32-S3:active=233.84,idle=0.00,sleep=126.16,peak=0.00 | DHT22 / AM2302:active=358.60,idle=0.00,sleep=0.00,peak=1.40",1,0.12275931251564814,NORMAL
1130,4,DS18B20 + BME280 + HC-SR501 + BMP280,3.3,360,293.2284495356225,34.32754165847392,0.0,0.0,0.0005694888042872,0.0,,0.0,"DS18B20:active=135.09,idle=125.73,sleep=99.18,peak=0.00 | BME280:active=360.00,idle=0.00,sleep=0.00,peak=0.00 | HC-SR501:active=360.00,idle=0.00,sleep=0.00,peak=0.00 | BMP280:active=317.82,idle=4.05,sleep=38.13,peak=0.00",1,0.19722762514666037,NORMAL
1131,2,DS18B20 + SSD1306 OLED controller,4.15,360,28.78622063938781,305.81251822921075,0.0,1.0,0.0061945122444335,0.0,4.246782284723978,4.263630048679622,"DS18B20:active=57.57,idle=50.80,sleep=251.63,peak=0.00 | SSD1306 OLED controller:active=0.00,idle=0.00,sleep=360.00,peak=0.00",1,0.14476130688536654,NORMAL
1132,4,HC-SR501 + ESP32 + BME280 + DHT22 / AM2302,3.3,1440,1219.1852979783273,219.2819772668882,1.5327247547846006,0.0,0.00814,86.54760361875992,,0.0,"HC-SR501:active=1440.00,idle=0.00,sleep=0.00,peak=0.00 | ESP32:active=560.70,idle=0.00,sleep=877.13,peak=2.17 | BME280:active=1440.00,idle=0.00,sleep=0.00,peak=0.00 | DHT22 / AM2302:active=1436.04,idle=0.00,sleep=0.00,peak=3.96",-1,-0.00517212506515996,ANOMALY
1133,3,Raspberry Pi Pico + INA219 + ESP32-S3,3.3,360,147.6639561171478,212.3360438828522,0.0,0.0,0.7377285054514966,0.0,,0.0,"Raspberry Pi Pico:active=0.00,idle=0.00,sleep=360.00,peak=0.00 | INA219:active=360.00,idle=0.00,sleep=0.00,peak=0.00 | ESP32-S3:active=82.99,idle=0.00,sleep=277.01,peak=0.00",1,0.15163130559871107,NORMAL
1134,1,HC-05,3.3,360,194.53811466550133,0.0,0.0,30.0,0.0,0.0,393.7911187452566,395.31674009287485,"HC-05:active=194.54,idle=165.46,sleep=0.00,peak=0.00",1,0.1743564982506588,NORMAL
1135,3,SSD1306 OLED controller + DHT22 / AM2302 + HC-SR501,3.3,360,240.0,120.0,0.0,33.75,0.01,0.0,1336.698,1343.6266370166527,"SSD1306 OLED controller:active=0.00,idle=0.00,sleep=360.00,peak=0.00 | DHT22 / AM2302:active=360.00,idle=0.00,sleep=0.00,peak=0.00 | HC-SR501:active=360.00,idle=0.00,sleep=0.00,peak=0.00",1,0.17565629918237058,NORMAL
1136,3,DHT22 / AM2302 + DS18B20 + MPU6050,3.3,720,461.1129900023428,170.45713189296666,0.4716988696230819,2.5114441128395275,0.0064410082410907,1.5,191.40188540711625,187.60097939895635,"DHT22 / AM2302:active=720.00,idle=0.00,sleep=0.00,peak=0.00 | DS18B20:active=314.77,idle=207.06,sleep=196.75,peak=1.42 | MPU6050:active=348.57,idle=56.82,sleep=314.62,peak=0.00",1,0.13649928341011447,NORMAL
1137,1,ESP32,3.3,720,350.6480670633826,369.3519329366174,0.0,23.879999999999995,0.00814,0.0,460.7065301414223,458.7315329674904,"ESP32:active=350.65,idle=0.00,sleep=369.35,peak=0.00",1,0.15295139821214704,NORMAL
1138,1,HC-05,3.3,1440,761.7862882162515,0.0,0.0,30.0,0.0,0.0,1555.3614087416645,1577.8978318770185,"HC-05:active=761.79,idle=678.21,sleep=0.00,peak=0.00",1,0.12208745099123369,NORMAL
1139,2,nRF24L01+ + ESP32-S3,3.3,120,50.21418504457165,53.89274220813069,0.0,59.80872173376319,0.0042620911444019,0.0,330.4278049698144,331.608171340384,"nRF24L01+:active=39.84,idle=31.79,sleep=48.38,peak=0.00 | ESP32-S3:active=60.59,idle=0.00,sleep=59.41,peak=0.00",1,0.16604673298927175,NORMAL
1140,1,Raspberry Pi Pico,3.3,1440,0.0,1440.0,0.0,0.0,1.3,0.0,102.96,102.80997275146484,"Raspberry Pi Pico:active=0.00,idle=0.00,sleep=1440.00,peak=0.00",-1,-0.027545080786266718,ANOMALY
1141,4,BME280 + nRF24L01+ + HC-05 + ESP32,3.3,120,78.81005651461427,25.290523497949835,0.0,0.0,0.0036141459029308,0.0,,0.0,"BME280:active=120.00,idle=0.00,sleep=0.00,peak=0.00 | nRF24L01+:active=49.94,idle=6.82,sleep=63.24,peak=0.00 | HC-05:active=63.22,idle=56.78,sleep=0.00,peak=0.00 | ESP32:active=82.08,idle=0.00,sleep=37.92,peak=0.00",1,0.20485977910970032,NORMAL
1142,3,HC-05 + HC-SR04 + DHT22 / AM2302,3.3,120,90.18131700981992,0.0,0.0,14.238553298362312,0.0,0.0,232.8407666138032,234.9578527667273,"HC-05:active=86.27,idle=33.73,sleep=0.00,peak=0.00 | HC-SR04:active=64.28,idle=55.72,sleep=0.00,peak=0.00 | DHT22 / AM2302:active=120.00,idle=0.00,sleep=0.00,peak=0.00",1,0.20836732927273527,NORMAL
1143,1,ESP32-S3,3.3,120,20.912753413835944,99.08724658616406,0.0,91.7,0.007,0.0,105.51162043261726,106.98228078032017,"ESP32-S3:active=20.91,idle=0.00,sleep=99.09,peak=0.00",1,0.08175427573681204,NORMAL
1144,3,ESP32-S3 + DHT22 / AM2302 + ESP32,3.3,720,530.3702988438681,189.6297011561319,0.0,24.5903057017697,0.0071854228391279,0.0,2152.14950829373,2118.7913466701434,"ESP32-S3:active=243.64,idle=0.00,sleep=476.36,peak=0.00 | DHT22 / AM2302:active=720.00,idle=0.00,sleep=0.00,peak=0.00 | ESP32:active=627.47,idle=0.00,sleep=92.53,peak=0.00",1,0.16994272646708808,NORMAL
1145,4,ESP32 + DS18B20 + HC-05 + nRF24L01+,3.3,60,29.055054270559275,23.31148290755656,0.7140060276816153,22.642042594195637,0.0019022621414174,108.83664017225944,168.50885000634378,171.69393975909716,"ESP32:active=44.80,idle=0.00,sleep=13.91,peak=1.29 | DS18B20:active=8.20,idle=1.69,sleep=48.53,peak=1.57 | HC-05:active=44.87,idle=15.13,sleep=0.00,peak=0.00 | nRF24L01+:active=18.34,idle=10.86,sleep=30.80,peak=0.00",1,0.09601093076055989,NORMAL
1146,4,DHT22 / AM2302 + DS18B20 + INA219 + HC-SR04,4.15,720,514.1658021284477,116.945004831344,0.8470921658881754,0.0,0.00075,1.5000000000000002,,0.0,"DHT22 / AM2302:active=720.00,idle=0.00,sleep=0.00,peak=0.00 | DS18B20:active=211.51,idle=37.32,sleep=467.78,peak=3.39 | INA219:active=720.00,idle=0.00,sleep=0.00,peak=0.00 | HC-SR04:active=405.15,idle=314.85,sleep=0.00,peak=0.00",1,0.06764403690476517,NORMAL
1147,2,Arduino Uno / ATmega328P + BME280,4.15,60,60.0,0.0,0.0,0.0,0.0,0.0,,0.0,"Arduino Uno / ATmega328P:active=60.00,idle=0.00,sleep=0.00,peak=0.00 | BME280:active=60.00,idle=0.00,sleep=0.00,peak=0.00",1,0.18156663847177817,NORMAL
1148,1,BMP280,3.3,120,43.759441949294,52.97121644591678,0.0,0.00274,0.0001,0.0,0.0070138709710374,0.007047205636673,"BMP280:active=43.76,idle=23.27,sleep=52.97,peak=0.00",1,0.2036525581335239,NORMAL
1149,2,HC-SR501 + HC-05,3.3,1440,1295.9256140370494,0.0,0.0,49.44556055304541,0.0,0.0,7175.339985969659,7035.149895832855,"HC-SR501:active=1440.00,idle=0.00,sleep=0.00,peak=0.00 | HC-05:active=1151.85,idle=288.15,sleep=0.00,peak=0.00",1,0.07843471308585859,NORMAL
1150,4,BMP280 + ESP32 + Raspberry Pi Pico + DS18B20,3.3,360,170.807269776495,166.01183957549765,0.0,11.634320151734968,0.7053290802307604,0.0,462.9530265121499,455.684475062308,"BMP280:active=136.23,idle=30.07,sleep=193.70,peak=0.00 | ESP32:active=323.49,idle=0.00,sleep=36.51,peak=0.00 | Raspberry Pi Pico:active=0.00,idle=0.00,sleep=360.00,peak=0.00 | DS18B20:active=223.50,idle=62.66,sleep=73.84,peak=0.00",1,0.13840397770197904,NORMAL
1151,4,HC-SR501 + INA219 + ESP32 + HC-SR04,3.3,120,92.0138265715958,17.278571541204386,0.9660352956614814,0.0,0.00814,240.0,,0.0,"HC-SR501:active=120.00,idle=0.00,sleep=0.00,peak=0.00 | INA219:active=120.00,idle=0.00,sleep=0.00,peak=0.00 | ESP32:active=47.02,idle=0.00,sleep=69.11,peak=3.86 | HC-SR04:active=81.03,idle=38.97,sleep=0.00,peak=0.00",1,0.07316572722826786,NORMAL
1152,2,ESP32 + BMP280,3.3,360,122.23586418184443,225.2933263835567,0.7473944105448022,5.572868065880159,0.0054793302288792,240.0,94.79960945511522,94.054982074425,"ESP32:active=57.03,idle=0.00,sleep=301.47,peak=1.49 | BMP280:active=187.44,idle=23.45,sleep=149.11,peak=0.00",1,0.061724717924017125,NORMAL
1153,4,ESP32-S3 + Arduino Uno / ATmega328P + BME280 + Raspberry Pi Pico,3.3,1440,889.424949911307,549.782741504501,0.7923085841919714,0.0,0.8536617171834033,355.0,,0.0,"ESP32-S3:active=677.70,idle=0.00,sleep=759.13,peak=3.17 | Arduino Uno / ATmega328P:active=1440.00,idle=0.00,sleep=0.00,peak=0.00 | BME280:active=1440.00,idle=0.00,sleep=0.00,peak=0.00 | Raspberry Pi Pico:active=0.00,idle=0.00,sleep=1440.00,peak=0.00",-1,-0.07494118521082305,ANOMALY
1154,1,INA219,3.3,720,720.0,0.0,0.0,0.0,0.0,0.0,,0.0,"INA219:active=720.00,idle=0.00,sleep=0.00,peak=0.00",1,0.16551468003168956,NORMAL
1155,1,DS18B20,5.0,30,18.805511927848617,10.719337879786448,0.0,1.0,0.00075,0.0,1.5678256494918943,1.5768555411230405,"DS18B20:active=18.81,idle=0.48,sleep=10.72,peak=0.00",1,0.12891550548804503,NORMAL
1156,1,DS18B20,5.0,1440,270.0530360569477,1077.8385650735795,0.0,1.0,0.00075,0.0,22.577541356658752,22.8173936160562,"DS18B20:active=270.05,idle=92.11,sleep=1077.84,peak=0.00",1,0.0012495391205723516,NORMAL
1157,2,ESP32 + INA219,3.3,120,102.28574149538557,17.714258504614453,0.0,0.0,0.00814,0.0,,0.0,"ESP32:active=84.57,idle=0.00,sleep=35.43,peak=0.00 | INA219:active=120.00,idle=0.00,sleep=0.00,peak=0.00",1,0.21435440525649008,NORMAL
1158,1,ESP32,3.3,360,56.58025403013346,301.9968280535084,1.422917916358114,23.88,0.00814,240.0,93.23022611902394,94.627226791666,"ESP32:active=56.58,idle=0.00,sleep=302.00,peak=1.42",1,0.028986325531236923,NORMAL
1159,1,DHT22 / AM2302,3.3,60,60.0,0.0,0.0,2.5,0.0,0.0,8.25,8.087146426313206,"DHT22 / AM2302:active=60.00,idle=0.00,sleep=0.00,peak=0.00",1,0.20492480153696507,NORMAL
1160,2,Arduino Uno / ATmega328P + ESP32-S3,4.15,120,99.4955073752135,20.50449262478649,0.0,0.0,0.007,0.0,,0.0,"Arduino Uno / ATmega328P:active=120.00,idle=0.00,sleep=0.00,peak=0.00 | ESP32-S3:active=78.99,idle=0.00,sleep=41.01,peak=0.00",1,0.17981388601829779,NORMAL
1161,4,Arduino Uno / ATmega328P + ESP32-S3 + nRF24L01+ + MPU6050,3.3,30,16.197844644988706,12.535369523847958,0.0,0.0,0.0074040665530809,0.0,,0.0,"Arduino Uno / ATmega328P:active=30.00,idle=0.00,sleep=0.00,peak=0.00 | ESP32-S3:active=14.31,idle=0.00,sleep=15.69,peak=0.00 | nRF24L01+:active=17.96,idle=2.91,sleep=9.13,peak=0.00 | MPU6050:active=2.52,idle=2.16,sleep=25.32,peak=0.00",1,0.20240850741413957,NORMAL
1162,1,HC-SR04,5.0,360,277.762030652728,0.0,0.0,15.0,0.0,0.0,360.90886654045534,361.9634118291557,"HC-SR04:active=277.76,idle=82.24,sleep=0.00,peak=0.00",1,0.12195508248043369,NORMAL
1163,2,HC-SR501 + Arduino Uno / ATmega328P,5.0,30,30.0,0.0,0.0,0.0,0.0,0.0,,0.0,"HC-SR501:active=30.00,idle=0.00,sleep=0.00,peak=0.00 | Arduino Uno / ATmega328P:active=30.00,idle=0.00,sleep=0.00,peak=0.00",1,0.14324424790754742,NORMAL
1164,1,DS18B20,5.0,1440,736.2301823716293,281.52011466717903,0.0,1.0,0.00075,0.0,61.39650081123754,61.89402752770805,"DS18B20:active=736.23,idle=422.25,sleep=281.52,peak=0.00",1,0.06134434080736351,NORMAL
1165,1,HC-05,3.3,720,470.260234046458,0.0,0.0,30.0,0.0,0.0,885.8148831962142,889.4492875407535,"HC-05:active=470.26,idle=249.74,sleep=0.00,peak=0.00",1,0.15267040665443266,NORMAL
1166,4,nRF24L01+ + DHT22 / AM2302 + HC-SR501 + HC-SR04,3.3,60,50.96961652042268,4.100669331868146,0.9763630544782244,25.32715568303867,0.0009,13.5,288.57267789237216,295.9443221081383,"nRF24L01+:active=39.06,idle=0.63,sleep=16.40,peak=3.91 | DHT22 / AM2302:active=60.00,idle=0.00,sleep=0.00,peak=0.00 | HC-SR501:active=60.00,idle=0.00,sleep=0.00,peak=0.00 | HC-SR04:active=44.82,idle=15.18,sleep=0.00,peak=0.00",1,0.10311283516409725,NORMAL
1167,1,ESP32,3.3,720,383.5588221189732,336.4411778810268,0.0,23.879999999999995,0.00814,0.0,503.91678168639663,506.6961993173286,"ESP32:active=383.56,idle=0.00,sleep=336.44,peak=0.00",1,0.15404497937811662,NORMAL
1168,1,BMP280,3.3,120,84.32359041527278,22.1593397862348,0.0,0.00274,0.0001,0.0,0.0129037853282976,0.012840728815707,"BMP280:active=84.32,idle=13.52,sleep=22.16,peak=0.00",1,0.20158012231087363,NORMAL
1169,2,HC-05 + Raspberry Pi Pico,3.3,120,47.39910782450544,60.0,0.0,30.0,1.3,0.0,176.0858409353032,176.8244115628792,"HC-05:active=94.80,idle=25.20,sleep=0.00,peak=0.00 | Raspberry Pi Pico:active=0.00,idle=0.00,sleep=120.00,peak=0.00",1,0.0953786133144699,NORMAL
1170,2,ESP32 + HC-SR501,3.3,120,108.09351155718282,11.90648844281718,0.0,46.70468174507237,0.00814,0.0,555.3426972281595,552.0995818275508,"ESP32:active=96.19,idle=0.00,sleep=23.81,peak=0.00 | HC-SR501:active=120.00,idle=0.00,sleep=0.00,peak=0.00",1,0.17990751274118932,NORMAL
1171,1,HC-05,3.3,120,118.39512762108927,0.0,0.0,30.0,0.0,0.0,196.05810442151804,191.45917395471915,"HC-05:active=118.40,idle=1.60,sleep=0.00,peak=0.00",1,0.18644722952445425,NORMAL
1172,1,HC-SR501,3.3,30,30.0,0.0,0.0,65.0,0.0,0.0,107.25,106.56155581346344,"HC-SR501:active=30.00,idle=0.00,sleep=0.00,peak=0.00",1,0.14920931814686506,NORMAL
1173,4,ESP32 + DHT22 / AM2302 + nRF24L01+ + MPU6050,3.3,60,36.04912352390983,18.83903527706591,0.0,7.0599287561606605,0.0074155492132396,0.0,56.03743052491021,55.97782334002415,"ESP32:active=12.36,idle=0.00,sleep=47.64,peak=0.00 | DHT22 / AM2302:active=60.00,idle=0.00,sleep=0.00,peak=0.00 | nRF24L01+:active=39.56,idle=8.78,sleep=11.66,peak=0.00 | MPU6050:active=32.28,idle=11.67,sleep=16.05,peak=0.00",1,0.2008573450226066,NORMAL
1174,4,INA219 + BMP280 + nRF24L01+ + HC-SR501,3.3,360,242.98387049172916,82.28299152222314,0.825064176381523,0.0,0.0002973494917339,13.5,,0.0,"INA219:active=360.00,idle=0.00,sleep=0.00,peak=0.00 | BMP280:active=76.23,idle=35.83,sleep=247.94,peak=0.00 | nRF24L01+:active=175.71,idle=99.80,sleep=81.19,peak=3.30 | HC-SR501:active=360.00,idle=0.00,sleep=0.00,peak=0.00",1,0.11674670085305894,NORMAL
1175,3,MPU6050 + DS18B20 + HC-05,3.3,30,14.253705266837782,12.008040486012773,0.0,20.58687429195469,0.0046711799266518,0.0,49.33449055213537,51.133583232441566,"MPU6050:active=9.41,idle=5.32,sleep=15.27,peak=0.00 | DS18B20:active=5.41,idle=3.83,sleep=20.75,peak=0.00 | HC-05:active=27.94,idle=2.06,sleep=0.00,peak=0.00",1,0.2022871430287822,NORMAL
1176,4,BMP280 + BME280 + Arduino Uno / ATmega328P + Raspberry Pi Pico,3.3,60,40.68915422730389,17.64317373259818,0.0,0.0,1.1052583062957575,0.0,,0.0,"BMP280:active=42.76,idle=6.67,sleep=10.57,peak=0.00 | BME280:active=60.00,idle=0.00,sleep=0.00,peak=0.00 | Arduino Uno / ATmega328P:active=60.00,idle=0.00,sleep=0.00,peak=0.00 | Raspberry Pi Pico:active=0.00,idle=0.00,sleep=60.00,peak=0.00",1,0.13874080090679497,NORMAL
1177,3,MPU6050 + ESP32-S3 + nRF24L01+,3.3,30,15.458846016289684,13.755493814232157,0.0,27.796086677143443,0.0046564141577506,0.0,70.91218507499727,69.40169260548981,"MPU6050:active=23.92,idle=1.30,sleep=4.78,peak=0.00 | ESP32-S3:active=11.72,idle=0.00,sleep=18.28,peak=0.00 | nRF24L01+:active=10.74,idle=1.06,sleep=18.20,peak=0.00",1,0.1945550204162373,NORMAL
1178,3,nRF24L01+ + ESP32-S3 + DHT22 / AM2302,3.3,60,35.2485560726516,17.256055470135248,0.0,22.502672645364783,0.0054599711013585,0.0,130.92350967114243,126.19479452917098,"nRF24L01+:active=24.44,idle=22.49,sleep=13.07,peak=0.00 | ESP32-S3:active=21.30,idle=0.00,sleep=38.70,peak=0.00 | DHT22 / AM2302:active=60.00,idle=0.00,sleep=0.00,peak=0.00",1,0.20799960143891372,NORMAL
1179,1,DS18B20,5.0,120,16.21027437361513,91.68338084227054,0.0,1.0,0.0007499999999999,0.0,1.3573430556529098,1.3736219118265829,"DS18B20:active=16.21,idle=12.11,sleep=91.68,peak=0.00",1,0.11142798337185406,NORMAL
1180,2,HC-SR04 + nRF24L01+,4.15,360,202.13659366150264,99.03525497579768,0.0,13.61850532085728,0.0009,0.0,395.5922881890064,393.9875446239468,"HC-SR04:active=253.33,idle=106.67,sleep=0.00,peak=0.00 | nRF24L01+:active=150.95,idle=10.98,sleep=198.07,peak=0.00",1,0.16557873866191664,NORMAL
1181,1,Raspberry Pi Pico,3.3,1440,0.0,1440.0,0.0,0.0,1.3,0.0,102.96,104.07223768716035,"Raspberry Pi Pico:active=0.00,idle=0.00,sleep=1440.00,peak=0.00",-1,-0.027545080786266718,ANOMALY
1182,2,nRF24L01+ + MPU6050,3.3,360,47.35974074784061,268.3437475847392,1.971311209505289,7.293036876870594,0.0052782508487136,13.5,41.13952300319454,42.62441475353029,"nRF24L01+:active=43.43,idle=34.15,sleep=278.47,peak=3.94 | MPU6050:active=51.29,idle=50.50,sleep=258.21,peak=0.00",1,0.06182460796261968,NORMAL
1183,1,BME280,3.3,360,360.0,0.0,0.0,0.0,0.0,0.0,,0.0,"BME280:active=360.00,idle=0.00,sleep=0.00,peak=0.00",1,0.18200890968177708,NORMAL
1184,4,BME280 + nRF24L01+ + HC-SR04 + BMP280,3.3,1440,790.0147478964292,416.4930773675992,0.0,0.0,0.0003766237397266,0.0,,0.0,"BME280:active=1440.00,idle=0.00,sleep=0.00,peak=0.00 | nRF24L01+:active=587.46,idle=276.48,sleep=576.06,peak=0.00 | HC-SR04:active=908.78,idle=531.22,sleep=0.00,peak=0.00 | BMP280:active=223.82,idle=126.27,sleep=1089.91,peak=0.00",1,0.12942251159422047,NORMAL
1185,3,HC-05 + BME280 + Raspberry Pi Pico,3.3,360,234.58818257951268,120.0,0.0,0.0,1.3,0.0,,0.0,"HC-05:active=343.76,idle=16.24,sleep=0.00,peak=0.00 | BME280:active=360.00,idle=0.00,sleep=0.00,peak=0.00 | Raspberry Pi Pico:active=0.00,idle=0.00,sleep=360.00,peak=0.00",1,0.11333279429260251,NORMAL
1186,3,HC-SR501 + DHT22 / AM2302 + ESP32-S3,3.3,720,663.7714411534081,56.22855884659193,0.0,49.794009058803,0.007,0.0,5453.618734357108,5478.195867641534,"HC-SR501:active=720.00,idle=0.00,sleep=0.00,peak=0.00 | DHT22 / AM2302:active=720.00,idle=0.00,sleep=0.00,peak=0.00 | ESP32-S3:active=551.31,idle=0.00,sleep=168.69,peak=0.00",1,0.13461208686401355,NORMAL
1187,2,Raspberry Pi Pico + INA219,3.3,60,30.0,30.0,0.0,0.0,1.3,0.0,,0.0,"Raspberry Pi Pico:active=0.00,idle=0.00,sleep=60.00,peak=0.00 | INA219:active=60.00,idle=0.00,sleep=0.00,peak=0.00",1,0.12533496831476348,NORMAL
1188,4,HC-SR04 + nRF24L01+ + HC-05 + Raspberry Pi Pico,3.3,120,57.52422622264444,44.92868257130933,0.7468469958207475,18.5360428724623,0.8683414153618534,13.499999999999998,269.66556375418065,269.82773848908374,"HC-SR04:active=111.00,idle=9.00,sleep=0.00,peak=0.00 | nRF24L01+:active=52.02,idle=5.28,sleep=59.71,peak=2.99 | HC-05:active=67.07,idle=52.93,sleep=0.00,peak=0.00 | Raspberry Pi Pico:active=0.00,idle=0.00,sleep=120.00,peak=0.00",1,0.0649174938416549,NORMAL
1189,2,HC-SR501 + Raspberry Pi Pico,3.3,720,360.0,360.0,0.0,65.0,1.3,0.0,2625.48,2543.444068823007,"HC-SR501:active=720.00,idle=0.00,sleep=0.00,peak=0.00 | Raspberry Pi Pico:active=0.00,idle=0.00,sleep=720.00,peak=0.00",1,0.026676777310503885,NORMAL
1190,2,ESP32 + ESP32-S3,3.3,120,64.5095250335365,54.47493968144238,1.0155352850211004,54.65687267412314,0.0074970073007875,240.0,414.7028339796903,393.0902757397008,"ESP32:active=70.47,idle=0.00,sleep=47.50,peak=2.03 | ESP32-S3:active=58.55,idle=0.00,sleep=61.45,peak=0.00",1,0.0438811452746426,NORMAL
1191,1,nRF24L01+,3.3,120,18.877887653826058,91.1696824361607,0.0,11.3,0.0009,0.0,11.751352050904805,11.770371669019758,"nRF24L01+:active=18.88,idle=9.95,sleep=91.17,peak=0.00",1,0.18473226261572384,NORMAL
1192,1,Raspberry Pi Pico,3.3,720,0.0,720.0,0.0,0.0,1.3,0.0,51.48,51.35792634810061,"Raspberry Pi Pico:active=0.00,idle=0.00,sleep=720.00,peak=0.00",1,0.032436619513601994,NORMAL
1193,1,ESP32,3.3,30,25.92496011431427,4.07503988568573,0.0,23.88,0.00814,0.0,34.05166700949718,33.13004577531939,"ESP32:active=25.92,idle=0.00,sleep=4.08,peak=0.00",1,0.18388250382059745,NORMAL
1194,2,nRF24L01+ + BME280,3.3,30,18.46519348961767,9.446863647879471,0.0,0.0,0.0009,0.0,,0.0,"nRF24L01+:active=6.93,idle=4.18,sleep=18.89,peak=0.00 | BME280:active=30.00,idle=0.00,sleep=0.00,peak=0.00",1,0.21175229209605057,NORMAL
1195,1,MPU6050,3.3,360,220.21256782330775,100.50055656330596,0.0,3.9,0.01,0.0,47.30167499500302,47.8618471161945,"MPU6050:active=220.21,idle=39.29,sleep=100.50,peak=0.00",1,0.17882331001088092,NORMAL
1196,1,INA219,3.3,60,60.0,0.0,0.0,0.0,0.0,0.0,,0.0,"INA219:active=60.00,idle=0.00,sleep=0.00,peak=0.00",1,0.20809052361625596,NORMAL
1197,2,SSD1306 OLED controller + Raspberry Pi Pico,3.3,720,0.0,720.0,0.0,0.0,0.655,0.0,51.876000000000005,51.53255475409351,"SSD1306 OLED controller:active=0.00,idle=0.00,sleep=720.00,peak=0.00 | Raspberry Pi Pico:active=0.00,idle=0.00,sleep=720.00,peak=0.00",1,0.08851194098235005,NORMAL
1198,2,ESP32-S3 + SSD1306 OLED controller,3.3,120,37.415903957033024,82.58409604296698,0.0,91.7,0.0091795964189805,0.0,377.4976129685452,386.5755103464195,"ESP32-S3:active=74.83,idle=0.00,sleep=45.17,peak=0.00 | SSD1306 OLED controller:active=0.00,idle=0.00,sleep=120.00,peak=0.00",1,0.09578448330479467,NORMAL
1199,3,HC-05 + MPU6050 + BMP280,3.3,720,332.36124306696934,338.6557317253662,0.0,19.72660877740945,0.0053665038668678,0.0,1116.8796277578472,1100.353059157834,"HC-05:active=641.00,idle=79.00,sleep=0.00,peak=0.00 | MPU6050:active=112.45,idle=67.09,sleep=540.46,peak=0.00 | BMP280:active=243.64,idle=0.86,sleep=475.50,peak=0.00",1,0.17843275511471168,NORMAL
1200,3,DS18B20 + HC-SR501 + BMP280,4.15,720,515.4126467753885,167.02513403418874,0.0,30.503999768776502,0.0004595845895235,0.0,3262.365753419788,3324.750532720803,"DS18B20:active=365.18,idle=77.62,sleep=277.20,peak=0.00 | HC-SR501:active=720.00,idle=0.00,sleep=0.00,peak=0.00 | BMP280:active=461.06,idle=35.06,sleep=223.88,peak=0.00",1,0.12220453740957898,NORMAL
1201,3,BMP280 + HC-05 + BME280,3.3,1440,1021.1434943587412,384.0992266769693,0.0,0.0,0.0001,0.0,,0.0,"BMP280:active=267.80,idle=19.90,sleep=1152.30,peak=0.00 | HC-05:active=1355.63,idle=84.37,sleep=0.00,peak=0.00 | BME280:active=1440.00,idle=0.00,sleep=0.00,peak=0.00",1,0.13710943044200125,NORMAL
1202,1,Arduino Uno / ATmega328P,5.0,720,720.0,0.0,0.0,0.0,0.0,0.0,,0.0,"Arduino Uno / ATmega328P:active=720.00,idle=0.00,sleep=0.00,peak=0.00",1,0.1013824304751405,NORMAL
1203,2,BME280 + DS18B20,4.15,1440,1199.6978474796813,157.26298784576667,0.0,0.0,0.00075,0.0,,0.0,"BME280:active=1440.00,idle=0.00,sleep=0.00,peak=0.00 | DS18B20:active=959.40,idle=166.08,sleep=314.53,peak=0.00",1,0.08835383547281817,NORMAL
1204,3,BMP280 + DHT22 / AM2302 + Raspberry Pi Pico,3.3,120,49.63330324430624,64.1949628690411,1.0307894971679048,1.963444693404952,0.8100700922963815,2.5,25.08530527879818,25.08413059004926,"BMP280:active=31.99,idle=15.42,sleep=72.58,peak=0.00 | DHT22 / AM2302:active=116.91,idle=0.00,sleep=0.00,peak=3.09 | Raspberry Pi Pico:active=0.00,idle=0.00,sleep=120.00,peak=0.00",1,0.08836973212722599,NORMAL
1205,2,DS18B20 + HC-SR04,5.0,360,176.6245379971582,86.24009527844667,0.0,8.754930186585193,0.00075,0.0,285.1230689809786,281.1877723949254,"DS18B20:active=157.58,idle=29.94,sleep=172.48,peak=0.00 | HC-SR04:active=195.67,idle=164.33,sleep=0.00,peak=0.00",1,0.12641828581588693,NORMAL
1206,2,BMP280 + SSD1306 OLED controller,3.3,120,43.78585705106398,68.54416059774354,0.0,0.00274,0.0087659460823502,0.0,0.0793754128876289,0.0800656418346134,"BMP280:active=87.57,idle=15.34,sleep=17.09,peak=0.00 | SSD1306 OLED controller:active=0.00,idle=0.00,sleep=120.00,peak=0.00",1,0.21063969540369243,NORMAL
1207,1,INA219,3.3,720,720.0,0.0,0.0,0.0,0.0,0.0,,0.0,"INA219:active=720.00,idle=0.00,sleep=0.00,peak=0.00",1,0.16551468003168956,NORMAL
1208,3,SSD1306 OLED controller + HC-05 + HC-SR04,3.3,360,159.27184086561536,120.0,0.0,22.928584820272807,0.01,0.0,664.8533283353635,673.0705266348368,"SSD1306 OLED controller:active=0.00,idle=0.00,sleep=360.00,peak=0.00 | HC-05:active=252.56,idle=107.44,sleep=0.00,peak=0.00 | HC-SR04:active=225.26,idle=134.74,sleep=0.00,peak=0.00",1,0.18952883577836044,NORMAL
1209,4,INA219 + ESP32-S3 + nRF24L01+ + ESP32,3.3,1440,794.1576978558442,622.5876379900797,0.4567884586248918,0.0,0.0048188523221418,355.0,,0.0,"INA219:active=1440.00,idle=0.00,sleep=0.00,peak=0.00 | ESP32-S3:active=832.49,idle=0.00,sleep=605.68,peak=1.83 | nRF24L01+:active=301.80,idle=91.19,sleep=1047.01,peak=0.00 | ESP32:active=602.34,idle=0.00,sleep=837.66,peak=0.00",-1,-0.025757677834068238,ANOMALY
1210,1,Raspberry Pi Pico,3.3,60,0.0,60.0,0.0,0.0,1.3,0.0,4.29,4.320080440692861,"Raspberry Pi Pico:active=0.00,idle=0.00,sleep=60.00,peak=0.00",1,0.09105766401450799,NORMAL
1211,3,nRF24L01+ + ESP32 + HC-05,3.3,1440,845.9527257683217,427.9076066704162,0.0,21.984050462150748,0.0071315200879303,0.0,3164.286389923151,3236.008945010798,"nRF24L01+:active=978.21,idle=282.97,sleep=178.81,peak=0.00 | ESP32:active=335.09,idle=0.00,sleep=1104.91,peak=0.00 | HC-05:active=1224.55,idle=215.45,sleep=0.00,peak=0.00",1,0.12710703214209684,NORMAL
1212,3,Arduino Uno / ATmega328P + ESP32-S3 + nRF24L01+,3.3,120,54.905720742834255,62.27070001932148,0.0,0.0,0.0036904514994364,0.0,,0.0,"Arduino Uno / ATmega328P:active=120.00,idle=0.00,sleep=0.00,peak=0.00 | ESP32-S3:active=34.54,idle=0.00,sleep=85.46,peak=0.00 | nRF24L01+:active=10.17,idle=8.47,sleep=101.35,peak=0.00",1,0.21387611507454773,NORMAL
1213,4,HC-SR04 + Raspberry Pi Pico + HC-SR501 + Arduino Uno / ATmega328P,5.0,1440,1065.7562346538832,360.0,0.0,0.0,1.3,0.0,,0.0,"HC-SR04:active=1383.02,idle=56.98,sleep=0.00,peak=0.00 | Raspberry Pi Pico:active=0.00,idle=0.00,sleep=1440.00,peak=0.00 | HC-SR501:active=1440.00,idle=0.00,sleep=0.00,peak=0.00 | Arduino Uno / ATmega328P:active=1440.00,idle=0.00,sleep=0.00,peak=0.00",-1,-0.039097486065345244,ANOMALY
1214,1,BMP280,3.3,120,56.79378254148277,53.61905213685777,0.0,0.00274,0.0001,0.0,0.0089064572250232,0.0089428254725871,"BMP280:active=56.79,idle=9.59,sleep=53.62,peak=0.00",1,0.20186499488624704,NORMAL
1215,2,INA219 + HC-SR04,4.15,60,58.33600301327664,0.0,0.0,0.0,0.0,0.0,,0.0,"INA219:active=60.00,idle=0.00,sleep=0.00,peak=0.00 | HC-SR04:active=56.67,idle=3.33,sleep=0.00,peak=0.00",1,0.18073437243520613,NORMAL
1216,1,HC-05,3.3,120,83.56002265533937,0.0,0.0,30.000000000000004,0.0,0.0,153.9076274129606,150.34583229147717,"HC-05:active=83.56,idle=36.44,sleep=0.00,peak=0.00",1,0.1893415196500507,NORMAL
1217,1,ESP32,3.3,120,18.695706419490374,101.30429358050962,0.0,23.88,0.00814,0.0,24.60029474359465,24.858998921192075,"ESP32:active=18.70,idle=0.00,sleep=101.30,peak=0.00",1,0.17339867620587895,NORMAL
1218,2,ESP32-S3 + BMP280,3.3,360,80.80780896814645,267.51521182015085,0.0,63.31775596209326,0.003303582471661,0.0,562.9199459773056,535.5923414566985,"ESP32-S3:active=111.59,idle=0.00,sleep=248.41,peak=0.00 | BMP280:active=50.02,idle=23.35,sleep=286.62,peak=0.00",1,0.1358485758051588,NORMAL
1219,1,ESP32,3.3,120,25.49696483142316,94.50303516857684,0.0,23.88,0.00814,0.0,33.53002261843614,32.73234152657693,"ESP32:active=25.50,idle=0.00,sleep=94.50,peak=0.00",1,0.17473500993628088,NORMAL
1220,4,DHT22 / AM2302 + Raspberry Pi Pico + BME280 + HC-05,3.3,120,84.79396999880731,30.0,0.0,0.0,1.3,0.0,,0.0,"DHT22 / AM2302:active=120.00,idle=0.00,sleep=0.00,peak=0.00 | Raspberry Pi Pico:active=0.00,idle=0.00,sleep=120.00,peak=0.00 | BME280:active=120.00,idle=0.00,sleep=0.00,peak=0.00 | HC-05:active=99.18,idle=20.82,sleep=0.00,peak=0.00",1,0.12393519594071911,NORMAL
1221,1,DHT22 / AM2302,3.3,720,720.0,0.0,0.0,2.5,0.0,0.0,99.0,103.05386499644268,"DHT22 / AM2302:active=720.00,idle=0.00,sleep=0.00,peak=0.00",1,0.16087865826549363,NORMAL
1222,3,ESP32-S3 + HC-SR04 + MPU6050,3.3,720,503.0729598251792,152.89134884853772,0.5593297490584179,31.22316288269249,0.0078856297014338,355.0,2639.001070362292,2632.603350374104,"ESP32-S3:active=395.05,idle=0.00,sleep=323.27,peak=1.68 | HC-SR04:active=590.18,idle=129.82,sleep=0.00,peak=0.00 | MPU6050:active=523.99,idle=60.61,sleep=135.41,peak=0.00",1,0.014359662615767821,NORMAL
1223,1,ESP32-S3,3.3,360,181.80787231695592,178.19212768304408,0.0,91.7,0.007,0.0,917.0166079997252,902.3723345196934,"ESP32-S3:active=181.81,idle=0.00,sleep=178.19,peak=0.00",1,0.07288088335326548,NORMAL
1224,2,DS18B20 + SSD1306 OLED controller,4.15,360,92.08914811898713,227.89197787428256,0.5565584095604739,1.0,0.0080560930688771,1.5,13.112547701058014,13.070566576447623,"DS18B20:active=184.18,idle=78.92,sleep=95.78,peak=1.11 | SSD1306 OLED controller:active=0.00,idle=0.00,sleep=360.00,peak=0.00",1,0.108143815501542,NORMAL
1225,1,HC-SR501,3.3,60,60.0,0.0,0.0,65.0,0.0,0.0,214.5,212.0201237159406,"HC-SR501:active=60.00,idle=0.00,sleep=0.00,peak=0.00",1,0.14921157356635956,NORMAL
1226,4,nRF24L01+ + HC-SR04 + Raspberry Pi Pico + BMP280,3.3,720,296.21829145674326,292.4513534336774,0.0,9.40624847848512,0.8002951824363993,0.0,696.7733241535565,676.8941989552479,"nRF24L01+:active=418.11,idle=121.07,sleep=180.82,peak=0.00 | HC-SR04:active=427.98,idle=292.02,sleep=0.00,peak=0.00 | Raspberry Pi Pico:active=0.00,idle=0.00,sleep=720.00,peak=0.00 | BMP280:active=338.79,idle=112.23,sleep=268.98,peak=0.00",1,0.11740150357207274,NORMAL
1227,1,BMP280,3.3,120,39.30781397139985,63.08982357725847,0.0,0.00274,0.0001,0.0,0.0063674945886472,0.0063038775917777,"BMP280:active=39.31,idle=17.60,sleep=63.09,peak=0.00",1,0.20242311361237159,NORMAL
1228,4,HC-SR04 + SSD1306 OLED controller + Arduino Uno / ATmega328P + BME280,4.15,120,77.10140332063747,30.0,0.0,0.0,0.01,0.0,,0.0,"HC-SR04:active=68.41,idle=51.59,sleep=0.00,peak=0.00 | SSD1306 OLED controller:active=0.00,idle=0.00,sleep=120.00,peak=0.00 | Arduino Uno / ATmega328P:active=120.00,idle=0.00,sleep=0.00,peak=0.00 | BME280:active=120.00,idle=0.00,sleep=0.00,peak=0.00",1,0.1626211203763941,NORMAL
1229,2,MPU6050 + HC-SR501,3.3,60,45.75495213857703,5.106963102307993,0.0,43.96123740329644,0.01,0.0,221.2695180734796,223.98270583409416,"MPU6050:active=31.51,idle=18.28,sleep=10.21,peak=0.00 | HC-SR501:active=60.00,idle=0.00,sleep=0.00,peak=0.00",1,0.18192122177645603,NORMAL
1230,3,HC-SR501 + ESP32 + ESP32-S3,3.3,720,533.2071874003339,186.79281259966612,0.0,66.52347178401614,0.0078333377746774,0.0,5852.922322047189,5772.121889100102,"HC-SR501:active=720.00,idle=0.00,sleep=0.00,peak=0.00 | ESP32:active=310.36,idle=0.00,sleep=409.64,peak=0.00 | ESP32-S3:active=569.26,idle=0.00,sleep=150.74,peak=0.00",1,0.11528839931174378,NORMAL
1231,1,BME280,3.3,720,720.0,0.0,0.0,0.0,0.0,0.0,,0.0,"BME280:active=720.00,idle=0.00,sleep=0.00,peak=0.00",1,0.16551468003168956,NORMAL
1232,1,HC-SR501,3.3,30,30.0,0.0,0.0,65.0,0.0,0.0,107.25,110.71149556947266,"HC-SR501:active=30.00,idle=0.00,sleep=0.00,peak=0.00",1,0.14920931814686506,NORMAL
1233,2,DHT22 / AM2302 + Arduino Uno / ATmega328P,4.15,30,29.13604511872056,0.0,0.8639548812794393,0.0,0.0,2.5,,0.0,"DHT22 / AM2302:active=28.27,idle=0.00,sleep=0.00,peak=1.73 | Arduino Uno / ATmega328P:active=30.00,idle=0.00,sleep=0.00,peak=0.00",1,0.1122188027774832,NORMAL
1234,2,HC-SR04 + DS18B20,5.0,1440,928.1106340083128,321.24113562377994,0.0,9.308397085424795,0.00075,0.0,1496.3153248426345,1485.3009293668244,"HC-SR04:active=1101.59,idle=338.41,sleep=0.00,peak=0.00 | DS18B20:active=754.63,idle=42.88,sleep=642.48,peak=0.00",1,0.056430893366112844,NORMAL
1235,1,BMP280,3.3,30,8.338557835262167,18.269526049422407,0.0,0.00274,0.0001,0.0,0.00137575859768,0.0013994937086704,"BMP280:active=8.34,idle=3.39,sleep=18.27,peak=0.00",1,0.19409794816447956,NORMAL
1236,2,Raspberry Pi Pico + MPU6050,3.3,360,118.83108150956676,219.94198040928228,0.0,3.9,1.0657329690671475,0.0,76.77414496199899,76.49760556518028,"Raspberry Pi Pico:active=0.00,idle=0.00,sleep=360.00,peak=0.00 | MPU6050:active=237.66,idle=42.45,sleep=79.88,peak=0.00",1,0.11372512037056492,NORMAL
1237,2,BMP280 + DS18B20,4.15,60,12.869568307979376,45.846192985339314,0.0,0.733069115664964,0.0003892488129158,0.0,1.307577843464376,1.3169789985110096,"BMP280:active=6.89,idle=2.22,sleep=50.89,peak=0.00 | DS18B20:active=18.85,idle=0.35,sleep=40.80,peak=0.00",1,0.16808948341542918,NORMAL
1238,1,DS18B20,5.0,30,3.031169204634458,25.135991425399684,0.0,1.0,0.00075,0.0,0.2542829856442485,0.248340028645801,"DS18B20:active=3.03,idle=1.83,sleep=25.14,peak=0.00",1,0.12076276476003373,NORMAL
1239,2,HC-05 + nRF24L01+,3.3,120,70.44182132509316,19.16458503023445,0.0,21.979019328469683,0.0009,0.0,187.73892984068615,188.46786853693123,"HC-05:active=80.45,idle=39.55,sleep=0.00,peak=0.00 | nRF24L01+:active=60.43,idle=21.24,sleep=38.33,peak=0.00",1,0.20608159689330596,NORMAL
1240,4,Arduino Uno / ATmega328P + HC-SR501 + Raspberry Pi Pico + BMP280,4.15,60,36.0553329191124,18.328420346492784,0.0,0.0,1.0639396343704064,0.0,,0.0,"Arduino Uno / ATmega328P:active=60.00,idle=0.00,sleep=0.00,peak=0.00 | HC-SR501:active=60.00,idle=0.00,sleep=0.00,peak=0.00 | Raspberry Pi Pico:active=0.00,idle=0.00,sleep=60.00,peak=0.00 | BMP280:active=24.22,idle=22.46,sleep=13.31,peak=0.00",1,0.10042499398672217,NORMAL
1241,2,ESP32 + DHT22 / AM2302,3.3,720,571.5706081928497,148.42939180715024,0.0,10.413947180497647,0.00814,0.0,654.8865772784018,633.90414869561,"ESP32:active=423.14,idle=0.00,sleep=296.86,peak=0.00 | DHT22 / AM2302:active=720.00,idle=0.00,sleep=0.00,peak=0.00",1,0.17024215037946105,NORMAL
1242,4,SSD1306 OLED controller + MPU6050 + ESP32 + HC-05,3.3,30,10.537189347704402,17.595858910019892,0.0,25.405478007394557,0.0094544361930467,0.0,60.002909630385176,56.96237219360631,"SSD1306 OLED controller:active=0.00,idle=0.00,sleep=30.00,peak=0.00 | MPU6050:active=5.23,idle=5.04,sleep=19.74,peak=0.00 | ESP32:active=9.36,idle=0.00,sleep=20.64,peak=0.00 | HC-05:active=27.57,idle=2.43,sleep=0.00,peak=0.00",1,0.18123064896729463,NORMAL
1243,4,BME280 + Arduino Uno / ATmega328P + ESP32 + DHT22 / AM2302,3.3,1440,1194.7311599157224,245.2688400842777,0.0,0.0,0.00814,0.0,,0.0,"BME280:active=1440.00,idle=0.00,sleep=0.00,peak=0.00 | Arduino Uno / ATmega328P:active=1440.00,idle=0.00,sleep=0.00,peak=0.00 | ESP32:active=458.92,idle=0.00,sleep=981.08,peak=0.00 | DHT22 / AM2302:active=1440.00,idle=0.00,sleep=0.00,peak=0.00",1,0.11370175910386104,NORMAL
1244,4,nRF24L01+ + HC-SR501 + ESP32 + BME280,3.3,1440,933.5658645488408,428.71136471176993,0.3814038288676353,0.0,0.0058899369850833,13.5,,0.0,"nRF24L01+:active=596.17,idle=309.37,sleep=532.94,peak=1.53 | HC-SR501:active=1440.00,idle=0.00,sleep=0.00,peak=0.00 | ESP32:active=258.10,idle=0.00,sleep=1181.90,peak=0.00 | BME280:active=1440.00,idle=0.00,sleep=0.00,peak=0.00",1,0.057725500486321746,NORMAL
1245,4,nRF24L01+ + MPU6050 + ESP32 + HC-SR04,3.3,60,24.87484390624041,25.85266184903645,0.0,14.38730386722898,0.0073502279179455,0.0,81.36036783695752,83.36707276275565,"nRF24L01+:active=25.87,idle=11.73,sleep=22.40,peak=0.00 | MPU6050:active=14.69,idle=2.02,sleep=43.29,peak=0.00 | ESP32:active=22.28,idle=0.00,sleep=37.72,peak=0.00 | HC-SR04:active=36.66,idle=23.34,sleep=0.00,peak=0.00",1,0.194607697433416,NORMAL
1246,3,MPU6050 + Raspberry Pi Pico + INA219,3.3,1440,708.3718057919326,669.102163832937,0.0,0.0,0.9354192161820648,0.0,,0.0,"MPU6050:active=685.12,idle=187.58,sleep=567.31,peak=0.00 | Raspberry Pi Pico:active=0.00,idle=0.00,sleep=1440.00,peak=0.00 | INA219:active=1440.00,idle=0.00,sleep=0.00,peak=0.00",1,0.07119121923593563,NORMAL
1247,3,SSD1306 OLED controller + DS18B20 + Arduino Uno / ATmega328P,5.0,60,22.47388946986001,35.61178475253859,0.0,0.0,0.0059449095302451,0.0,,0.0,"SSD1306 OLED controller:active=0.00,idle=0.00,sleep=60.00,peak=0.00 | DS18B20:active=7.42,idle=5.74,sleep=46.84,peak=0.00 | Arduino Uno / ATmega328P:active=60.00,idle=0.00,sleep=0.00,peak=0.00",1,0.13170540572417994,NORMAL
1248,3,HC-05 + DS18B20 + INA219,3.3,360,290.4553571100858,15.983994578734752,1.426721703676564,0.0,0.00075,1.5,,0.0,"HC-05:active=251.84,idle=108.16,sleep=0.00,peak=0.00 | DS18B20:active=259.52,idle=48.24,sleep=47.95,peak=4.28 | INA219:active=360.00,idle=0.00,sleep=0.00,peak=0.00",1,0.12674234710199556,NORMAL
1249,3,BME280 + SSD1306 OLED controller + Arduino Uno / ATmega328P,3.3,30,20.0,10.0,0.0,0.0,0.01,0.0,,0.0,"BME280:active=30.00,idle=0.00,sleep=0.00,peak=0.00 | SSD1306 OLED controller:active=0.00,idle=0.00,sleep=30.00,peak=0.00 | Arduino Uno / ATmega328P:active=30.00,idle=0.00,sleep=0.00,peak=0.00",1,0.21314472200073176,NORMAL
1250,1,DS18B20,5.0,1440,824.9698783842582,580.8663711000958,0.0,1.0,0.00075,0.0,68.78592924795582,68.06842718240944,"DS18B20:active=824.97,idle=34.16,sleep=580.87,peak=0.00",1,0.03885699501005013,NORMAL
1251,1,SSD1306 OLED controller,3.3,720,0.0,720.0,0.0,0.0,0.01,0.0,0.396,0.3938536421036839,"SSD1306 OLED controller:active=0.00,idle=0.00,sleep=720.00,peak=0.00",1,0.1297644497890389,NORMAL
1252,3,nRF24L01+ + MPU6050 + BMP280,3.3,1440,831.5942551192883,315.5763826787145,0.0,4.509251752502564,0.0059746720463343,0.0,619.7437192747103,597.5982368948219,"nRF24L01+:active=723.28,idle=470.31,sleep=246.41,peak=0.00 | MPU6050:active=788.16,idle=109.96,sleep=541.88,peak=0.00 | BMP280:active=983.34,idle=298.22,sleep=158.44,peak=0.00",1,0.1419045459217726,NORMAL
1253,3,SSD1306 OLED controller + HC-SR04 + MPU6050,3.3,720,312.95682208617654,366.84417155294153,0.0,11.331169109084192,0.01,0.0,595.7903076325939,586.7332004204715,"SSD1306 OLED controller:active=0.00,idle=0.00,sleep=720.00,peak=0.00 | HC-SR04:active=628.55,idle=91.45,sleep=0.00,peak=0.00 | MPU6050:active=310.32,idle=29.15,sleep=380.53,peak=0.00",1,0.18043026334213264,NORMAL
1254,1,BMP280,3.3,1440,435.371640849115,982.795920038938,0.0,0.0027399999999999,0.0001,0.0,0.0711359622512915,0.0691908778343686,"BMP280:active=435.37,idle=21.83,sleep=982.80,peak=0.00",1,0.0911690511239796,NORMAL
1255,1,DHT22 / AM2302,3.3,120,120.0,0.0,0.0,2.5,0.0,0.0,16.5,16.774344526836316,"DHT22 / AM2302:active=120.00,idle=0.00,sleep=0.00,peak=0.00",1,0.202456427886891,NORMAL
1256,1,nRF24L01+,3.3,360,300.03779551573075,52.05095516862528,0.0,11.3,0.0009,0.0,186.48737952182887,181.56216579894047,"nRF24L01+:active=300.04,idle=7.91,sleep=52.05,peak=0.00",1,0.17951979496091047,NORMAL
1257,1,DS18B20,5.0,120,35.49277053523382,67.15661516043846,0.0,1.0,0.00075,0.0,2.963012579777699,2.8461971484545816,"DS18B20:active=35.49,idle=17.35,sleep=67.16,peak=0.00",1,0.12186637350392249,NORMAL
1258,1,BMP280,3.3,120,47.20328753108289,64.07043380479354,0.0,0.0027399999999999,0.0001,0.0,0.0075139173495132,0.0074302089146901,"BMP280:active=47.20,idle=8.73,sleep=64.07,peak=0.00",1,0.20293063800842703,NORMAL
1259,4,MPU6050 + HC-SR04 + nRF24L01+ + ESP32,3.3,30,13.20243220599599,10.742665274446498,0.970867591695856,13.950702056410051,0.0065458280448586,13.5,44.577045117388096,45.436607716667,"MPU6050:active=10.50,idle=7.50,sleep=11.99,peak=0.00 | HC-SR04:active=19.52,idle=10.48,sleep=0.00,peak=0.00 | nRF24L01+:active=11.22,idle=2.36,sleep=12.54,peak=3.88 | ESP32:active=11.56,idle=0.00,sleep=18.44,peak=0.00",1,0.10866771849938617,NORMAL
1260,3,HC-05 + ESP32 + INA219,3.3,360,303.57951798171393,52.227660209379735,0.0,0.0,0.00814,0.0,,0.0,"HC-05:active=347.42,idle=12.58,sleep=0.00,peak=0.00 | ESP32:active=203.32,idle=0.00,sleep=156.68,peak=0.00 | INA219:active=360.00,idle=0.00,sleep=0.00,peak=0.00",1,0.20061804294622176,NORMAL
1261,3,ESP32 + nRF24L01+ + BMP280,3.3,120,26.949159148567837,90.6670570188474,0.0,15.31637407901874,0.0027604395401822,0.0,68.14897795349461,69.66045491645306,"ESP32:active=39.15,idle=0.00,sleep=80.85,peak=0.00 | nRF24L01+:active=26.85,idle=1.18,sleep=91.97,peak=0.00 | BMP280:active=14.85,idle=5.97,sleep=99.18,peak=0.00",1,0.196830546535342,NORMAL
1262,3,INA219 + ESP32 + HC-SR04,3.3,120,93.6870937452788,17.935386062502044,0.0,0.0,0.00814,0.0,,0.0,"INA219:active=120.00,idle=0.00,sleep=0.00,peak=0.00 | ESP32:active=66.19,idle=0.00,sleep=53.81,peak=0.00 | HC-SR04:active=94.87,idle=25.13,sleep=0.00,peak=0.00",1,0.2172080103379067,NORMAL
1263,2,ESP32 + SSD1306 OLED controller,3.3,720,103.20534161599534,616.7946583840046,0.0,23.88,0.0092256125144701,0.0,271.7257252940136,272.99557429704805,"ESP32:active=206.41,idle=0.00,sleep=513.59,peak=0.00 | SSD1306 OLED controller:active=0.00,idle=0.00,sleep=720.00,peak=0.00",1,0.13260815687539962,NORMAL
1264,3,HC-SR501 + DHT22 / AM2302 + BMP280,3.3,360,274.2537241336085,72.2585354350143,0.0,29.535036874314216,0.0001,0.0,1336.5169009222327,1378.488816749386,"HC-SR501:active=360.00,idle=0.00,sleep=0.00,peak=0.00 | DHT22 / AM2302:active=360.00,idle=0.00,sleep=0.00,peak=0.00 | BMP280:active=102.76,idle=40.46,sleep=216.78,peak=0.00",1,0.18332929429631079,NORMAL
1265,1,nRF24L01+,3.3,1440,428.30775811506805,859.1788450421368,0.0,11.3,0.0009,0.0,266.4538951788296,271.1243258307399,"nRF24L01+:active=428.31,idle=152.51,sleep=859.18,peak=0.00",1,0.10348525506227019,NORMAL
1266,3,HC-05 + DHT22 / AM2302 + DS18B20,3.3,120,98.61476879232777,14.267452779205106,0.0,12.626416902584642,0.00075,0.0,208.79613796020996,217.8376061986143,"HC-05:active=112.40,idle=7.60,sleep=0.00,peak=0.00 | DHT22 / AM2302:active=120.00,idle=0.00,sleep=0.00,peak=0.00 | DS18B20:active=63.44,idle=13.75,sleep=42.80,peak=0.00",1,0.21362523838499697,NORMAL
1267,3,SSD1306 OLED controller + BMP280 + BME280,3.3,720,279.2348029726102,439.6531861047205,0.0,0.0,0.0055042597099115,0.0,,0.0,"SSD1306 OLED controller:active=0.00,idle=0.00,sleep=720.00,peak=0.00 | BMP280:active=117.70,idle=3.34,sleep=598.96,peak=0.00 | BME280:active=720.00,idle=0.00,sleep=0.00,peak=0.00",1,0.1806306026041144,NORMAL
1268,2,HC-SR501 + DHT22 / AM2302,3.3,60,60.0,0.0,0.0,33.75,0.0,0.0,222.75,220.77733793257664,"HC-SR501:active=60.00,idle=0.00,sleep=0.00,peak=0.00 | DHT22 / AM2302:active=60.00,idle=0.00,sleep=0.00,peak=0.00",1,0.19214129766730953,NORMAL
1269,3,BMP280 + Arduino Uno / ATmega328P + ESP32-S3,3.3,120,73.92471224833122,37.34237041731522,0.0,0.0,0.0051181218089743,0.0,,0.0,"BMP280:active=63.25,idle=26.20,sleep=30.55,peak=0.00 | Arduino Uno / ATmega328P:active=120.00,idle=0.00,sleep=0.00,peak=0.00 | ESP32-S3:active=38.53,idle=0.00,sleep=81.47,peak=0.00",1,0.2186982678180061,NORMAL
1270,4,HC-05 + HC-SR04 + nRF24L01+ + Arduino Uno / ATmega328P,4.15,60,40.19943890866839,4.861537816402263,0.0,0.0,0.0008999999999999,0.0,,0.0,"HC-05:active=43.11,idle=16.89,sleep=0.00,peak=0.00 | HC-SR04:active=31.55,idle=28.45,sleep=0.00,peak=0.00 | nRF24L01+:active=26.14,idle=14.41,sleep=19.45,peak=0.00 | Arduino Uno / ATmega328P:active=60.00,idle=0.00,sleep=0.00,peak=0.00",1,0.16429506583175202,NORMAL
1271,1,HC-SR501,3.3,720,720.0,0.0,0.0,65.0,0.0,0.0,2574.0,2675.6392691024903,"HC-SR501:active=720.00,idle=0.00,sleep=0.00,peak=0.00",1,0.11107812936405026,NORMAL
1272,3,INA219 + DHT22 / AM2302 + Arduino Uno / ATmega328P,3.3,60,60.0,0.0,0.0,0.0,0.0,0.0,,0.0,"INA219:active=60.00,idle=0.00,sleep=0.00,peak=0.00 | DHT22 / AM2302:active=60.00,idle=0.00,sleep=0.00,peak=0.00 | Arduino Uno / ATmega328P:active=60.00,idle=0.00,sleep=0.00,peak=0.00",1,0.219041555426161,NORMAL
1273,1,HC-SR04,5.0,30,26.931438709404333,0.0,0.0,15.0,0.0,0.0,34.175725268521354,34.595184436065544,"HC-SR04:active=26.93,idle=3.07,sleep=0.00,peak=0.00",1,0.13044451963325782,NORMAL
1274,1,nRF24L01+,3.3,360,86.04510634341102,272.8546009492485,0.0,11.3,0.0009,0.0,53.49211331374843,53.243339468668175,"nRF24L01+:active=86.05,idle=1.10,sleep=272.85,peak=0.00",1,0.16763847013803812,NORMAL
1275,1,Raspberry Pi Pico,3.3,120,0.0,120.0,0.0,0.0,1.3,0.0,8.58,8.789329833424206,"Raspberry Pi Pico:active=0.00,idle=0.00,sleep=120.00,peak=0.00",1,0.08705385457200854,NORMAL
1276,4,BME280 + HC-SR501 + DS18B20 + SSD1306 OLED controller,3.3,720,483.3328468853449,209.12207908317504,0.0242113325386152,0.0,0.0087118565734408,1.5,,0.0,"BME280:active=720.00,idle=0.00,sleep=0.00,peak=0.00 | HC-SR501:active=720.00,idle=0.00,sleep=0.00,peak=0.00 | DS18B20:active=493.33,idle=110.08,sleep=116.49,peak=0.10 | SSD1306 OLED controller:active=0.00,idle=0.00,sleep=720.00,peak=0.00",1,0.15077373567612634,NORMAL
1277,4,DS18B20 + HC-SR501 + BME280 + DHT22 / AM2302,3.3,360,293.7187780859249,52.09267169463746,0.0,0.0,0.0007499999999999,0.0,,0.0,"DS18B20:active=94.88,idle=56.75,sleep=208.37,peak=0.00 | HC-SR501:active=360.00,idle=0.00,sleep=0.00,peak=0.00 | BME280:active=360.00,idle=0.00,sleep=0.00,peak=0.00 | DHT22 / AM2302:active=360.00,idle=0.00,sleep=0.00,peak=0.00",1,0.19609810410512124,NORMAL
1278,2,HC-SR04 + ESP32-S3,4.15,1440,531.0073169651284,583.309665830646,0.0,34.743887317240016,0.007,0.0,2642.817882914764,2633.284062623495,"HC-SR04:active=788.63,idle=651.37,sleep=0.00,peak=0.00 | ESP32-S3:active=273.38,idle=0.00,sleep=1166.62,peak=0.00",1,0.06987019889067758,NORMAL
1279,2,HC-05 + HC-SR501,3.3,30,29.423443164946494,0.0,0.0,47.84291515635589,0.0,0.0,155.35473245917052,151.16027320599056,"HC-05:active=28.85,idle=1.15,sleep=0.00,peak=0.00 | HC-SR501:active=30.00,idle=0.00,sleep=0.00,peak=0.00",1,0.17659223007139663,NORMAL
1280,1,nRF24L01+,3.3,1440,374.8709104427575,890.122948927916,0.0,11.300000000000002,0.0009,0.0,233.2765907072456,233.07204151738284,"nRF24L01+:active=374.87,idle=175.01,sleep=890.12,peak=0.00",1,0.10230813731701993,NORMAL
1281,1,Arduino Uno / ATmega328P,5.0,1440,1440.0,0.0,0.0,0.0,0.0,0.0,,0.0,"Arduino Uno / ATmega328P:active=1440.00,idle=0.00,sleep=0.00,peak=0.00",1,0.03595125313074754,NORMAL
1282,3,HC-SR04 + HC-05 + MPU6050,3.3,720,520.5362748436868,102.52667983223638,0.0,17.306945891338376,0.01,0.0,1583.197241921795,1616.4120635230154,"HC-SR04:active=693.63,idle=26.37,sleep=0.00,peak=0.00 | HC-05:active=507.17,idle=212.83,sleep=0.00,peak=0.00 | MPU6050:active=360.81,idle=51.61,sleep=307.58,peak=0.00",1,0.17650552803407044,NORMAL
1283,2,Raspberry Pi Pico + HC-SR04,5.0,720,305.07247244545323,360.0,0.0,15.0,1.3,0.0,858.9903569651486,857.8562859715885,"Raspberry Pi Pico:active=0.00,idle=0.00,sleep=720.00,peak=0.00 | HC-SR04:active=610.14,idle=109.86,sleep=0.00,peak=0.00",1,0.016866979830976625,NORMAL
1284,4,INA219 + nRF24L01+ + HC-05 + DS18B20,3.3,360,217.8900991286712,88.55962566869292,0.7171883561910521,0.0,0.0008228482603037,13.5,,0.0,"INA219:active=360.00,idle=0.00,sleep=0.00,peak=0.00 | nRF24L01+:active=177.43,idle=7.67,sleep=172.04,peak=2.87 | HC-05:active=213.15,idle=146.85,sleep=0.00,peak=0.00 | DS18B20:active=120.99,idle=56.81,sleep=182.20,peak=0.00",1,0.12326285264994036,NORMAL
1285,2,BMP280 + ESP32-S3,3.3,1440,468.8972215930009,784.4616259015145,2.4651258917091483,25.8986007097394,0.0052465827821211,355.0,1432.5339344758668,1452.7752881652889,"BMP280:active=672.96,idle=368.35,sleep=398.69,peak=0.00 | ESP32-S3:active=264.84,idle=0.00,sleep=1170.23,peak=4.93",-1,-0.06460154961601894,ANOMALY
1286,2,HC-SR04 + BMP280,4.15,360,205.1684567781363,112.30586279160966,0.0,11.350848550618474,0.0001,0.0,329.00589241915424,325.9059330374421,"HC-SR04:active=310.49,idle=49.51,sleep=0.00,peak=0.00 | BMP280:active=99.84,idle=35.54,sleep=224.61,peak=0.00",1,0.16543446513857663,NORMAL
1287,4,Arduino Uno / ATmega328P + Raspberry Pi Pico + nRF24L01+ + ESP32-S3,3.3,360,153.39987028971495,196.73559620727687,0.0,0.0,0.5968869046394091,0.0,,0.0,"Arduino Uno / ATmega328P:active=360.00,idle=0.00,sleep=0.00,peak=0.00 | Raspberry Pi Pico:active=0.00,idle=0.00,sleep=360.00,peak=0.00 | nRF24L01+:active=111.85,idle=39.46,sleep=208.69,peak=0.00 | ESP32-S3:active=141.74,idle=0.00,sleep=218.26,peak=0.00",1,0.14789276531725182,NORMAL
1288,1,HC-SR501,3.3,30,30.0,0.0,0.0,65.0,0.0,0.0,107.25,107.26521764957344,"HC-SR501:active=30.00,idle=0.00,sleep=0.00,peak=0.00",1,0.14920931814686506,NORMAL
1289,4,BMP280 + SSD1306 OLED controller + INA219 + HC-SR04,3.3,60,32.78534240227289,17.854629778642938,0.0,0.0,0.0084171704953317,0.0,,0.0,"BMP280:active=32.68,idle=15.90,sleep=11.42,peak=0.00 | SSD1306 OLED controller:active=0.00,idle=0.00,sleep=60.00,peak=0.00 | INA219:active=60.00,idle=0.00,sleep=0.00,peak=0.00 | HC-SR04:active=38.46,idle=21.54,sleep=0.00,peak=0.00",1,0.2079535861298321,NORMAL
1290,1,ESP32-S3,3.3,360,288.84822040140614,67.73987144054152,3.4119081580523685,91.7,0.007,355.0,1523.449586230969,1503.2603707037097,"ESP32-S3:active=288.85,idle=0.00,sleep=67.74,peak=3.41",-1,-0.08917339811013436,ANOMALY
1291,1,HC-05,3.3,60,53.26407546205452,0.0,0.0,30.0,0.0,0.0,90.84953130908596,93.27785332220954,"HC-05:active=53.26,idle=6.74,sleep=0.00,peak=0.00",1,0.19061532208170595,NORMAL
1292,1,BME280,3.3,720,720.0,0.0,0.0,0.0,0.0,0.0,,0.0,"BME280:active=720.00,idle=0.00,sleep=0.00,peak=0.00",1,0.16551468003168956,NORMAL
1293,1,DHT22 / AM2302,3.3,60,60.0,0.0,0.0,2.5,0.0,0.0,8.25,8.279843587358583,"DHT22 / AM2302:active=60.00,idle=0.00,sleep=0.00,peak=0.00",1,0.20492480153696507,NORMAL
1294,3,HC-05 + BMP280 + DS18B20,3.3,1440,685.384472312231,532.2670511943528,0.0,14.49726428433804,0.0004782817990187,0.0,1841.4209258765875,1845.4241344587376,"HC-05:active=981.14,idle=458.86,sleep=0.00,peak=0.00 | BMP280:active=702.44,idle=70.05,sleep=667.51,peak=0.00 | DS18B20:active=372.57,idle=138.13,sleep=929.29,peak=0.00",1,0.13311145869201774,NORMAL
1295,4,BME280 + Raspberry Pi Pico + DS18B20 + Arduino Uno / ATmega328P,5.0,360,192.05379581788904,165.24260393949942,0.0,0.0,0.7083913540591065,0.0,,0.0,"BME280:active=360.00,idle=0.00,sleep=0.00,peak=0.00 | Raspberry Pi Pico:active=0.00,idle=0.00,sleep=360.00,peak=0.00 | DS18B20:active=48.22,idle=10.81,sleep=300.97,peak=0.00 | Arduino Uno / ATmega328P:active=360.00,idle=0.00,sleep=0.00,peak=0.00",1,0.05175220831402405,NORMAL
1296,4,BME280 + SSD1306 OLED controller + Raspberry Pi Pico + DS18B20,3.3,30,9.707113602940426,19.34639684222212,0.7441584446179662,0.0,0.5080150003013583,1.5,,0.0,"BME280:active=30.00,idle=0.00,sleep=0.00,peak=0.00 | SSD1306 OLED controller:active=0.00,idle=0.00,sleep=30.00,peak=0.00 | Raspberry Pi Pico:active=0.00,idle=0.00,sleep=30.00,peak=0.00 | DS18B20:active=8.83,idle=0.81,sleep=17.39,peak=2.98",1,0.10480865385194343,NORMAL
1297,2,INA219 + BME280,3.3,720,720.0,0.0,0.0,0.0,0.0,0.0,,0.0,"INA219:active=720.00,idle=0.00,sleep=0.00,peak=0.00 | BME280:active=720.00,idle=0.00,sleep=0.00,peak=0.00",1,0.17300933714450945,NORMAL
1298,4,MPU6050 + nRF24L01+ + ESP32 + Raspberry Pi Pico,3.3,360,80.68086009138818,246.0550157270322,0.7140238466671321,14.073790186257334,0.4802329318908463,240.0,313.6273985377198,316.52752652667533,"MPU6050:active=57.22,idle=53.74,sleep=249.04,peak=0.00 | nRF24L01+:active=160.69,idle=76.46,sleep=122.86,peak=0.00 | ESP32:active=104.82,idle=0.00,sleep=252.33,peak=2.86 | Raspberry Pi Pico:active=0.00,idle=0.00,sleep=360.00,peak=0.00",1,0.014265516277093715,NORMAL
1299,4,Raspberry Pi Pico + HC-SR501 + INA219 + BME280,3.3,1440,1080.0,360.0,0.0,0.0,1.3,0.0,,0.0,"Raspberry Pi Pico:active=0.00,idle=0.00,sleep=1440.00,peak=0.00 | HC-SR501:active=1440.00,idle=0.00,sleep=0.00,peak=0.00 | INA219:active=1440.00,idle=0.00,sleep=0.00,peak=0.00 | BME280:active=1440.00,idle=0.00,sleep=0.00,peak=0.00",1,0.025344939154907542,NORMAL
1300,4,Arduino Uno / ATmega328P + BME280 + BMP280 + ESP32,3.3,1440,1008.3684892866088,337.3603532397374,0.0,0.0,0.0062328827217092,0.0,,0.0,"Arduino Uno / ATmega328P:active=1440.00,idle=0.00,sleep=0.00,peak=0.00 | BME280:active=1440.00,idle=0.00,sleep=0.00,peak=0.00 | BMP280:active=742.82,idle=377.08,sleep=320.09,peak=0.00 | ESP32:active=410.65,idle=0.00,sleep=1029.35,peak=0.00",1,0.12495250353738058,NORMAL
1301,2,ESP32 + HC-05,3.3,360,215.7079831010782,120.53451750463977,0.0,28.31286377240349,0.00814,0.0,692.8187074916233,672.9619029854767,"ESP32:active=118.93,idle=0.00,sleep=241.07,peak=0.00 | HC-05:active=312.49,idle=47.51,sleep=0.00,peak=0.00",1,0.18650865033282277,NORMAL
1302,2,HC-SR04 + ESP32-S3,4.15,720,260.73071450319947,285.42717721732487,0.0,36.93732916480384,0.007,0.0,1380.6190163960464,1356.827623205295,"HC-SR04:active=372.32,idle=347.68,sleep=0.00,peak=0.00 | ESP32-S3:active=149.15,idle=0.00,sleep=570.85,peak=0.00",1,0.12846749268547214,NORMAL
1303,3,Arduino Uno / ATmega328P + BME280 + INA219,3.3,360,360.0,0.0,0.0,0.0,0.0,0.0,,0.0,"Arduino Uno / ATmega328P:active=360.00,idle=0.00,sleep=0.00,peak=0.00 | BME280:active=360.00,idle=0.00,sleep=0.00,peak=0.00 | INA219:active=360.00,idle=0.00,sleep=0.00,peak=0.00",1,0.1954486816332408,NORMAL
1304,3,Raspberry Pi Pico + HC-SR04 + ESP32-S3,4.15,720,402.2753154610471,269.00113726328914,0.0,55.23019099085837,1.160601070824728,0.0,4695.183965814223,4848.272885278838,"Raspberry Pi Pico:active=0.00,idle=0.00,sleep=720.00,peak=0.00 | HC-SR04:active=573.83,idle=146.17,sleep=0.00,peak=0.00 | ESP32-S3:active=633.00,idle=0.00,sleep=87.00,peak=0.00",1,0.025247629302896812,NORMAL
1305,4,INA219 + ESP32-S3 + HC-SR04 + Arduino Uno / ATmega328P,4.15,720,624.7124791315332,78.38384366388743,0.1903016286110012,0.0,0.007,355.0,,0.0,"INA219:active=720.00,idle=0.00,sleep=0.00,peak=0.00 | ESP32-S3:active=405.70,idle=0.00,sleep=313.54,peak=0.76 | HC-SR04:active=653.15,idle=66.85,sleep=0.00,peak=0.00 | Arduino Uno / ATmega328P:active=720.00,idle=0.00,sleep=0.00,peak=0.00",1,0.0002445551886979258,NORMAL
1306,4,HC-SR501 + SSD1306 OLED controller + BME280 + ESP32,3.3,120,82.04366658055736,37.95633341944265,0.0,0.0,0.0096101103866744,0.0,,0.0,"HC-SR501:active=120.00,idle=0.00,sleep=0.00,peak=0.00 | SSD1306 OLED controller:active=0.00,idle=0.00,sleep=120.00,peak=0.00 | BME280:active=120.00,idle=0.00,sleep=0.00,peak=0.00 | ESP32:active=88.17,idle=0.00,sleep=31.83,peak=0.00",1,0.20559170337871158,NORMAL
1307,3,Arduino Uno / ATmega328P + BME280 + ESP32-S3,3.3,360,264.5667502390201,94.17464275348532,1.258607007494586,0.0,0.007,355.0,,0.0,"Arduino Uno / ATmega328P:active=360.00,idle=0.00,sleep=0.00,peak=0.00 | BME280:active=360.00,idle=0.00,sleep=0.00,peak=0.00 | ESP32-S3:active=73.70,idle=0.00,sleep=282.52,peak=3.78",1,0.04253194020629436,NORMAL
1308,2,BMP280 + DS18B20,4.15,720,296.0751967566296,375.1467908535472,1.2194853372937926,0.8139723100055769,0.0002855370482572,1.5,33.6074149091124,34.07345700392668,"BMP280:active=110.46,idle=73.41,sleep=536.13,peak=0.00 | DS18B20:active=481.69,idle=21.70,sleep=214.17,peak=2.44",1,0.06862650810487314,NORMAL
1309,1,ESP32,3.3,30,16.1545552491097,13.845444750890303,0.0,23.88,0.00814,0.0,21.223591469795647,20.36584432305763,"ESP32:active=16.15,idle=0.00,sleep=13.85,peak=0.00",1,0.1827390567517972,NORMAL
1310,3,HC-SR501 + DHT22 / AM2302 + INA219,3.3,60,60.0,0.0,0.0,0.0,0.0,0.0,,0.0,"HC-SR501:active=60.00,idle=0.00,sleep=0.00,peak=0.00 | DHT22 / AM2302:active=60.00,idle=0.00,sleep=0.00,peak=0.00 | INA219:active=60.00,idle=0.00,sleep=0.00,peak=0.00",1,0.219041555426161,NORMAL
1311,3,DS18B20 + DHT22 / AM2302 + SSD1306 OLED controller,3.3,720,382.2367560885893,277.8542703075547,0.3007220521247045,1.9406445382203956,0.0087397998239965,2.5,122.92674488029787,124.486438414195,"DS18B20:active=427.61,idle=178.82,sleep=113.56,peak=0.00 | DHT22 / AM2302:active=719.10,idle=0.00,sleep=0.00,peak=0.90 | SSD1306 OLED controller:active=0.00,idle=0.00,sleep=720.00,peak=0.00",1,0.1402959168027047,NORMAL
1312,4,MPU6050 + INA219 + BMP280 + Arduino Uno / ATmega328P,3.3,360,208.14716208744736,132.59573749260784,0.0,0.0,0.0048213197744708,0.0,,0.0,"MPU6050:active=64.62,idle=42.44,sleep=252.94,peak=0.00 | INA219:active=360.00,idle=0.00,sleep=0.00,peak=0.00 | BMP280:active=47.96,idle=34.59,sleep=277.44,peak=0.00 | Arduino Uno / ATmega328P:active=360.00,idle=0.00,sleep=0.00,peak=0.00",1,0.1922846035284354,NORMAL
1313,1,BME280,3.3,1440,1440.0,0.0,0.0,0.0,0.0,0.0,,0.0,"BME280:active=1440.00,idle=0.00,sleep=0.00,peak=0.00",1,0.09909329927197102,NORMAL
1314,4,DS18B20 + BME280 + ESP32 + SSD1306 OLED controller,3.3,720,470.0293479700646,231.4143176804096,0.0,0.0,0.0086821847642338,0.0,,0.0,"DS18B20:active=532.47,idle=74.23,sleep=113.30,peak=0.00 | BME280:active=720.00,idle=0.00,sleep=0.00,peak=0.00 | ESP32:active=627.65,idle=0.00,sleep=92.35,peak=0.00 | SSD1306 OLED controller:active=0.00,idle=0.00,sleep=720.00,peak=0.00",1,0.17402604565085933,NORMAL
1315,4,MPU6050 + BME280 + HC-SR04 + ESP32,3.3,120,83.97672940565191,20.167413530460323,0.0,0.0,0.0085931934256426,0.0,,0.0,"MPU6050:active=81.58,idle=18.76,sleep=19.66,peak=0.00 | BME280:active=120.00,idle=0.00,sleep=0.00,peak=0.00 | HC-SR04:active=75.34,idle=44.66,sleep=0.00,peak=0.00 | ESP32:active=58.99,idle=0.00,sleep=61.01,peak=0.00",1,0.20528025644250786,NORMAL
1316,3,ESP32-S3 + BMP280 + Raspberry Pi Pico,3.3,360,75.86569349809717,263.8168663276958,0.0,41.9349317282351,0.5936049694004982,0.0,550.7745724743437,552.1320470673706,"ESP32-S3:active=104.08,idle=0.00,sleep=255.92,peak=0.00 | BMP280:active=123.52,idle=60.95,sleep=175.53,peak=0.00 | Raspberry Pi Pico:active=0.00,idle=0.00,sleep=360.00,peak=0.00",1,0.11861355210755309,NORMAL
1317,1,DS18B20,5.0,120,48.5609619590473,31.47049291221372,0.0,1.0,0.00075,0.0,4.051211769798169,3.881783381283406,"DS18B20:active=48.56,idle=39.97,sleep=31.47,peak=0.00",1,0.1342431123143969,NORMAL
1318,1,SSD1306 OLED controller,3.3,30,0.0,30.0,0.0,0.0,0.01,0.0,0.0165,0.0164183776548152,"SSD1306 OLED controller:active=0.00,idle=0.00,sleep=30.00,peak=0.00",1,0.18743377153075363,NORMAL
1319,3,INA219 + Raspberry Pi Pico + DS18B20,4.15,30,16.01240796249583,11.364325533723934,0.0,0.0,1.144020664100955,0.0,,0.0,"INA219:active=30.00,idle=0.00,sleep=0.00,peak=0.00 | Raspberry Pi Pico:active=0.00,idle=0.00,sleep=30.00,peak=0.00 | DS18B20:active=18.04,idle=7.87,sleep=4.09,peak=0.00",1,0.09245408384218662,NORMAL
1320,2,HC-05 + ESP32,3.3,60,42.69786763632789,4.274629934245959,0.0,26.312713643140736,0.00814,0.0,135.05267371315455,136.59974430373407,"HC-05:active=33.94,idle=26.06,sleep=0.00,peak=0.00 | ESP32:active=51.45,idle=0.00,sleep=8.55,peak=0.00",1,0.20201662618814709,NORMAL
1321,2,nRF24L01+ + HC-05,3.3,120,81.36872814168031,8.496639605215401,0.0,23.886114794184053,0.0009,0.0,218.4724603403336,220.5454556799432,"nRF24L01+:active=53.21,idle=49.80,sleep=16.99,peak=0.00 | HC-05:active=109.53,idle=10.47,sleep=0.00,peak=0.00",1,0.20554367169742827,NORMAL
1322,2,HC-05 + ESP32,3.3,120,46.43033811450239,47.04206092123628,0.0,28.29200926845579,0.00814,0.0,167.88324149993298,166.29835784534637,"HC-05:active=66.94,idle=53.06,sleep=0.00,peak=0.00 | ESP32:active=25.92,idle=0.00,sleep=94.08,peak=0.00",1,0.19704275685402534,NORMAL
1323,3,BME280 + MPU6050 + Raspberry Pi Pico,3.3,1440,675.7248860101058,706.6233932225018,0.0,0.0,0.8862800749861759,0.0,,0.0,"BME280:active=1440.00,idle=0.00,sleep=0.00,peak=0.00 | MPU6050:active=587.17,idle=172.96,sleep=679.87,peak=0.00 | Raspberry Pi Pico:active=0.00,idle=0.00,sleep=1440.00,peak=0.00",1,0.07161357737289287,NORMAL
1324,4,SSD1306 OLED controller + Raspberry Pi Pico + DS18B20 + HC-05,3.3,1440,301.74638053305586,985.6459046145992,0.0,25.307783968828783,0.478670110857855,0.0,1972.2948079992384,2049.0357124753823,"SSD1306 OLED controller:active=0.00,idle=0.00,sleep=1440.00,peak=0.00 | Raspberry Pi Pico:active=0.00,idle=0.00,sleep=1440.00,peak=0.00 | DS18B20:active=195.29,idle=182.13,sleep=1062.58,peak=0.00 | HC-05:active=1011.69,idle=428.31,sleep=0.00,peak=0.00",1,0.04893592895134513,NORMAL
1325,4,HC-SR04 + HC-SR501 + SSD1306 OLED controller + Raspberry Pi Pico,4.15,1440,649.8324632768238,720.0,0.0,42.699447191717375,0.655,0.0,7846.106759585644,7830.833416825136,"HC-SR04:active=1159.33,idle=280.67,sleep=0.00,peak=0.00 | HC-SR501:active=1440.00,idle=0.00,sleep=0.00,peak=0.00 | SSD1306 OLED controller:active=0.00,idle=0.00,sleep=1440.00,peak=0.00 | Raspberry Pi Pico:active=0.00,idle=0.00,sleep=1440.00,peak=0.00",-1,-0.0002004622964816294,ANOMALY
1326,4,DS18B20 + HC-SR501 + DHT22 / AM2302 + MPU6050,3.3,30,21.59322004850493,5.346437093081733,0.823916791397369,24.34309362040934,0.0035379130731199,1.5,115.91987201235192,114.10605646114232,"DS18B20:active=8.71,idle=3.05,sleep=14.94,peak=3.30 | HC-SR501:active=30.00,idle=0.00,sleep=0.00,peak=0.00 | DHT22 / AM2302:active=30.00,idle=0.00,sleep=0.00,peak=0.00 | MPU6050:active=17.66,idle=5.90,sleep=6.45,peak=0.00",1,0.1213464587508119,NORMAL
1327,2,HC-05 + SSD1306 OLED controller,3.3,1440,719.794419694858,720.0,0.0,30.0,0.01,0.0,2376.2944956615565,2349.362345818491,"HC-05:active=1439.59,idle=0.41,sleep=0.00,peak=0.00 | SSD1306 OLED controller:active=0.00,idle=0.00,sleep=1440.00,peak=0.00",1,0.10448187276713139,NORMAL
1328,2,BME280 + SSD1306 OLED controller,3.3,360,180.0,180.0,0.0,0.0,0.01,0.0,,0.0,"BME280:active=360.00,idle=0.00,sleep=0.00,peak=0.00 | SSD1306 OLED controller:active=0.00,idle=0.00,sleep=360.00,peak=0.00",1,0.19716232252392502,NORMAL
1329,2,MPU6050 + Raspberry Pi Pico,3.3,720,227.77819205962703,443.327052471568,0.0,3.9,1.05753363777588,0.0,149.31539626680657,151.5189110320995,"MPU6050:active=455.56,idle=97.79,sleep=166.65,peak=0.00 | Raspberry Pi Pico:active=0.00,idle=0.00,sleep=720.00,peak=0.00",1,0.09143806031722729,NORMAL
1330,4,SSD1306 OLED controller + Raspberry Pi Pico + HC-SR501 + DHT22 / AM2302,3.3,720,360.0,360.0,0.0,33.75,0.655,0.0,2724.876,2722.7313013111643,"SSD1306 OLED controller:active=0.00,idle=0.00,sleep=720.00,peak=0.00 | Raspberry Pi Pico:active=0.00,idle=0.00,sleep=720.00,peak=0.00 | HC-SR501:active=720.00,idle=0.00,sleep=0.00,peak=0.00 | DHT22 / AM2302:active=720.00,idle=0.00,sleep=0.00,peak=0.00",1,0.09752767048008659,NORMAL
1331,1,ESP32,3.3,720,202.41713033611097,517.582869663889,0.0,23.88,0.00814,0.0,266.0863808341966,267.5294540047868,"ESP32:active=202.42,idle=0.00,sleep=517.58,peak=0.00",1,0.13841802439644907,NORMAL
1332,4,BME280 + nRF24L01+ + MPU6050 + HC-05,3.3,60,34.36815741642296,17.75665573814991,0.0,0.0,0.0051231558644187,0.0,,0.0,"BME280:active=60.00,idle=0.00,sleep=0.00,peak=0.00 | nRF24L01+:active=16.44,idle=5.50,sleep=38.06,peak=0.00 | MPU6050:active=17.46,idle=9.58,sleep=32.96,peak=0.00 | HC-05:active=43.58,idle=16.42,sleep=0.00,peak=0.00",1,0.20810812660559191,NORMAL
1333,3,SSD1306 OLED controller + DHT22 / AM2302 + nRF24L01+,3.3,360,177.7957365246583,159.48976006434648,0.0,5.3605999860207865,0.0077468345526347,0.0,157.56146019922812,158.5791663497961,"SSD1306 OLED controller:active=0.00,idle=0.00,sleep=360.00,peak=0.00 | DHT22 / AM2302:active=360.00,idle=0.00,sleep=0.00,peak=0.00 | nRF24L01+:active=173.39,idle=68.14,sleep=118.47,peak=0.00",1,0.19815991352194595,NORMAL
1334,3,ESP32-S3 + DHT22 / AM2302 + nRF24L01+,3.3,60,36.81591787679181,22.88975854129966,0.159520546090562,26.38230972710021,0.0038106750015754,2.5,160.343449197992,163.4117855142954,"ESP32-S3:active=27.23,idle=0.00,sleep=32.77,peak=0.00 | DHT22 / AM2302:active=59.52,idle=0.00,sleep=0.00,peak=0.48 | nRF24L01+:active=23.69,idle=0.40,sleep=35.90,peak=0.00",1,0.17157839261614605,NORMAL
1335,2,nRF24L01+ + HC-SR04,4.15,720,458.3164187568075,91.32834629994926,0.0,13.78287202422012,0.0009,0.0,888.7862812386966,893.4304453069401,"nRF24L01+:active=301.53,idle=235.81,sleep=182.66,peak=0.00 | HC-SR04:active=615.10,idle=104.90,sleep=0.00,peak=0.00",1,0.1447624925520215,NORMAL
1336,3,Arduino Uno / ATmega328P + ESP32 + HC-05,3.3,720,560.3551890096927,65.28105952517035,0.0,0.0,0.00814,0.0,,0.0,"Arduino Uno / ATmega328P:active=720.00,idle=0.00,sleep=0.00,peak=0.00 | ESP32:active=524.16,idle=0.00,sleep=195.84,peak=0.00 | HC-05:active=436.91,idle=283.09,sleep=0.00,peak=0.00",1,0.18183577488577463,NORMAL
1337,2,Raspberry Pi Pico + DHT22 / AM2302,3.3,720,360.0,360.0,0.0,2.5,1.3,0.0,150.48000000000002,151.86364764746122,"Raspberry Pi Pico:active=0.00,idle=0.00,sleep=720.00,peak=0.00 | DHT22 / AM2302:active=720.00,idle=0.00,sleep=0.00,peak=0.00",1,0.08536826185529389,NORMAL
1338,4,nRF24L01+ + BME280 + HC-SR501 + ESP32,3.3,120,89.30562771631446,24.07675603966077,0.5579387440425378,0.0,0.0040133144541162,240.0,,0.0,"nRF24L01+:active=40.87,idle=24.24,sleep=54.89,peak=0.00 | BME280:active=120.00,idle=0.00,sleep=0.00,peak=0.00 | HC-SR501:active=120.00,idle=0.00,sleep=0.00,peak=0.00 | ESP32:active=76.35,idle=0.00,sleep=41.41,peak=2.23",1,0.07759311901162091,NORMAL
1339,4,Raspberry Pi Pico + MPU6050 + HC-SR04 + ESP32-S3,3.3,360,176.26734513593175,156.22449469112038,0.0,45.24072246878116,0.7528665585132838,0.0,1790.818319791268,1831.163195377476,"Raspberry Pi Pico:active=0.00,idle=0.00,sleep=360.00,peak=0.00 | MPU6050:active=142.44,idle=14.06,sleep=203.50,peak=0.00 | HC-SR04:active=264.03,idle=95.97,sleep=0.00,peak=0.00 | ESP32-S3:active=298.60,idle=0.00,sleep=61.40,peak=0.00",1,0.10585956201589392,NORMAL
1340,1,HC-SR501,3.3,120,120.0,0.0,0.0,65.0,0.0,0.0,429.0,430.8353393014642,"HC-SR501:active=120.00,idle=0.00,sleep=0.00,peak=0.00",1,0.1444546867659608,NORMAL
1341,4,BMP280 + DS18B20 + ESP32-S3 + MPU6050,3.3,720,271.73597699521804,311.3915264381947,0.0,19.11608447599724,0.0051728040029643,0.0,1143.1799668702408,1154.9011404239095,"BMP280:active=325.25,idle=316.30,sleep=78.45,peak=0.00 | DS18B20:active=166.51,idle=153.39,sleep=400.10,peak=0.00 | ESP32-S3:active=208.31,idle=0.00,sleep=511.69,peak=0.00 | MPU6050:active=386.87,idle=77.80,sleep=255.33,peak=0.00",1,0.16248641831817984,NORMAL
1342,1,HC-SR04,5.0,120,97.82947431840896,0.0,0.0,15.0,0.0,0.0,125.98193051160972,125.49059489645164,"HC-SR04:active=97.83,idle=22.17,sleep=0.00,peak=0.00",1,0.13693055746335553,NORMAL
1343,2,BME280 + DHT22 / AM2302,3.3,30,30.0,0.0,0.0,0.0,0.0,0.0,,0.0,"BME280:active=30.00,idle=0.00,sleep=0.00,peak=0.00 | DHT22 / AM2302:active=30.00,idle=0.00,sleep=0.00,peak=0.00",1,0.21199258606347476,NORMAL
1344,2,HC-SR04 + DHT22 / AM2302,4.15,720,591.9772029345593,0.0,0.0,7.398355920308208,0.0,0.0,641.2723366106493,635.1883703009493,"HC-SR04:active=463.95,idle=256.05,sleep=0.00,peak=0.00 | DHT22 / AM2302:active=720.00,idle=0.00,sleep=0.00,peak=0.00",1,0.13811736297896848,NORMAL
1345,3,Raspberry Pi Pico + Arduino Uno / ATmega328P + MPU6050,4.15,60,28.42501246285886,26.783109151344533,0.0,0.0,0.973293688354506,0.0,,0.0,"Raspberry Pi Pico:active=0.00,idle=0.00,sleep=60.00,peak=0.00 | Arduino Uno / ATmega328P:active=60.00,idle=0.00,sleep=0.00,peak=0.00 | MPU6050:active=25.28,idle=14.38,sleep=20.35,peak=0.00",1,0.11403974650160487,NORMAL
1346,4,ESP32 + Raspberry Pi Pico + ESP32-S3 + SSD1306 OLED controller,3.3,30,8.08750784322511,21.91249215677489,0.0,72.47001320399536,0.4508534749328425,0.0,131.11584715223728,133.04583074023796,"ESP32:active=9.17,idle=0.00,sleep=20.83,peak=0.00 | Raspberry Pi Pico:active=0.00,idle=0.00,sleep=30.00,peak=0.00 | ESP32-S3:active=23.18,idle=0.00,sleep=6.82,peak=0.00 | SSD1306 OLED controller:active=0.00,idle=0.00,sleep=30.00,peak=0.00",1,0.07931641074416518,NORMAL
1347,1,BME280,3.3,360,360.0,0.0,0.0,0.0,0.0,0.0,,0.0,"BME280:active=360.00,idle=0.00,sleep=0.00,peak=0.00",1,0.18200890968177708,NORMAL
1348,1,Raspberry Pi Pico,3.3,1440,0.0,1440.0,0.0,0.0,1.3,0.0,102.96,103.00121880497628,"Raspberry Pi Pico:active=0.00,idle=0.00,sleep=1440.00,peak=0.00",-1,-0.027545080786266718,ANOMALY
1349,1,DS18B20,5.0,360,120.90769514871756,232.0197184299735,0.0,1.0,0.00075,0.0,10.090584531446336,9.711524651563968,"DS18B20:active=120.91,idle=7.07,sleep=232.02,peak=0.00",1,0.10225122773212403,NORMAL
1350,3,DHT22 / AM2302 + BME280 + SSD1306 OLED controller,3.3,360,240.0,120.0,0.0,0.0,0.01,0.0,,0.0,"DHT22 / AM2302:active=360.00,idle=0.00,sleep=0.00,peak=0.00 | BME280:active=360.00,idle=0.00,sleep=0.00,peak=0.00 | SSD1306 OLED controller:active=0.00,idle=0.00,sleep=360.00,peak=0.00",1,0.20179292555117895,NORMAL
1351,2,ESP32-S3 + DS18B20,4.15,720,341.80310049577355,378.1118574343392,0.0,56.28921865091376,0.0032565745227361,0.0,2661.68008737496,2647.1265413483625,"ESP32-S3:active=416.72,idle=0.00,sleep=303.28,peak=0.00 | DS18B20:active=266.89,idle=0.17,sleep=452.94,peak=0.00",1,0.10080206151040405,NORMAL
1352,2,DHT22 / AM2302 + HC-05,3.3,120,114.80953771541216,0.0,0.0,15.6283717116779,0.0,0.0,201.9390812712974,202.2982374816292,"DHT22 / AM2302:active=120.00,idle=0.00,sleep=0.00,peak=0.00 | HC-05:active=109.62,idle=10.38,sleep=0.00,peak=0.00",1,0.20539828011456046,NORMAL
1353,4,DHT22 / AM2302 + DS18B20 + HC-05 + HC-SR04,4.15,30,19.19691402089149,5.38175350849131,0.7153404344811042,12.343129875399931,0.00075,1.5,74.28096497800097,73.31218910917626,"DHT22 / AM2302:active=30.00,idle=0.00,sleep=0.00,peak=0.00 | DS18B20:active=4.50,idle=1.11,sleep=21.53,peak=2.86 | HC-05:active=15.60,idle=14.40,sleep=0.00,peak=0.00 | HC-SR04:active=26.69,idle=3.31,sleep=0.00,peak=0.00",1,0.09129290494734621,NORMAL
1354,2,DS18B20 + HC-SR04,5.0,1440,649.2421041622292,504.0865724754343,0.0,10.738008615928388,0.00075,0.0,1251.4616263088546,1264.9707670436678,"DS18B20:active=395.29,idle=36.53,sleep=1008.17,peak=0.00 | HC-SR04:active=903.19,idle=536.81,sleep=0.00,peak=0.00",1,0.052234554459647975,NORMAL
1355,3,Raspberry Pi Pico + HC-05 + ESP32,3.3,120,53.67974600732541,63.67437614777466,0.0,28.13872409228642,0.8196815199369166,0.0,261.3334835801556,258.3854411322334,"Raspberry Pi Pico:active=0.00,idle=0.00,sleep=120.00,peak=0.00 | HC-05:active=112.06,idle=7.94,sleep=0.00,peak=0.00 | ESP32:active=48.98,idle=0.00,sleep=71.02,peak=0.00",1,0.13504553263232633,NORMAL
1356,3,HC-SR04 + DS18B20 + INA219,5.0,30,25.123158483496518,1.7754242492141348,0.0,0.0,0.0007499999999999,0.0,,0.0,"HC-SR04:active=22.55,idle=7.45,sleep=0.00,peak=0.00 | DS18B20:active=22.82,idle=1.85,sleep=5.33,peak=0.00 | INA219:active=30.00,idle=0.00,sleep=0.00,peak=0.00",1,0.1400600904240637,NORMAL
1357,1,INA219,3.3,60,60.0,0.0,0.0,0.0,0.0,0.0,,0.0,"INA219:active=60.00,idle=0.00,sleep=0.00,peak=0.00",1,0.20809052361625596,NORMAL
1358,3,INA219 + BME280 + nRF24L01+,3.3,60,43.42130136030215,13.565494949800623,0.0,0.0,0.0008999999999999,0.0,,0.0,"INA219:active=60.00,idle=0.00,sleep=0.00,peak=0.00 | BME280:active=60.00,idle=0.00,sleep=0.00,peak=0.00 | nRF24L01+:active=10.26,idle=9.04,sleep=40.70,peak=0.00",1,0.22337102469521253,NORMAL
1359,4,Arduino Uno / ATmega328P + nRF24L01+ + HC-SR04 + ESP32-S3,4.15,120,97.70434810552068,14.634921169737392,0.0,0.0,0.0022489697578815,0.0,,0.0,"Arduino Uno / ATmega328P:active=120.00,idle=0.00,sleep=0.00,peak=0.00 | nRF24L01+:active=63.33,idle=11.08,sleep=45.59,peak=0.00 | HC-SR04:active=100.43,idle=19.57,sleep=0.00,peak=0.00 | ESP32-S3:active=107.05,idle=0.00,sleep=12.95,peak=0.00",1,0.1634981245286828,NORMAL
1360,4,ESP32-S3 + HC-SR04 + HC-SR501 + SSD1306 OLED controller,3.3,60,41.29858739930231,17.470558780297583,0.2806080975343911,55.90903846505,0.0095757619184309,355.0,530.3425537171794,523.7132288782794,"ESP32-S3:active=49.00,idle=0.00,sleep=9.88,peak=1.12 | HC-SR04:active=56.20,idle=3.80,sleep=0.00,peak=0.00 | HC-SR501:active=60.00,idle=0.00,sleep=0.00,peak=0.00 | SSD1306 OLED controller:active=0.00,idle=0.00,sleep=60.00,peak=0.00",1,0.00842236903157112,NORMAL
1361,2,ESP32 + ESP32-S3,3.3,720,182.11389223610405,536.6770971345106,1.209010629385302,59.47676337052458,0.0075809053237874,355.0,1239.1293361377234,1245.331153079272,"ESP32:active=173.06,idle=0.00,sleep=546.94,peak=0.00 | ESP32-S3:active=191.17,idle=0.00,sleep=526.41,peak=2.42",-1,-0.022959206172404767,ANOMALY
1362,1,Arduino Uno / ATmega328P,5.0,60,60.0,0.0,0.0,0.0,0.0,0.0,,0.0,"Arduino Uno / ATmega328P:active=60.00,idle=0.00,sleep=0.00,peak=0.00",1,0.143611958627068,NORMAL
1363,2,HC-05 + DS18B20,4.15,1440,1158.8515390236494,245.64097524189705,0.0,18.94698625072141,0.00075,0.0,3040.5117789449287,3016.9487410991524,"HC-05:active=1434.34,idle=5.66,sleep=0.00,peak=0.00 | DS18B20:active=883.37,idle=65.35,sleep=491.28,peak=0.00",1,0.07633353401190779,NORMAL
1364,1,Arduino Uno / ATmega328P,5.0,1440,1440.0,0.0,0.0,0.0,0.0,0.0,,0.0,"Arduino Uno / ATmega328P:active=1440.00,idle=0.00,sleep=0.00,peak=0.00",1,0.03595125313074754,NORMAL
1365,1,ESP32,3.3,120,65.15095871096548,54.84904128903451,0.0,23.88,0.00814,0.0,85.59382508676715,86.04300168559118,"ESP32:active=65.15,idle=0.00,sleep=54.85,peak=0.00",1,0.1844692953248978,NORMAL
1366,2,ESP32 + DHT22 / AM2302,3.3,120,98.69427483061462,21.30572516938538,0.0,10.882285571259091,0.00814,0.0,118.16119827137511,119.5067449423376,"ESP32:active=77.39,idle=0.00,sleep=42.61,peak=0.00 | DHT22 / AM2302:active=120.00,idle=0.00,sleep=0.00,peak=0.00",1,0.20732575626717592,NORMAL
1367,2,DHT22 / AM2302 + INA219,3.3,30,30.0,0.0,0.0,0.0,0.0,0.0,,0.0,"DHT22 / AM2302:active=30.00,idle=0.00,sleep=0.00,peak=0.00 | INA219:active=30.00,idle=0.00,sleep=0.00,peak=0.00",1,0.21199258606347476,NORMAL
1368,1,HC-SR04,5.0,360,340.6050449329951,0.0,0.0,15.0,0.0,0.0,428.98879867741135,434.5207376719392,"HC-SR04:active=340.61,idle=19.39,sleep=0.00,peak=0.00",1,0.11892823573119088,NORMAL
1369,4,BMP280 + nRF24L01+ + HC-05 + INA219,3.3,120,66.41765073171054,41.417258947331305,0.0,0.0,0.0004563939427561,0.0,,0.0,"BMP280:active=25.47,idle=2.66,sleep=91.86,peak=0.00 | nRF24L01+:active=44.14,idle=2.05,sleep=73.80,peak=0.00 | HC-05:active=76.06,idle=43.94,sleep=0.00,peak=0.00 | INA219:active=120.00,idle=0.00,sleep=0.00,peak=0.00",1,0.20598827704604378,NORMAL
1370,3,DS18B20 + HC-SR04 + HC-SR501,5.0,360,335.93594143051155,16.424897298529494,0.0,28.640382805032253,0.00075,0.0,2408.0013594724155,2446.3121437764603,"DS18B20:active=303.79,idle=6.93,sleep=49.27,peak=0.00 | HC-SR04:active=344.01,idle=15.99,sleep=0.00,peak=0.00 | HC-SR501:active=360.00,idle=0.00,sleep=0.00,peak=0.00",1,0.09511310383926763,NORMAL
1371,4,Arduino Uno / ATmega328P + SSD1306 OLED controller + HC-SR501 + DHT22 / AM2302,3.3,720,540.0,180.0,0.0,0.0,0.01,0.0,,0.0,"Arduino Uno / ATmega328P:active=720.00,idle=0.00,sleep=0.00,peak=0.00 | SSD1306 OLED controller:active=0.00,idle=0.00,sleep=720.00,peak=0.00 | HC-SR501:active=720.00,idle=0.00,sleep=0.00,peak=0.00 | DHT22 / AM2302:active=720.00,idle=0.00,sleep=0.00,peak=0.00",1,0.17182330420996533,NORMAL
1372,1,MPU6050,3.3,1440,783.2537851065767,251.02647802091215,0.0,3.9,0.01,0.0,168.25757439591212,167.96381637438432,"MPU6050:active=783.25,idle=405.72,sleep=251.03,peak=0.00",1,0.1289423195774025,NORMAL
1373,1,SSD1306 OLED controller,3.3,720,0.0,720.0,0.0,0.0,0.01,0.0,0.396,0.3933073417608975,"SSD1306 OLED controller:active=0.00,idle=0.00,sleep=720.00,peak=0.00",1,0.1297644497890389,NORMAL
1374,3,INA219 + BMP280 + DS18B20,3.3,360,282.7505842674787,43.33585123302473,0.0,0.0,0.0002925227337156,0.0,,0.0,"INA219:active=360.00,idle=0.00,sleep=0.00,peak=0.00 | BMP280:active=233.85,idle=34.65,sleep=91.50,peak=0.00 | DS18B20:active=254.40,idle=67.09,sleep=38.51,peak=0.00",1,0.2056438787259765,NORMAL
1375,1,HC-SR501,3.3,60,60.0,0.0,0.0,65.0,0.0,0.0,214.5,219.74534646022911,"HC-SR501:active=60.00,idle=0.00,sleep=0.00,peak=0.00",1,0.14921157356635956,NORMAL
1376,3,DS18B20 + HC-SR04 + ESP32,5.0,30,12.047516280542576,13.568675553147022,0.0,15.326231875144334,0.004315695962568,0.0,47.83312757480618,46.07554489008825,"DS18B20:active=5.73,idle=3.21,sleep=21.07,peak=0.00 | HC-SR04:active=20.05,idle=9.95,sleep=0.00,peak=0.00 | ESP32:active=10.36,idle=0.00,sleep=19.64,peak=0.00",1,0.11927792271495469,NORMAL
1377,4,HC-SR04 + ESP32-S3 + BMP280 + HC-SR501,3.3,120,81.98163477213558,17.80021338197167,0.0,50.458983530777815,0.003662425055623,0.0,915.1240120539378,931.5802018541214,"HC-SR04:active=74.24,idle=45.76,sleep=0.00,peak=0.00 | ESP32-S3:active=83.24,idle=0.00,sleep=36.76,peak=0.00 | BMP280:active=50.44,idle=35.12,sleep=34.44,peak=0.00 | HC-SR501:active=120.00,idle=0.00,sleep=0.00,peak=0.00",1,0.1646043098891754,NORMAL
1378,3,BMP280 + HC-05 + MPU6050,3.3,60,36.76431000088723,9.63666760444466,0.3925154297020798,11.388175838522002,0.0028845842399181,0.03685,79.46105297258043,80.0973681852196,"BMP280:active=32.08,idle=5.97,sleep=20.78,peak=1.18 | HC-05:active=36.43,idle=23.57,sleep=0.00,peak=0.00 | MPU6050:active=41.78,idle=10.09,sleep=8.13,peak=0.00",1,0.18791869918967602,NORMAL
1379,3,nRF24L01+ + ESP32 + SSD1306 OLED controller,3.3,720,219.55232270810447,486.4205308136259,0.0,19.440069661763506,0.0068476378090009,0.0,704.8483175701836,697.153015057531,"nRF24L01+:active=232.46,idle=42.08,sleep=445.46,peak=0.00 | ESP32:active=426.19,idle=0.00,sleep=293.81,peak=0.00 | SSD1306 OLED controller:active=0.00,idle=0.00,sleep=720.00,peak=0.00",1,0.15562083406743754,NORMAL
1380,4,HC-05 + ESP32-S3 + BME280 + BMP280,3.3,60,40.01399542358028,17.2152802773026,0.0,0.0,0.0028345892171632,0.0,,0.0,"HC-05:active=50.97,idle=9.03,sleep=0.00,peak=0.00 | ESP32-S3:active=32.71,idle=0.00,sleep=27.29,peak=0.00 | BME280:active=60.00,idle=0.00,sleep=0.00,peak=0.00 | BMP280:active=16.37,idle=2.06,sleep=41.57,peak=0.00",1,0.2094294066921965,NORMAL
1381,1,SSD1306 OLED controller,3.3,1440,0.0,1440.0,0.0,0.0,0.01,0.0,0.792,0.7765666613239882,"SSD1306 OLED controller:active=0.00,idle=0.00,sleep=1440.00,peak=0.00",1,0.0370809297421284,NORMAL
1382,3,ESP32-S3 + Arduino Uno / ATmega328P + Raspberry Pi Pico,4.15,120,55.2107134906175,63.14955399781147,1.6397325115710335,0.0,0.8260081596109519,355.0,,0.0,"ESP32-S3:active=45.63,idle=0.00,sleep=69.45,peak=4.92 | Arduino Uno / ATmega328P:active=120.00,idle=0.00,sleep=0.00,peak=0.00 | Raspberry Pi Pico:active=0.00,idle=0.00,sleep=120.00,peak=0.00",-1,-0.030416103093009683,ANOMALY
1383,3,HC-SR501 + Raspberry Pi Pico + SSD1306 OLED controller,3.3,60,20.0,40.0,0.0,65.0,0.6549999999999999,0.0,218.823,218.77572377474056,"HC-SR501:active=60.00,idle=0.00,sleep=0.00,peak=0.00 | Raspberry Pi Pico:active=0.00,idle=0.00,sleep=60.00,peak=0.00 | SSD1306 OLED controller:active=0.00,idle=0.00,sleep=60.00,peak=0.00",1,0.10807727626141439,NORMAL
1384,4,Raspberry Pi Pico + Arduino Uno / ATmega328P + nRF24L01+ + ESP32,3.3,120,42.94878273037237,74.85454212665348,0.0,0.0,0.5239886690976704,0.0,,0.0,"Raspberry Pi Pico:active=0.00,idle=0.00,sleep=120.00,peak=0.00 | Arduino Uno / ATmega328P:active=120.00,idle=0.00,sleep=0.00,peak=0.00 | nRF24L01+:active=32.66,idle=8.79,sleep=78.55,peak=0.00 | ESP32:active=19.14,idle=0.00,sleep=100.86,peak=0.00",1,0.16420775633975704,NORMAL
1385,2,HC-SR501 + INA219,3.3,120,120.0,0.0,0.0,0.0,0.0,0.0,,0.0,"HC-SR501:active=120.00,idle=0.00,sleep=0.00,peak=0.00 | INA219:active=120.00,idle=0.00,sleep=0.00,peak=0.00",1,0.21399336619511816,NORMAL
1386,4,BMP280 + BME280 + MPU6050 + ESP32-S3,3.3,30,14.589428341541694,12.016242798840883,0.6106639538293278,0.0,0.006093549788359,0.03685,,0.0,"BMP280:active=6.49,idle=6.48,sleep=14.59,peak=2.44 | BME280:active=30.00,idle=0.00,sleep=0.00,peak=0.00 | MPU6050:active=6.32,idle=4.66,sleep=19.03,peak=0.00 | ESP32-S3:active=15.55,idle=0.00,sleep=14.45,peak=0.00",1,0.16220451529478835,NORMAL
1387,1,BMP280,3.3,1440,748.2054050671238,385.8787996524693,0.0,0.00274,0.0001,0.0,0.1165594248157463,0.11977717764963,"BMP280:active=748.21,idle=305.92,sleep=385.88,peak=0.00",1,0.13743087988715053,NORMAL
1388,4,Arduino Uno / ATmega328P + HC-05 + BMP280 + ESP32,3.3,120,58.43521425881717,45.78210458687944,0.2359208911290189,0.0,0.0042735451174551,240.00000000000003,,0.0,"Arduino Uno / ATmega328P:active=120.00,idle=0.00,sleep=0.00,peak=0.00 | HC-05:active=66.68,idle=53.32,sleep=0.00,peak=0.00 | BMP280:active=23.06,idle=8.87,sleep=88.07,peak=0.00 | ESP32:active=23.99,idle=0.00,sleep=95.06,peak=0.94",1,0.08281226757648752,NORMAL
1389,3,DHT22 / AM2302 + ESP32 + SSD1306 OLED controller,3.3,120,63.2900461220413,55.12289185275329,1.5870620252054104,10.36760662378204,0.0094897114810075,240.0,171.2014074842488,169.8958481240901,"DHT22 / AM2302:active=120.00,idle=0.00,sleep=0.00,peak=0.00 | ESP32:active=69.87,idle=0.00,sleep=45.37,peak=4.76 | SSD1306 OLED controller:active=0.00,idle=0.00,sleep=120.00,peak=0.00",1,0.05521619396397559,NORMAL
1390,4,MPU6050 + ESP32 + DS18B20 + HC-SR04,4.15,60,29.260003392411832,20.803171720141336,0.0,12.7333969458312,0.0062969643588423,0.0,105.917828704649,105.14101637129802,"MPU6050:active=22.93,idle=8.92,sleep=28.15,peak=0.00 | ESP32:active=32.78,idle=0.00,sleep=27.22,peak=0.00 | DS18B20:active=21.56,idle=10.60,sleep=27.84,peak=0.00 | HC-SR04:active=39.78,idle=20.22,sleep=0.00,peak=0.00",1,0.1564777935738323,NORMAL
1391,4,HC-05 + HC-SR04 + DS18B20 + Raspberry Pi Pico,5.0,1440,809.9960735156687,459.4965711792078,0.0,15.757926531954665,1.0186683683561832,0.0,4679.244019444713,4572.13606605735,"HC-05:active=1126.75,idle=313.25,sleep=0.00,peak=0.00 | HC-SR04:active=1081.41,idle=358.59,sleep=0.00,peak=0.00 | DS18B20:active=1031.83,idle=10.19,sleep=397.99,peak=0.00 | Raspberry Pi Pico:active=0.00,idle=0.00,sleep=1440.00,peak=0.00",-1,-0.03527850311734482,ANOMALY
1392,4,nRF24L01+ + Arduino Uno / ATmega328P + DS18B20 + SSD1306 OLED controller,4.15,60,31.627065860835337,18.413483572299125,0.0,0.0,0.0082988291137233,0.0,,0.0,"nRF24L01+:active=35.15,idle=18.18,sleep=6.67,peak=0.00 | Arduino Uno / ATmega328P:active=60.00,idle=0.00,sleep=0.00,peak=0.00 | DS18B20:active=31.36,idle=21.66,sleep=6.98,peak=0.00 | SSD1306 OLED controller:active=0.00,idle=0.00,sleep=60.00,peak=0.00",1,0.1641402933393265,NORMAL
1393,1,DS18B20,5.0,1440,297.41263166886074,881.2708626993059,0.9662965055718292,1.0,0.0007499999999999,1.5,24.97652435259064,25.35630360617576,"DS18B20:active=297.41,idle=260.35,sleep=881.27,peak=0.97",-1,-0.05197940479952323,ANOMALY
1394,3,MPU6050 + HC-05 + HC-SR04,3.3,120,73.45598059822468,5.625161305040312,0.0,15.326845708078723,0.01,0.0,214.85921037926755,210.9740173902408,"MPU6050:active=82.68,idle=20.44,sleep=16.88,peak=0.00 | HC-05:active=65.98,idle=54.02,sleep=0.00,peak=0.00 | HC-SR04:active=71.70,idle=48.30,sleep=0.00,peak=0.00",1,0.20861327985382833,NORMAL
1395,4,HC-SR501 + BME280 + ESP32-S3 + HC-SR04,3.3,30,23.04387970352449,4.529167033418662,0.0,0.0,0.007,0.0,,0.0,"HC-SR501:active=30.00,idle=0.00,sleep=0.00,peak=0.00 | BME280:active=30.00,idle=0.00,sleep=0.00,peak=0.00 | ESP32-S3:active=11.88,idle=0.00,sleep=18.12,peak=0.00 | HC-SR04:active=20.29,idle=9.71,sleep=0.00,peak=0.00",1,0.19987911148455417,NORMAL
1396,1,nRF24L01+,3.3,360,155.29045221433216,175.61021746709142,0.6497302630021395,11.3,0.0008999999999999,13.5,97.0448164053306,95.54412612158714,"nRF24L01+:active=155.29,idle=28.45,sleep=175.61,peak=0.65",1,0.09468421468333799,NORMAL
1397,4,BME280 + ESP32-S3 + HC-SR501 + MPU6050,3.3,1440,1104.3700543331013,257.72430918441665,0.0,0.0,0.008248966689378,0.0,,0.0,"BME280:active=1440.00,idle=0.00,sleep=0.00,peak=0.00 | ESP32-S3:active=838.29,idle=0.00,sleep=601.71,peak=0.00 | HC-SR501:active=1440.00,idle=0.00,sleep=0.00,peak=0.00 | MPU6050:active=699.19,idle=311.62,sleep=429.19,peak=0.00",1,0.12459080111604076,NORMAL
1398,1,BMP280,3.3,30,12.098366001467433,12.58182422432058,0.0,0.00274,0.0001,0.0,0.001921682743413,0.001918660156745,"BMP280:active=12.10,idle=5.32,sleep=12.58,peak=0.00",1,0.1982876796668303,NORMAL
1399,4,Raspberry Pi Pico + HC-SR04 + Arduino Uno / ATmega328P + HC-SR501,5.0,360,228.92131793298347,90.0,0.0,0.0,1.3,0.0,,0.0,"Raspberry Pi Pico:active=0.00,idle=0.00,sleep=360.00,peak=0.00 | HC-SR04:active=195.69,idle=164.31,sleep=0.00,peak=0.00 | Arduino Uno / ATmega328P:active=360.00,idle=0.00,sleep=0.00,peak=0.00 | HC-SR501:active=360.00,idle=0.00,sleep=0.00,peak=0.00",1,0.028071656968704728,NORMAL
1400,4,DHT22 / AM2302 + nRF24L01+ + MPU6050 + ESP32,3.3,1440,1030.8942321296324,268.788224395119,0.0,8.500564019296112,0.0073147957893799,0.0,1929.1025961995651,1923.6338953618024,"DHT22 / AM2302:active=1440.00,idle=0.00,sleep=0.00,peak=0.00 | nRF24L01+:active=724.25,idle=532.96,sleep=182.79,peak=0.00 | MPU6050:active=1177.18,idle=28.31,sleep=234.51,peak=0.00 | ESP32:active=782.15,idle=0.00,sleep=657.85,peak=0.00",1,0.11657004583843295,NORMAL
1401,2,DHT22 / AM2302 + nRF24L01+,3.3,30,24.25232801738582,3.463034347770892,0.0,5.857223541370016,0.0009,0.0,15.63252062964666,15.638854238970708,"DHT22 / AM2302:active=30.00,idle=0.00,sleep=0.00,peak=0.00 | nRF24L01+:active=18.50,idle=4.57,sleep=6.93,peak=0.00",1,0.20823317974297173,NORMAL
1402,2,INA219 + BME280,3.3,360,360.0,0.0,0.0,0.0,0.0,0.0,,0.0,"INA219:active=360.00,idle=0.00,sleep=0.00,peak=0.00 | BME280:active=360.00,idle=0.00,sleep=0.00,peak=0.00",1,0.19493334702757764,NORMAL
1403,3,DS18B20 + Arduino Uno / ATmega328P + HC-05,5.0,30,23.61071967708078,4.509603898826758,0.0,0.0,0.00075,0.0,,0.0,"DS18B20:active=14.37,idle=2.10,sleep=13.53,peak=0.00 | Arduino Uno / ATmega328P:active=30.00,idle=0.00,sleep=0.00,peak=0.00 | HC-05:active=26.46,idle=3.54,sleep=0.00,peak=0.00",1,0.1391589690477097,NORMAL
1404,2,ESP32 + nRF24L01+,3.3,1440,984.933161989849,414.3160299376756,0.0,19.11578788308948,0.0027885486865576,0.0,2071.2987091554505,2079.3895368443004,"ESP32:active=1223.85,idle=0.00,sleep=216.15,peak=0.00 | nRF24L01+:active=746.01,idle=81.50,sleep=612.48,peak=0.00",1,0.11805272608021417,NORMAL
1405,1,BME280,3.3,60,60.0,0.0,0.0,0.0,0.0,0.0,,0.0,"BME280:active=60.00,idle=0.00,sleep=0.00,peak=0.00",1,0.20809052361625596,NORMAL
1406,1,SSD1306 OLED controller,3.3,360,0.0,360.0,0.0,0.0,0.01,0.0,0.198,0.1975298398488345,"SSD1306 OLED controller:active=0.00,idle=0.00,sleep=360.00,peak=0.00",1,0.16413059891875242,NORMAL
1407,1,ESP32-S3,3.3,60,25.36335636936029,34.63664363063971,0.0,91.7,0.007,0.0,127.93342295666643,127.7300180875606,"ESP32-S3:active=25.36,idle=0.00,sleep=34.64,peak=0.00",1,0.09648364936123516,NORMAL
1408,1,HC-05,3.3,120,62.99470906212957,0.0,0.0,30.0,0.0,0.0,129.02359796517678,127.15404553535286,"HC-05:active=62.99,idle=57.01,sleep=0.00,peak=0.00",1,0.19081820406475902,NORMAL
1409,4,INA219 + DHT22 / AM2302 + HC-05 + SSD1306 OLED controller,3.3,720,507.0663752159263,180.0,0.0,0.0,0.01,0.0,,0.0,"INA219:active=720.00,idle=0.00,sleep=0.00,peak=0.00 | DHT22 / AM2302:active=720.00,idle=0.00,sleep=0.00,peak=0.00 | HC-05:active=588.27,idle=131.73,sleep=0.00,peak=0.00 | SSD1306 OLED controller:active=0.00,idle=0.00,sleep=720.00,peak=0.00",1,0.1718477074701405,NORMAL
1410,3,HC-05 + HC-SR501 + SSD1306 OLED controller,3.3,720,409.9582097861964,240.0,0.0,50.48989335859578,0.01,0.0,3508.144301523893,3489.2685795358525,"HC-05:active=509.87,idle=210.13,sleep=0.00,peak=0.00 | HC-SR501:active=720.00,idle=0.00,sleep=0.00,peak=0.00 | SSD1306 OLED controller:active=0.00,idle=0.00,sleep=720.00,peak=0.00",1,0.1508808211169913,NORMAL
1411,3,HC-05 + HC-SR501 + ESP32,3.3,60,51.35179842358108,4.5739698687074855,0.0,41.79301824253924,0.00814,0.0,359.49832612325696,367.6299943969482,"HC-05:active=47.78,idle=12.22,sleep=0.00,peak=0.00 | HC-SR501:active=60.00,idle=0.00,sleep=0.00,peak=0.00 | ESP32:active=46.28,idle=0.00,sleep=13.72,peak=0.00",1,0.19137636284854959,NORMAL
1412,1,MPU6050,3.3,360,85.6585050534194,196.5248119678742,0.0,3.9,0.01,0.0,18.503237568359932,18.2298636546497,"MPU6050:active=85.66,idle=77.82,sleep=196.52,peak=0.00",1,0.17206521718078366,NORMAL
1413,3,Raspberry Pi Pico + DS18B20 + ESP32,4.15,60,15.328955058659064,44.22157674433695,0.0,12.292628778946138,0.5904370052881073,0.0,44.51778590880061,44.95781761803785,"Raspberry Pi Pico:active=0.00,idle=0.00,sleep=60.00,peak=0.00 | DS18B20:active=23.29,idle=1.35,sleep=35.36,peak=0.00 | ESP32:active=22.70,idle=0.00,sleep=37.30,peak=0.00",1,0.12667444526347293,NORMAL
1414,4,MPU6050 + DHT22 / AM2302 + HC-05 + DS18B20,3.3,120,67.71131648449806,32.17531596843793,0.0,8.667020132810014,0.0060751251994406,0.0,154.41732908162024,153.6729280965749,"MPU6050:active=28.11,idle=17.80,sleep=74.09,peak=0.00 | DHT22 / AM2302:active=120.00,idle=0.00,sleep=0.00,peak=0.00 | HC-05:active=62.59,idle=57.41,sleep=0.00,peak=0.00 | DS18B20:active=60.15,idle=5.24,sleep=54.61,peak=0.00",1,0.19783524147738302,NORMAL
1415,3,SSD1306 OLED controller + nRF24L01+ + Arduino Uno / ATmega328P,3.3,30,11.843227005805318,17.935496344249383,0.0,0.0,0.0059737374786495,0.0,,0.0,"SSD1306 OLED controller:active=0.00,idle=0.00,sleep=30.00,peak=0.00 | nRF24L01+:active=5.53,idle=0.66,sleep=23.81,peak=0.00 | Arduino Uno / ATmega328P:active=30.00,idle=0.00,sleep=0.00,peak=0.00",1,0.2104446596928073,NORMAL
1416,2,ESP32 + ESP32-S3,3.3,720,313.4935691687807,404.494762002485,2.011668828734275,44.623969862923296,0.0074013136377391,355.0,1617.71101905677,1658.2266707148888,"ESP32:active=435.21,idle=0.00,sleep=284.79,peak=0.00 | ESP32-S3:active=191.78,idle=0.00,sleep=524.20,peak=4.02",-1,-0.02468174097101361,ANOMALY
1417,4,HC-05 + Raspberry Pi Pico + nRF24L01+ + BMP280,3.3,60,22.816999880773302,33.27448567358672,0.0,19.061786051927537,0.5863783282786075,0.0,102.28491350803742,103.98515151030716,"HC-05:active=54.77,idle=5.23,sleep=0.00,peak=0.00 | Raspberry Pi Pico:active=0.00,idle=0.00,sleep=60.00,peak=0.00 | nRF24L01+:active=8.55,idle=3.40,sleep=48.05,peak=0.00 | BMP280:active=27.95,idle=7.00,sleep=25.05,peak=0.00",1,0.15921519537343998,NORMAL
1418,2,HC-05 + HC-SR04,4.15,720,597.1461508234901,0.0,0.0,22.13907770010872,0.0,0.0,1925.7028677287049,1903.6354118423872,"HC-05:active=568.41,idle=151.59,sleep=0.00,peak=0.00 | HC-SR04:active=625.88,idle=94.12,sleep=0.00,peak=0.00",1,0.13453180083706234,NORMAL
1419,1,nRF24L01+,3.3,1440,619.0018586750227,650.890694012809,0.0,11.3,0.0008999999999999,0.0,384.9851279055367,381.2871530390405,"nRF24L01+:active=619.00,idle=170.11,sleep=650.89,peak=0.00",1,0.11919160253473804,NORMAL
1420,2,DS18B20 + ESP32-S3,4.15,1440,781.8266563793169,409.2628638166308,1.433798283081792,49.33867205978432,0.005382178171006,1.5,5336.737878491009,5252.235112903887,"DS18B20:active=730.30,idle=494.95,sleep=211.88,peak=2.87 | ESP32-S3:active=833.35,idle=0.00,sleep=606.65,peak=0.00",-1,-0.00415709579861312,ANOMALY
1421,1,BMP280,3.3,1440,672.0301029696891,220.49834036832632,0.0,0.00274,0.0001,0.0,0.1054987709511988,0.1007045189847747,"BMP280:active=672.03,idle=547.47,sleep=220.50,peak=0.00",1,0.14053072043235137,NORMAL
1422,1,BMP280,3.3,720,172.9280844681624,499.4491979601451,0.0,0.00274,0.0001,0.0,0.0290691578647771,0.0300126504329592,"BMP280:active=172.93,idle=47.62,sleep=499.45,peak=0.00",1,0.15247601957480095,NORMAL
1423,2,MPU6050 + BME280,3.3,720,464.7489108339561,243.3251336914248,0.0,0.0,0.01,0.0,,0.0,"MPU6050:active=209.50,idle=23.85,sleep=486.65,peak=0.00 | BME280:active=720.00,idle=0.00,sleep=0.00,peak=0.00",1,0.1828461592421372,NORMAL
1424,4,BME280 + Raspberry Pi Pico + nRF24L01+ + ESP32-S3,3.3,120,50.39030586652468,67.50631315921846,0.0,0.0,0.5793908970275762,0.0,,0.0,"BME280:active=120.00,idle=0.00,sleep=0.00,peak=0.00 | Raspberry Pi Pico:active=0.00,idle=0.00,sleep=120.00,peak=0.00 | nRF24L01+:active=13.23,idle=8.41,sleep=98.36,peak=0.00 | ESP32-S3:active=68.34,idle=0.00,sleep=51.66,peak=0.00",1,0.16436419354035636,NORMAL
1425,3,BME280 + INA219 + HC-SR04,3.3,720,712.3517414910144,0.0,0.0,0.0,0.0,0.0,,0.0,"BME280:active=720.00,idle=0.00,sleep=0.00,peak=0.00 | INA219:active=720.00,idle=0.00,sleep=0.00,peak=0.00 | HC-SR04:active=697.06,idle=22.94,sleep=0.00,peak=0.00",1,0.1709503215986507,NORMAL
1426,1,DS18B20,5.0,360,122.98926096341724,116.47294015520173,0.0,1.0,0.00075,0.0,10.263918251474555,10.279936271231383,"DS18B20:active=122.99,idle=120.54,sleep=116.47,peak=0.00",1,0.11247136244693601,NORMAL
1427,1,DS18B20,5.0,120,20.076573681899333,92.35046006028486,0.0,1.0,0.00075,0.0,1.6792930209698256,1.655761461749928,"DS18B20:active=20.08,idle=7.57,sleep=92.35,peak=0.00",1,0.11126641318999508,NORMAL
1428,1,HC-05,3.3,720,419.9852179901271,0.0,0.0,30.0,0.0,0.0,824.9821137680539,832.5630149218766,"HC-05:active=419.99,idle=300.01,sleep=0.00,peak=0.00",1,0.15722912663049282,NORMAL
1429,3,HC-SR04 + DS18B20 + SSD1306 OLED controller,5.0,1440,506.404525525651,611.306971779837,0.0,8.853749552410886,0.008013126718599,0.0,1220.1010853358753,1252.060017527052,"HC-SR04:active=852.25,idle=587.75,sleep=0.00,peak=0.00 | DS18B20:active=666.96,idle=379.12,sleep=393.92,peak=0.00 | SSD1306 OLED controller:active=0.00,idle=0.00,sleep=1440.00,peak=0.00",1,0.03285596680269531,NORMAL
1430,2,HC-SR04 + Raspberry Pi Pico,5.0,120,51.95700280229696,60.0,0.0,15.0,1.3,0.0,145.5735060716434,145.96281856213076,"HC-SR04:active=103.91,idle=16.09,sleep=0.00,peak=0.00 | Raspberry Pi Pico:active=0.00,idle=0.00,sleep=120.00,peak=0.00",1,0.04075305771862647,NORMAL
1431,3,HC-SR04 + MPU6050 + Raspberry Pi Pico,4.15,120,31.403429523179184,67.33765522495428,0.0,11.023600470956454,0.7762874483469964,0.0,90.9165410770256,92.00196317008152,"HC-SR04:active=60.46,idle=59.54,sleep=0.00,peak=0.00 | MPU6050:active=33.75,idle=4.24,sleep=82.01,peak=0.00 | Raspberry Pi Pico:active=0.00,idle=0.00,sleep=120.00,peak=0.00",1,0.11257777020888382,NORMAL
1432,3,ESP32-S3 + ESP32 + nRF24L01+,3.3,30,9.90911849952758,18.951881155964173,0.0,40.12635973201833,0.005693517375399,0.0,65.62947111812133,65.63048668067884,"ESP32-S3:active=9.10,idle=0.00,sleep=20.90,peak=0.00 | ESP32:active=9.97,idle=0.00,sleep=20.03,peak=0.00 | nRF24L01+:active=10.66,idle=3.42,sleep=15.92,peak=0.00",1,0.18362462041919164,NORMAL
1433,3,BMP280 + ESP32-S3 + BME280,3.3,120,58.03366831688931,58.28434043580089,0.0,0.0,0.003513798938623,0.0,,0.0,"BMP280:active=20.61,idle=11.05,sleep=88.34,peak=0.00 | ESP32-S3:active=33.49,idle=0.00,sleep=86.51,peak=0.00 | BME280:active=120.00,idle=0.00,sleep=0.00,peak=0.00",1,0.2145145962500617,NORMAL
1434,4,HC-SR501 + BMP280 + BME280 + DHT22 / AM2302,3.3,360,296.9197768185701,61.21544074899817,0.2806150635898703,0.0,0.0001,0.03685,,0.0,"HC-SR501:active=360.00,idle=0.00,sleep=0.00,peak=0.00 | BMP280:active=107.68,idle=6.34,sleep=244.86,peak=1.12 | BME280:active=360.00,idle=0.00,sleep=0.00,peak=0.00 | DHT22 / AM2302:active=360.00,idle=0.00,sleep=0.00,peak=0.00",1,0.1683566777947712,NORMAL
1435,2,SSD1306 OLED controller + ESP32-S3,3.3,30,10.181416677149713,18.144460048955672,1.6741232738946197,91.7,0.0094800958462574,355.0,168.09338510223174,168.93344936449938,"SSD1306 OLED controller:active=0.00,idle=0.00,sleep=30.00,peak=0.00 | ESP32-S3:active=20.36,idle=0.00,sleep=6.29,peak=3.35",-1,-0.04385200055217797,ANOMALY
1436,4,HC-SR501 + BMP280 + SSD1306 OLED controller + HC-05,3.3,720,382.265602177344,256.7223915444516,0.0,40.39227386134445,0.0070413501069362,0.0,3494.690463310381,3514.9892953749754,"HC-SR501:active=720.00,idle=0.00,sleep=0.00,peak=0.00 | BMP280:active=310.35,idle=102.76,sleep=306.89,peak=0.00 | SSD1306 OLED controller:active=0.00,idle=0.00,sleep=720.00,peak=0.00 | HC-05:active=498.72,idle=221.28,sleep=0.00,peak=0.00",1,0.14516867440925096,NORMAL
1437,1,HC-SR04,5.0,360,356.8374171572424,0.0,0.0,15.0,0.0,0.0,446.5738685870126,451.2287380210377,"HC-SR04:active=356.84,idle=3.16,sleep=0.00,peak=0.00",1,0.11631274323622187,NORMAL
1438,4,DHT22 / AM2302 + Raspberry Pi Pico + ESP32 + MPU6050,3.3,60,24.24207840537531,33.62471783854266,0.0,8.487060301073363,0.5850057736737843,0.0,49.59356629529465,49.477073115523446,"DHT22 / AM2302:active=60.00,idle=0.00,sleep=0.00,peak=0.00 | Raspberry Pi Pico:active=0.00,idle=0.00,sleep=60.00,peak=0.00 | ESP32:active=26.47,idle=0.00,sleep=33.53,peak=0.00 | MPU6050:active=10.50,idle=8.53,sleep=40.97,peak=0.00",1,0.16552331588024272,NORMAL
1439,3,ESP32 + DHT22 / AM2302 + HC-05,3.3,360,272.2013042728633,44.51469609461531,0.0,16.17945615672056,0.00814,0.0,783.8660634702686,784.5717118582315,"ESP32:active=226.46,idle=0.00,sleep=133.54,peak=0.00 | DHT22 / AM2302:active=360.00,idle=0.00,sleep=0.00,peak=0.00 | HC-05:active=230.15,idle=129.85,sleep=0.00,peak=0.00",1,0.19574236234637055,NORMAL
1440,2,HC-SR501 + BME280,3.3,720,720.0,0.0,0.0,0.0,0.0,0.0,,0.0,"HC-SR501:active=720.00,idle=0.00,sleep=0.00,peak=0.00 | BME280:active=720.00,idle=0.00,sleep=0.00,peak=0.00",1,0.17300933714450945,NORMAL
1441,3,HC-05 + nRF24L01+ + BME280,3.3,30,22.405461589269265,2.1959675746997385,0.0,0.0,0.0009,0.0,,0.0,"HC-05:active=17.47,idle=12.53,sleep=0.00,peak=0.00 | nRF24L01+:active=19.75,idle=3.66,sleep=6.59,peak=0.00 | BME280:active=30.00,idle=0.00,sleep=0.00,peak=0.00",1,0.21559476991622362,NORMAL
1442,2,INA219 + HC-05,3.3,60,50.32841345350789,0.0,0.0,0.0,0.0,0.0,,0.0,"INA219:active=60.00,idle=0.00,sleep=0.00,peak=0.00 | HC-05:active=40.66,idle=19.34,sleep=0.00,peak=0.00",1,0.2166180548728296,NORMAL
1443,3,HC-05 + INA219 + HC-SR04,3.3,60,51.28546068544093,0.0,0.0,0.0,0.0,0.0,,0.0,"HC-05:active=54.44,idle=5.56,sleep=0.00,peak=0.00 | INA219:active=60.00,idle=0.00,sleep=0.00,peak=0.00 | HC-SR04:active=39.42,idle=20.58,sleep=0.00,peak=0.00",1,0.21995899985130707,NORMAL
1444,4,ESP32 + SSD1306 OLED controller + DS18B20 + HC-05,3.3,60,24.39773495577468,31.60758732825089,0.3778590193386251,21.70896268217391,0.0075966189397008,1.5,118.6745799939714,115.25178437861146,"ESP32:active=17.97,idle=0.00,sleep=42.03,peak=0.00 | SSD1306 OLED controller:active=0.00,idle=0.00,sleep=60.00,peak=0.00 | DS18B20:active=24.11,idle=9.98,sleep=24.40,peak=1.51 | HC-05:active=55.51,idle=4.49,sleep=0.00,peak=0.00",1,0.15669651068615592,NORMAL
1445,4,ESP32-S3 + MPU6050 + HC-05 + BMP280,3.3,1440,869.8295562082327,282.50401064887825,0.0,34.37801881550394,0.0063148395473118,0.0,6854.492545896047,6760.754941770892,"ESP32-S3:active=1015.89,idle=0.00,sleep=424.11,peak=0.00 | MPU6050:active=518.57,idle=507.64,sleep=413.79,peak=0.00 | HC-05:active=814.33,idle=625.67,sleep=0.00,peak=0.00 | BMP280:active=1130.54,idle=17.35,sleep=292.12,peak=0.00",1,0.09700448209764428,NORMAL
1446,2,BME280 + ESP32,3.3,720,422.42924033053816,297.57075966946184,0.0,0.0,0.00814,0.0,,0.0,"BME280:active=720.00,idle=0.00,sleep=0.00,peak=0.00 | ESP32:active=124.86,idle=0.00,sleep=595.14,peak=0.00",1,0.18432726185393483,NORMAL
1447,2,nRF24L01+ + HC-SR04,4.15,60,33.340676797182695,22.536266622345376,0.0,14.213867627293553,0.0009,0.0,66.59594097639878,64.82966990570455,"nRF24L01+:active=14.17,idle=0.76,sleep=45.07,peak=0.00 | HC-SR04:active=52.51,idle=7.49,sleep=0.00,peak=0.00",1,0.17091418410730236,NORMAL
1448,2,ESP32 + Raspberry Pi Pico,3.3,360,122.71943052038796,237.28056947961204,0.0,23.88,0.9881393337422438,0.0,348.1506891128671,354.5486298754761,"ESP32:active=245.44,idle=0.00,sleep=114.56,peak=0.00 | Raspberry Pi Pico:active=0.00,idle=0.00,sleep=360.00,peak=0.00",1,0.1070186164099593,NORMAL
1449,3,SSD1306 OLED controller + MPU6050 + DS18B20,3.3,720,264.5680927721331,437.0596612873187,0.0,3.0898450497788894,0.0067237833242776,0.0,135.3754032035486,140.09334512681684,"SSD1306 OLED controller:active=0.00,idle=0.00,sleep=720.00,peak=0.00 | MPU6050:active=571.97,idle=21.25,sleep=126.78,peak=0.00 | DS18B20:active=221.73,idle=33.87,sleep=464.40,peak=0.00",1,0.17483299807837316,NORMAL
1450,2,INA219 + BME280,3.3,30,30.0,0.0,0.0,0.0,0.0,0.0,,0.0,"INA219:active=30.00,idle=0.00,sleep=0.00,peak=0.00 | BME280:active=30.00,idle=0.00,sleep=0.00,peak=0.00",1,0.21199258606347476,NORMAL
1451,3,DHT22 / AM2302 + HC-05 + MPU6050,3.3,360,246.08992076036895,51.00787488183104,0.0,12.055006998264895,0.01,0.0,538.0042226166659,539.2208907792512,"DHT22 / AM2302:active=360.00,idle=0.00,sleep=0.00,peak=0.00 | HC-05:active=249.98,idle=110.02,sleep=0.00,peak=0.00 | MPU6050:active=128.29,idle=78.69,sleep=153.02,peak=0.00",1,0.19504556037965531,NORMAL
1452,3,ESP32-S3 + DHT22 / AM2302 + Raspberry Pi Pico,3.3,60,25.90918340330587,32.30807527556341,1.7827413211307164,27.00203386083366,0.8074190834469026,116.198710419563,153.9184426917391,154.1055000757279,"ESP32-S3:active=21.35,idle=0.00,sleep=36.92,peak=1.73 | DHT22 / AM2302:active=56.38,idle=0.00,sleep=0.00,peak=3.62 | Raspberry Pi Pico:active=0.00,idle=0.00,sleep=60.00,peak=0.00",1,0.010616677261203189,NORMAL
1453,1,Arduino Uno / ATmega328P,5.0,720,720.0,0.0,0.0,0.0,0.0,0.0,,0.0,"Arduino Uno / ATmega328P:active=720.00,idle=0.00,sleep=0.00,peak=0.00",1,0.1013824304751405,NORMAL
1454,4,DS18B20 + HC-05 + HC-SR04 + nRF24L01+,4.15,720,405.5512886235172,133.95515075013736,0.0,16.105954696869755,0.0008114170669519,0.0,1964.371879846,1998.3322887034485,"DS18B20:active=318.72,idle=84.85,sleep=316.43,peak=0.00 | HC-05:active=501.61,idle=218.39,sleep=0.00,peak=0.00 | HC-SR04:active=459.15,idle=260.85,sleep=0.00,peak=0.00 | nRF24L01+:active=342.72,idle=157.89,sleep=219.39,peak=0.00",1,0.12575255205016422,NORMAL
1455,4,HC-SR501 + BMP280 + BME280 + ESP32-S3,3.3,1440,1009.315324758697,406.9866721424947,0.0644696792278817,0.0,0.0038911026463979,355.0,,0.0,"HC-SR501:active=1440.00,idle=0.00,sleep=0.00,peak=0.00 | BMP280:active=611.97,idle=94.53,sleep=733.50,peak=0.00 | BME280:active=1440.00,idle=0.00,sleep=0.00,peak=0.00 | ESP32-S3:active=545.29,idle=0.00,sleep=894.45,peak=0.26",-1,-0.009673287411710807,ANOMALY
1456,2,HC-SR04 + BMP280,4.15,30,10.516049093238488,12.700797693043656,0.0,12.644498254143334,0.0001,0.0,20.091913389027845,19.5027856332648,"HC-SR04:active=17.73,idle=12.27,sleep=0.00,peak=0.00 | BMP280:active=3.30,idle=1.30,sleep=25.40,peak=0.00",1,0.16166128943271252,NORMAL
1457,4,Raspberry Pi Pico + MPU6050 + DHT22 / AM2302 + ESP32-S3,3.3,60,21.04322254222179,37.25196777076348,0.0,19.334391114716063,0.52854482544221,0.0,93.84226583523836,93.873237081359,"Raspberry Pi Pico:active=0.00,idle=0.00,sleep=60.00,peak=0.00 | MPU6050:active=8.42,idle=6.82,sleep=44.76,peak=0.00 | DHT22 / AM2302:active=60.00,idle=0.00,sleep=0.00,peak=0.00 | ESP32-S3:active=15.75,idle=0.00,sleep=44.25,peak=0.00",1,0.16096306016512962,NORMAL
1458,4,HC-05 + ESP32 + DHT22 / AM2302 + DS18B20,3.3,1440,1002.0423187701284,337.9184832267828,0.0,11.007815647205234,0.0072182947156599,0.0,2574.1512421266275,2590.566246283048,"HC-05:active=1106.03,idle=333.97,sleep=0.00,peak=0.00 | ESP32:active=256.91,idle=0.00,sleep=1183.09,peak=0.00 | DHT22 / AM2302:active=1440.00,idle=0.00,sleep=0.00,peak=0.00 | DS18B20:active=1205.23,idle=66.19,sleep=168.59,peak=0.00",1,0.1143378370989111,NORMAL
1459,3,BMP280 + DHT22 / AM2302 + DS18B20,3.3,1440,877.5092863601685,318.9309140842134,1.129205153067072,1.5346932455632183,0.0006350837861934,0.03685,222.25869765631057,223.6020890729004,"BMP280:active=754.47,idle=512.98,sleep=169.16,peak=3.39 | DHT22 / AM2302:active=1440.00,idle=0.00,sleep=0.00,peak=0.00 | DS18B20:active=438.06,idle=214.31,sleep=787.64,peak=0.00",1,0.07391022590666907,NORMAL
1460,1,INA219,3.3,1440,1440.0,0.0,0.0,0.0,0.0,0.0,,0.0,"INA219:active=1440.00,idle=0.00,sleep=0.00,peak=0.00",1,0.09909329927197102,NORMAL
1461,4,HC-SR04 + HC-SR501 + MPU6050 + nRF24L01+,3.3,60,37.790489779652574,13.117665183436763,0.0,32.73664586332358,0.007537912059749,0.0,274.3650691776228,278.23358255497016,"HC-SR04:active=40.41,idle=19.59,sleep=0.00,peak=0.00 | HC-SR501:active=60.00,idle=0.00,sleep=0.00,peak=0.00 | MPU6050:active=17.72,idle=4.01,sleep=38.27,peak=0.00 | nRF24L01+:active=33.03,idle=12.77,sleep=14.20,peak=0.00",1,0.186717730146565,NORMAL
1462,3,BME280 + Arduino Uno / ATmega328P + SSD1306 OLED controller,3.3,60,40.0,20.0,0.0,0.0,0.01,0.0,,0.0,"BME280:active=60.00,idle=0.00,sleep=0.00,peak=0.00 | Arduino Uno / ATmega328P:active=60.00,idle=0.00,sleep=0.00,peak=0.00 | SSD1306 OLED controller:active=0.00,idle=0.00,sleep=60.00,peak=0.00",1,0.2193748779279086,NORMAL
1463,1,HC-SR04,5.0,1440,1350.865509303474,0.0,0.0,14.999999999999998,0.0,0.0,1703.4376350787636,1690.467996239257,"HC-SR04:active=1350.87,idle=89.13,sleep=0.00,peak=0.00",1,0.034629029007074874,NORMAL
1464,2,HC-SR501 + DS18B20,5.0,120,73.01763296604794,35.6852717885338,0.0,53.59003673517519,0.00075,0.0,652.1754782902206,633.1889676035355,"HC-SR501:active=120.00,idle=0.00,sleep=0.00,peak=0.00 | DS18B20:active=26.04,idle=22.59,sleep=71.37,peak=0.00",1,0.09061266785141514,NORMAL
1465,3,BME280 + INA219 + MPU6050,3.3,360,266.36914613937057,85.70076545166985,0.0,0.0,0.01,0.0,,0.0,"BME280:active=360.00,idle=0.00,sleep=0.00,peak=0.00 | INA219:active=360.00,idle=0.00,sleep=0.00,peak=0.00 | MPU6050:active=79.11,idle=23.79,sleep=257.10,peak=0.00",1,0.20182745740170466,NORMAL
1466,4,ESP32 + BME280 + DHT22 / AM2302 + INA219,3.3,720,570.997058011007,149.002941988993,0.0,0.0,0.00814,0.0,,0.0,"ESP32:active=123.99,idle=0.00,sleep=596.01,peak=0.00 | BME280:active=720.00,idle=0.00,sleep=0.00,peak=0.00 | DHT22 / AM2302:active=720.00,idle=0.00,sleep=0.00,peak=0.00 | INA219:active=720.00,idle=0.00,sleep=0.00,peak=0.00",1,0.17234928141846595,NORMAL
1467,1,HC-SR04,5.0,120,106.9092477251816,0.0,0.0,15.0,0.0,0.0,135.81835170228004,134.3595622805068,"HC-SR04:active=106.91,idle=13.09,sleep=0.00,peak=0.00",1,0.13535316212666182,NORMAL
1468,4,HC-05 + DHT22 / AM2302 + SSD1306 OLED controller + BME280,3.3,30,20.575349066188764,7.5,0.0,0.0,0.01,0.0,,0.0,"HC-05:active=22.30,idle=7.70,sleep=0.00,peak=0.00 | DHT22 / AM2302:active=30.00,idle=0.00,sleep=0.00,peak=0.00 | SSD1306 OLED controller:active=0.00,idle=0.00,sleep=30.00,peak=0.00 | BME280:active=30.00,idle=0.00,sleep=0.00,peak=0.00",1,0.20035236533375533,NORMAL
1469,1,HC-SR501,3.3,60,60.0,0.0,0.0,65.0,0.0,0.0,214.5,216.7495394218905,"HC-SR501:active=60.00,idle=0.00,sleep=0.00,peak=0.00",1,0.14921157356635956,NORMAL
1470,4,INA219 + DS18B20 + nRF24L01+ + MPU6050,3.3,120,75.36623958882103,30.22052014598362,0.0,0.0,0.0026745507526958,0.0,,0.0,"INA219:active=120.00,idle=0.00,sleep=0.00,peak=0.00 | DS18B20:active=42.77,idle=17.40,sleep=59.83,peak=0.00 | nRF24L01+:active=77.20,idle=6.31,sleep=36.49,peak=0.00 | MPU6050:active=61.49,idle=33.95,sleep=24.56,peak=0.00",1,0.20563781297398043,NORMAL
1471,2,ESP32-S3 + BMP280,3.3,60,26.372669109130328,32.32735946815993,0.0,46.223342556052856,0.0036658996347512,0.0,134.1066712921291,130.1784736334194,"ESP32-S3:active=26.59,idle=0.00,sleep=33.41,peak=0.00 | BMP280:active=26.16,idle=2.60,sleep=31.24,peak=0.00",1,0.17683267546480785,NORMAL
1472,2,ESP32 + SSD1306 OLED controller,3.3,120,29.563188374500747,90.43681162549925,0.0,23.88,0.0093740107749722,0.0,77.74983634326803,78.78113565846165,"ESP32:active=59.13,idle=0.00,sleep=60.87,peak=0.00 | SSD1306 OLED controller:active=0.00,idle=0.00,sleep=120.00,peak=0.00",1,0.18795374307503332,NORMAL
1473,3,INA219 + HC-05 + ESP32,3.3,720,565.0623486261063,140.54802767224547,0.0,0.0,0.00814,0.0,,0.0,"INA219:active=720.00,idle=0.00,sleep=0.00,peak=0.00 | HC-05:active=676.83,idle=43.17,sleep=0.00,peak=0.00 | ESP32:active=298.36,idle=0.00,sleep=421.64,peak=0.00",1,0.18421640154616853,NORMAL
1474,3,ESP32 + DS18B20 + SSD1306 OLED controller,3.3,1440,496.0656929752258,885.4277945920152,0.0,16.134508721969194,0.0070320348268596,0.0,1321.6576706769213,1324.7119203785849,"ESP32:active=984.40,idle=0.00,sleep=455.60,peak=0.00 | DS18B20:active=503.79,idle=175.52,sleep=760.69,peak=0.00 | SSD1306 OLED controller:active=0.00,idle=0.00,sleep=1440.00,peak=0.00",1,0.10124697402486349,NORMAL
1475,4,HC-SR501 + HC-SR04 + BMP280 + BME280,3.3,720,611.6192609644477,20.756936380282493,0.0,0.0,0.0001,0.0,,0.0,"HC-SR501:active=720.00,idle=0.00,sleep=0.00,peak=0.00 | HC-SR04:active=632.70,idle=87.30,sleep=0.00,peak=0.00 | BMP280:active=373.78,idle=263.20,sleep=83.03,peak=0.00 | BME280:active=720.00,idle=0.00,sleep=0.00,peak=0.00",1,0.16205286140970876,NORMAL
1476,4,Arduino Uno / ATmega328P + MPU6050 + ESP32-S3 + SSD1306 OLED controller,3.3,1440,646.734553405186,715.2695777592446,0.0,0.0,0.0092618731821267,0.0,,0.0,"Arduino Uno / ATmega328P:active=1440.00,idle=0.00,sleep=0.00,peak=0.00 | MPU6050:active=410.88,idle=311.98,sleep=717.13,peak=0.00 | ESP32-S3:active=736.05,idle=0.00,sleep=703.95,peak=0.00 | SSD1306 OLED controller:active=0.00,idle=0.00,sleep=1440.00,peak=0.00",1,0.10938954565659503,NORMAL
1477,2,nRF24L01+ + HC-SR04,4.15,60,32.22080643393679,9.420925739024089,0.0,13.358737356245037,0.0009,0.0,62.906378395130304,63.01953237032563,"nRF24L01+:active=28.59,idle=12.57,sleep=18.84,peak=0.00 | HC-SR04:active=35.86,idle=24.14,sleep=0.00,peak=0.00",1,0.17396518512666115,NORMAL
1478,2,BMP280 + DS18B20,4.15,120,68.81547177250057,36.85020089829716,0.0,0.4313578260424489,0.0005382656798461,0.0,4.109743060451597,4.0247197258142,"BMP280:active=78.48,idle=17.51,sleep=24.01,peak=0.00 | DS18B20:active=59.15,idle=11.15,sleep=49.69,peak=0.00",1,0.18237084373112533,NORMAL
1479,1,Arduino Uno / ATmega328P,5.0,30,30.0,0.0,0.0,0.0,0.0,0.0,,0.0,"Arduino Uno / ATmega328P:active=30.00,idle=0.00,sleep=0.00,peak=0.00",1,0.1386194037527141,NORMAL
1480,2,ESP32-S3 + BMP280,3.3,120,80.05821686866034,32.344773616347155,0.0,49.98523704620888,0.0035903924058159,0.0,440.20304215880265,441.5680788328183,"ESP32-S3:active=87.28,idle=0.00,sleep=32.72,peak=0.00 | BMP280:active=72.84,idle=15.19,sleep=31.97,peak=0.00",1,0.17791393555264096,NORMAL
1481,4,MPU6050 + DS18B20 + INA219 + Arduino Uno / ATmega328P,4.15,120,85.25760111832405,32.70981001161807,0.0,0.0,0.0071459121715686,0.0,,0.0,"MPU6050:active=24.70,idle=4.83,sleep=90.47,peak=0.00 | DS18B20:active=76.33,idle=3.30,sleep=40.37,peak=0.00 | INA219:active=120.00,idle=0.00,sleep=0.00,peak=0.00 | Arduino Uno / ATmega328P:active=120.00,idle=0.00,sleep=0.00,peak=0.00",1,0.1629170135612661,NORMAL
1482,1,ESP32,3.3,60,24.42124717524205,35.57875282475795,0.0,23.88,0.00814,0.0,32.09079464760255,32.42480895552556,"ESP32:active=24.42,idle=0.00,sleep=35.58,peak=0.00",1,0.18648842059845006,NORMAL
1483,3,HC-SR501 + HC-05 + Raspberry Pi Pico,3.3,1440,784.3757608622385,480.0,0.0,51.4183059169655,1.3,0.0,6989.444011929926,6837.285517911788,"HC-SR501:active=1440.00,idle=0.00,sleep=0.00,peak=0.00 | HC-05:active=913.13,idle=526.87,sleep=0.00,peak=0.00 | Raspberry Pi Pico:active=0.00,idle=0.00,sleep=1440.00,peak=0.00",1,0.00726348846778424,NORMAL
1484,4,DS18B20 + HC-SR04 + MPU6050 + HC-SR501,5.0,720,513.4445513310741,132.57667133810858,0.0,28.58826720032581,0.0083383243125891,0.0,4896.336123649063,4873.360748103672,"DS18B20:active=369.82,idle=254.91,sleep=95.26,peak=0.00 | HC-SR04:active=701.33,idle=18.67,sleep=0.00,peak=0.00 | MPU6050:active=262.63,idle=22.33,sleep=435.04,peak=0.00 | HC-SR501:active=720.00,idle=0.00,sleep=0.00,peak=0.00",1,0.05358864132156538,NORMAL
1485,3,nRF24L01+ + HC-SR04 + ESP32-S3,3.3,1440,895.6571063077035,288.426919979019,0.0,39.92435405919344,0.0046696843086749,0.0,5936.663951461413,5927.892795540294,"nRF24L01+:active=665.79,idle=443.66,sleep=330.55,peak=0.00 | HC-SR04:active=1115.91,idle=324.09,sleep=0.00,peak=0.00 | ESP32-S3:active=905.27,idle=0.00,sleep=534.73,peak=0.00",1,0.10826598091006612,NORMAL
1486,3,HC-05 + HC-SR04 + DS18B20,5.0,120,76.54393728255963,14.891551053748962,0.0,16.70806361664261,0.00075,0.0,350.7902503939688,352.229890901225,"HC-05:active=80.88,idle=39.12,sleep=0.00,peak=0.00 | HC-SR04:active=90.11,idle=29.89,sleep=0.00,peak=0.00 | DS18B20:active=58.64,idle=16.68,sleep=44.67,peak=0.00",1,0.14004352953139898,NORMAL
1487,3,HC-SR501 + ESP32-S3 + nRF24L01+,3.3,1440,1135.408995500992,289.6985295589328,0.0,56.55717153022578,0.0043000803715517,0.0,10595.830450725303,10484.581150515156,"HC-SR501:active=1440.00,idle=0.00,sleep=0.00,peak=0.00 | ESP32-S3:active=955.57,idle=0.00,sleep=484.43,peak=0.00 | nRF24L01+:active=1010.65,idle=44.68,sleep=384.67,peak=0.00",1,0.07454967679785263,NORMAL
1488,1,BME280,3.3,60,60.0,0.0,0.0,0.0,0.0,0.0,,0.0,"BME280:active=60.00,idle=0.00,sleep=0.00,peak=0.00",1,0.20809052361625596,NORMAL
1489,3,Raspberry Pi Pico + BME280 + Arduino Uno / ATmega328P,4.15,60,40.0,20.0,0.0,0.0,1.3,0.0,,0.0,"Raspberry Pi Pico:active=0.00,idle=0.00,sleep=60.00,peak=0.00 | BME280:active=60.00,idle=0.00,sleep=0.00,peak=0.00 | Arduino Uno / ATmega328P:active=60.00,idle=0.00,sleep=0.00,peak=0.00",1,0.10014247383358371,NORMAL
1490,4,BMP280 + ESP32 + DHT22 / AM2302 + Raspberry Pi Pico,3.3,60,39.24766404672329,19.67754420121257,0.1365189557639885,8.316661639925941,0.9921813878643596,2.5,76.18041780054092,76.02309970638221,"BMP280:active=49.09,idle=3.75,sleep=7.16,peak=0.00 | ESP32:active=48.45,idle=0.00,sleep=11.55,peak=0.00 | DHT22 / AM2302:active=59.45,idle=0.00,sleep=0.00,peak=0.55 | Raspberry Pi Pico:active=0.00,idle=0.00,sleep=60.00,peak=0.00",1,0.1065233858156705,NORMAL
1491,2,MPU6050 + Raspberry Pi Pico,3.3,720,265.13072052733907,450.0952863104095,0.0,3.9,1.0417815229900569,0.0,165.32280961740915,165.36431464646796,"MPU6050:active=530.26,idle=9.55,sleep=180.19,peak=0.00 | Raspberry Pi Pico:active=0.00,idle=0.00,sleep=720.00,peak=0.00",1,0.09515336123141305,NORMAL
1492,4,Raspberry Pi Pico + DHT22 / AM2302 + BMP280 + Arduino Uno / ATmega328P,3.3,720,442.1968517275347,277.4341522219059,0.0,0.0,0.843478503064934,0.0,,0.0,"Raspberry Pi Pico:active=0.00,idle=0.00,sleep=720.00,peak=0.00 | DHT22 / AM2302:active=720.00,idle=0.00,sleep=0.00,peak=0.00 | BMP280:active=328.79,idle=1.48,sleep=389.74,peak=0.00 | Arduino Uno / ATmega328P:active=720.00,idle=0.00,sleep=0.00,peak=0.00",1,0.1061030493912496,NORMAL
1493,1,HC-05,3.3,120,115.69048772568054,0.0,0.0,30.0,0.0,0.0,192.78549014807348,199.5150340466201,"HC-05:active=115.69,idle=4.31,sleep=0.00,peak=0.00",1,0.18644722952445425,NORMAL
1494,4,SSD1306 OLED controller + nRF24L01+ + HC-05 + BME280,3.3,360,182.96573748417967,161.15543806823644,0.0,0.0,0.0059820500370159,0.0,,0.0,"SSD1306 OLED controller:active=0.00,idle=0.00,sleep=360.00,peak=0.00 | nRF24L01+:active=52.77,idle=22.60,sleep=284.62,peak=0.00 | HC-05:active=319.09,idle=40.91,sleep=0.00,peak=0.00 | BME280:active=360.00,idle=0.00,sleep=0.00,peak=0.00",1,0.18923126818879582,NORMAL
1495,2,HC-SR501 + Arduino Uno / ATmega328P,5.0,360,360.0,0.0,0.0,0.0,0.0,0.0,,0.0,"HC-SR501:active=360.00,idle=0.00,sleep=0.00,peak=0.00 | Arduino Uno / ATmega328P:active=360.00,idle=0.00,sleep=0.00,peak=0.00",1,0.13191669181625854,NORMAL
1496,1,Arduino Uno / ATmega328P,5.0,1440,1440.0,0.0,0.0,0.0,0.0,0.0,,0.0,"Arduino Uno / ATmega328P:active=1440.00,idle=0.00,sleep=0.00,peak=0.00",1,0.03595125313074754,NORMAL
1497,3,HC-SR04 + MPU6050 + Raspberry Pi Pico,4.15,360,117.34076759944156,185.29478961832288,0.0,11.501044239301557,0.8454255417481669,0.0,329.0074268937074,326.8776894707332,"HC-SR04:active=241.06,idle=118.94,sleep=0.00,peak=0.00 | MPU6050:active=110.96,idle=53.15,sleep=195.88,peak=0.00 | Raspberry Pi Pico:active=0.00,idle=0.00,sleep=360.00,peak=0.00",1,0.09788726995368735,NORMAL
1498,1,Arduino Uno / ATmega328P,5.0,60,60.0,0.0,0.0,0.0,0.0,0.0,,0.0,"Arduino Uno / ATmega328P:active=60.00,idle=0.00,sleep=0.00,peak=0.00",1,0.143611958627068,NORMAL
1499,1,ESP32-S3,3.3,1440,1100.7785897972724,335.88043983547595,3.340970367251721,91.7,0.0069999999999999,355.0,5617.13857803247,5458.192412151888,"ESP32-S3:active=1100.78,idle=0.00,sleep=335.88,peak=3.34",-1,-0.11637265300922006,ANOMALY
1500,3,MPU6050 + ESP32 + Raspberry Pi Pico,3.3,360,71.03606783333612,286.71880135219953,0.0,14.687782259240883,0.5493721601852399,0.0,198.14666021821424,202.63624811196647,"MPU6050:active=98.04,idle=6.74,sleep=255.22,peak=0.00 | ESP32:active=115.06,idle=0.00,sleep=244.94,peak=0.00 | Raspberry Pi Pico:active=0.00,idle=0.00,sleep=360.00,peak=0.00",1,0.14636352249368223,NORMAL
